Customer_ID,Income,Age,Marital_Status,Education_Level,Kidhome,Teenhome,Customer_Join_Date,Customer_Names,ROI,Impressions,CPC,CAC,Clicks
1,58138,63,Single,Graduation,0,0,2017-06-05 10:59:23,Ali Khan,0,3500,14.05853659,576.4,200
2,46344,66,Single,Graduation,1,1,2018-12-07 10:59:23,Ayesha Malik,0,2500,1.166666667,7,25
3,71613,55,Together,Graduation,0,0,2018-05-22 10:59:23,Hassan Raza,0,2800,5.114982578,209.7142857,280
4,26646,36,Together,Graduation,1,0,2018-11-11 10:59:23,Fatima Javed,0,4200,1.246753247,13.71428571,70
5,58293,39,Married,PhD,1,0,2018-10-20 10:59:23,Zain Ahmed,0,3500,4.472527473,116.2857143,175
6,62513,53,Together,Master,0,1,2018-06-10 10:59:23,Sana Tariq,0,3000,8.787096774,272.4,150
7,55635,49,Divorced,Graduation,0,1,2017-08-14 10:59:23,Umar Farooq,0,4200,4.468253968,160.8571429,245
8,33454,35,Married,PhD,1,0,2018-02-06 10:59:23,Nadia Iqbal,0,5600,1.986394558,41.71428571,140
9,30351,46,Together,PhD,1,0,2018-03-07 10:59:23,Bilal Hussain,0,4500,1.0625,17,75
10,5648,70,Together,PhD,1,1,2018-12-12 10:59:23,Hina Shah,1,10000,1.183333333,7.1,25
11,7500,44,Married,Basic,0,0,2017-08-14 10:59:23,Kamran Aslam,0,4000,1.145454545,12.6,50
12,63033,61,Divorced,Graduation,0,0,2018-08-16 10:59:23,Rabia Noor,0,1400,19.14285714,306.2857143,105
13,59354,68,Divorced,Master,1,1,2018-08-16 10:59:23,Tariq Mehmood,0,4200,2.728110599,84.57142857,210
14,17323,33,Married,Graduation,0,0,2017-07-11 10:59:23,Saima Gul,0,5600,1.952380952,11.71428571,35
15,82800,74,Single,PhD,0,0,2017-08-25 10:59:23,Shahzad Anwar,2,2100,3.35978836,120.952381,245
16,41850,40,Married,Graduation,1,1,2017-09-24 10:59:23,Mariam Yousaf,0,5600,1.642857143,26.28571429,105
17,37760,74,Together,Graduation,0,0,2017-06-01 10:59:23,Imran Qureshi,0,4900,3.931972789,82.57142857,140
18,76995,71,Married,Master,0,1,2017-12-27 10:59:23,Bushra Ansari,1,3000,4.779761905,267.6666667,330
19,33812,35,Single,2n Cycle,1,0,2017-08-04 10:59:23,Naveed Akhtar,0,4200,2.441558442,26.85714286,70
20,37040,38,Married,Graduation,0,0,2017-05-09 10:59:23,Asma Zafar,0,5600,3.646258503,76.57142857,140
21,2447,41,Married,Graduation,1,0,2017-10-07 10:59:23,Ali Khan,0,300,1151.333333,1151.333333,0
22,58607,71,Married,PhD,0,1,2017-09-23 10:59:23,Ayesha Malik,1,3200,21.65909091,238.25,40
23,65324,66,Married,PhD,0,1,2018-10-12 10:59:23,Hassan Raza,0,2400,5.795698925,179.6666667,180
24,40689,69,Together,Graduation,0,1,2017-12-17 10:59:23,Fatima Javed,0,5600,2.738095238,98.57142857,245
25,18589,51,Single,Graduation,0,0,2017-10-03 10:59:23,Zain Ahmed,0,4900,1.61038961,17.71428571,70
26,53359,44,Married,Graduation,1,1,2018-02-25 10:59:23,Sana Tariq,0,4900,2.373626374,61.71428571,175
27,38360,31,Married,Graduation,1,0,2018-03-01 10:59:23,Umar Farooq,0,2100,3.142857143,34.57142857,70
28,84618,55,Married,PhD,0,0,2018-08-23 10:59:23,Nadia Iqbal,1,1200,8.989247312,278.6666667,180
29,10979,31,Divorced,Master,0,0,2019-02-20 10:59:23,Bilal Hussain,0,2500,0.575,9.2,75
30,38620,57,Together,Master,0,0,2018-02-09 10:59:23,Hina Shah,0,2100,5.948051948,65.42857143,70
31,40548,50,Together,Graduation,0,1,2017-07-11 10:59:23,Kamran Aslam,1,2500,2.127272727,23.4,50
32,46610,68,Divorced,PhD,0,2,2017-07-30 10:59:23,Rabia Noor,0,3600,3.349206349,70.33333333,120
33,68657,74,Married,Master,0,0,2017-11-21 10:59:23,Tariq Mehmood,0,4900,20.96428571,335.4285714,105
34,49389,69,Single,Master,1,1,2018-05-30 10:59:23,Saima Gul,0,4200,1.878787879,20.66666667,60
35,67353,50,Married,PhD,0,1,2018-10-01 10:59:23,Shahzad Anwar,0,1200,11.25641026,292.6666667,150
36,23718,44,Married,2n Cycle,1,0,2018-06-03 10:59:23,Mariam Yousaf,0,4900,0.803571429,12.85714286,105
37,42429,47,Widow,Graduation,0,1,2018-11-12 10:59:23,Imran Qureshi,0,2500,4.2,25.2,25
38,48948,77,Divorced,PhD,0,0,2017-11-02 10:59:23,Bushra Ansari,1,4200,3.412698413,122.8571429,245
39,80011,40,Married,Graduation,0,1,2018-01-28 10:59:23,Naveed Akhtar,0,2800,9.010452962,369.4285714,280
40,20559,35,Married,Master,1,0,2017-12-11 10:59:23,Asma Zafar,0,4800,1.393939394,15.33333333,60
41,21994,63,Together,Graduation,0,1,2017-09-24 10:59:23,Ali Khan,0,2500,7,7,0
42,7500,45,Married,Master,1,0,2018-07-03 10:59:23,Ayesha Malik,0,3000,0.53030303,5.833333333,60
43,79941,44,Single,Graduation,0,0,2019-03-29 10:59:23,Hassan Raza,0,700,21.03896104,231.4285714,70
44,7500,24,Married,2n Cycle,0,0,2017-08-10 10:59:23,Fatima Javed,0,5400,1.270833333,20.33333333,90
45,41728,52,Together,Graduation,1,0,2018-02-22 10:59:23,Zain Ahmed,0,6000,1.075757576,11.83333333,60
46,72550,66,Married,PhD,1,1,2017-08-09 10:59:23,Sana Tariq,0,4000,19.03076923,494.8,125
47,65486,63,Widow,Graduation,0,1,2019-02-10 10:59:23,Umar Farooq,0,1400,6.707482993,140.8571429,140
48,79143,56,Married,Master,0,0,2017-05-12 10:59:23,Nadia Iqbal,0,2100,15.30875576,474.5714286,210
49,35790,43,Single,Graduation,1,0,2017-10-03 10:59:23,Bilal Hussain,0,4900,1.792207792,19.71428571,70
50,82582,43,Divorced,Graduation,0,0,2019-03-08 10:59:23,Hina Shah,2,700,6.240362812,131.047619,140
51,66373,42,Married,Graduation,1,1,2018-03-13 10:59:23,Kamran Aslam,0,2100,6.761904762,142,140
52,82384,65,Together,Master,0,0,2017-08-20 10:59:23,Rabia Noor,1,700,15.77678571,252.4285714,105
53,70287,54,Divorced,Graduation,0,0,2018-01-01 10:59:23,Tariq Mehmood,0,2100,11.57142857,300.8571429,175
54,27938,32,Single,Graduation,1,0,2019-01-27 10:59:23,Saima Gul,0,1800,1.333333333,8,30
55,55954,52,Married,PhD,0,1,2018-12-02 10:59:23,Shahzad Anwar,0,2800,5.792682927,237.5,160
56,75777,38,Single,Master,0,0,2018-04-04 10:59:23,Mariam Yousaf,2,700,8.083333333,129.3333333,105
57,66653,45,Together,Graduation,1,1,2017-06-08 10:59:23,Imran Qureshi,0,1800,9.476190476,199,120
58,61823,68,Single,Graduation,0,1,2017-11-19 10:59:23,Bushra Ansari,0,4900,4.982578397,204.2857143,280
59,67680,69,Widow,PhD,0,1,2018-03-12 10:59:23,Naveed Akhtar,0,2000,8.291666667,298.5,140
60,70666,72,Together,Graduation,0,0,2018-09-06 10:59:23,Asma Zafar,0,2800,8.301587302,298.8571429,245
61,25721,49,Married,Graduation,1,0,2018-02-19 10:59:23,Ali Khan,0,3500,0.966666667,5.8,25
62,32474,53,Together,Graduation,1,1,2019-02-09 10:59:23,Ayesha Malik,0,2100,1.222222222,7.333333333,15
63,88194,41,Single,2n Cycle,0,1,2018-12-18 10:59:23,Hassan Raza,2,3500,2.102040816,117.7142857,385
64,69096,62,Together,Graduation,0,1,2018-06-28 10:59:23,Fatima Javed,0,2800,5.978021978,155.4285714,175
65,74854,50,Together,Graduation,1,2,2018-01-07 10:59:23,Zain Ahmed,0,3500,38.67532468,425.4285714,70
66,66991,66,Married,Master,0,0,2017-06-12 10:59:23,Sana Tariq,0,2100,16.88435374,354.5714286,140
67,65031,61,Married,Graduation,0,1,2017-12-16 10:59:23,Umar Farooq,0,4900,4.352941176,222,350
68,60631,45,Married,PhD,1,1,2018-01-04 10:59:23,Nadia Iqbal,1,3500,2.77826087,127.8,225
69,28332,68,Married,Graduation,0,0,2019-01-29 10:59:23,Bilal Hussain,0,1400,1.454545455,16,70
70,40246,43,Divorced,Graduation,1,0,2017-09-19 10:59:23,Hina Shah,0,2400,0.833333333,5,20
71,75251,48,Married,Master,0,0,2017-05-28 10:59:23,Kamran Aslam,0,3000,17.25,621,210
72,75825,44,Single,Graduation,0,0,2017-07-13 10:59:23,Rabia Noor,1,2400,13.49679487,350.9166667,150
73,26326,44,Together,2n Cycle,0,0,2018-06-05 10:59:23,Tariq Mehmood,0,1200,4.5,4.5,0
74,56046,55,Together,Graduation,0,0,2017-10-03 10:59:23,Saima Gul,1,3200,3.142156863,160.25,200
75,29760,35,Single,Graduation,1,0,2017-05-30 10:59:23,Shahzad Anwar,0,5600,2.642857143,42.28571429,105
76,26304,51,Married,Graduation,1,0,2018-03-24 10:59:23,Mariam Yousaf,0,3500,0.666666667,4,25
77,23559,47,Married,2n Cycle,1,0,2018-04-03 10:59:23,Imran Qureshi,0,4200,1.166666667,18.66666667,90
78,38620,57,Together,Master,0,0,2018-02-09 10:59:23,Bushra Ansari,0,2100,5.948051948,65.42857143,70
79,81361,33,Divorced,Graduation,0,0,2018-11-26 10:59:23,Naveed Akhtar,0,700,12.53571429,200.5714286,105
80,29440,60,Married,Graduation,1,1,2018-05-12 10:59:23,Asma Zafar,0,4900,2.523809524,15.14285714,35
81,36138,50,Married,Master,1,1,2018-04-16 10:59:23,Ali Khan,1,2800,2.28125,36.5,60
82,50388,63,Single,Graduation,0,1,2019-02-26 10:59:23,Ayesha Malik,2,4200,1.211469534,37.55555556,180
83,79593,47,Married,Graduation,0,0,2019-02-10 10:59:23,Hassan Raza,1,1400,6.708791209,174.4285714,175
84,54178,53,Together,Graduation,0,1,2018-10-22 10:59:23,Fatima Javed,0,1200,5.666666667,62.33333333,60
85,42394,48,Single,Master,1,0,2018-12-22 10:59:23,Zain Ahmed,0,4200,1.555555556,9.333333333,30
86,23626,50,Married,PhD,1,0,2019-02-22 10:59:23,Sana Tariq,0,2000,1.34375,21.5,60
87,30096,37,Married,Graduation,1,0,2019-02-20 10:59:23,Umar Farooq,0,3600,1.015151515,11.16666667,60
88,47916,60,Widow,Graduation,0,1,2017-08-23 10:59:23,Nadia Iqbal,1,2400,3.6875,132.75,140
89,51813,48,Divorced,Graduation,1,1,2018-01-10 10:59:23,Bilal Hussain,0,3500,2.181818182,24,50
90,78497,69,Married,2n Cycle,0,0,2018-09-01 10:59:23,Hina Shah,1,1200,4.83974359,125.8333333,150
91,50150,37,Married,PhD,0,0,2018-03-21 10:59:23,Kamran Aslam,0,3500,4.384615385,114,175
92,47823,60,Single,2n Cycle,0,1,2018-04-23 10:59:23,Rabia Noor,0,4800,1.863636364,20.5,60
93,34554,61,Single,PhD,0,1,2018-12-29 10:59:23,Tariq Mehmood,0,3600,1.515151515,16.66666667,60
94,85693,41,Together,Graduation,0,1,2018-01-19 10:59:23,Saima Gul,0,3500,6.571428571,302.2857143,315
95,65846,75,Married,PhD,0,0,2018-02-15 10:59:23,Shahzad Anwar,0,2400,10.73655914,332.8333333,180
96,87195,61,Married,Graduation,0,0,2019-02-06 10:59:23,Mariam Yousaf,0,700,18.91071429,302.5714286,105
97,24594,41,Together,Basic,1,0,2018-09-10 10:59:23,Imran Qureshi,0,3000,1.111111111,6.666666667,30
98,49096,56,Married,Graduation,1,1,2018-06-25 10:59:23,Bushra Ansari,0,4200,2.849206349,59.83333333,120
99,52413,51,Married,Graduation,0,2,2017-11-03 10:59:23,Naveed Akhtar,0,4200,7.788018433,241.4285714,210
100,38557,42,Single,Graduation,1,0,2017-09-19 10:59:23,Asma Zafar,0,4200,2.416666667,38.66666667,90
101,89058,60,Married,Master,0,0,2017-09-07 10:59:23,Ali Khan,0,1400,8.868131868,230.5714286,175
102,77298,41,Together,Graduation,0,1,2018-08-03 10:59:23,Ayesha Malik,0,2100,8.202764977,254.2857143,210
103,68126,29,Single,PhD,0,0,2017-08-11 10:59:23,Hassan Raza,1,6300,6.880952381,247.7142857,245
104,57288,57,Together,Master,0,1,2019-03-26 10:59:23,Fatima Javed,1,2400,3.341463415,137,160
105,86037,29,Single,Graduation,0,0,2017-10-03 10:59:23,Zain Ahmed,2,2100,2.175115207,67.42857143,210
106,43974,40,Married,PhD,1,0,2017-09-12 10:59:23,Sana Tariq,0,2800,7.725806452,239.5,120
107,50785,58,Single,Graduation,1,1,2018-06-11 10:59:23,Umar Farooq,0,3000,3.145454545,34.6,50
108,90765,50,Married,Graduation,0,0,2018-10-25 10:59:23,Nadia Iqbal,2,700,7.66893424,161.047619,140
109,36550,42,Married,2n Cycle,1,0,2017-11-20 10:59:23,Bilal Hussain,0,6300,2.838509317,130.5714286,315
110,30753,53,Together,2n Cycle,1,1,2018-04-11 10:59:23,Hina Shah,0,3000,2.833333333,17,30
111,21918,51,Together,Graduation,1,0,2018-08-15 10:59:23,Kamran Aslam,0,4200,0.779220779,8.571428571,70
112,56129,67,Together,Master,0,1,2018-03-21 10:59:23,Rabia Noor,0,2400,6.322580645,196,180
113,32557,53,Single,Master,1,0,2018-11-25 10:59:23,Tariq Mehmood,0,3000,2.121212121,23.33333333,60
114,19510,35,Married,Master,2,0,2018-06-05 10:59:23,Saima Gul,0,3500,1.3,7.8,25
115,30992,44,Divorced,Graduation,1,0,2018-01-21 10:59:23,Shahzad Anwar,0,4200,2.277777778,13.66666667,30
116,101970,37,Single,Graduation,0,0,2017-12-11 10:59:23,Mariam Yousaf,3,1400,2.228110599,69.07142857,210
117,71488,55,Together,2n Cycle,0,0,2017-11-19 10:59:23,Imran Qureshi,0,700,6.910714286,110.5714286,105
118,79607,36,Single,Graduation,0,0,2018-01-20 10:59:23,Bushra Ansari,0,600,35.5625,569,90
119,54348,67,Married,Master,1,1,2019-03-09 10:59:23,Naveed Akhtar,0,2400,3.909090909,43,40
120,77376,64,Together,PhD,1,1,2019-02-08 10:59:23,Asma Zafar,0,2400,6.913978495,214.3333333,180
121,62998,68,Married,Graduation,0,1,2018-07-01 10:59:23,Ali Khan,0,3000,4.820512821,125.3333333,150
122,61331,62,Single,Master,1,1,2017-12-09 10:59:23,Ayesha Malik,0,4000,4.203571429,235.4,275
123,73448,51,Married,Graduation,0,0,2018-11-11 10:59:23,Hassan Raza,0,2800,4.722222222,170,245
124,41551,56,Married,PhD,1,1,2018-05-15 10:59:23,Fatima Javed,0,4000,3.938461538,102.4,125
125,62981,53,Together,PhD,0,0,2017-12-16 10:59:23,Zain Ahmed,1,1800,11.76190476,247,120
126,9548,44,Divorced,Basic,1,0,2017-05-09 10:59:23,Sana Tariq,0,4800,1.111111111,6.666666667,30
127,33762,61,Married,PhD,2,1,2018-04-07 10:59:23,Umar Farooq,0,4800,2.727272727,30,60
128,35860,47,Single,PhD,1,1,2019-02-17 10:59:23,Nadia Iqbal,1,3000,0.805555556,4.833333333,30
129,36921,55,Divorced,PhD,1,1,2018-04-28 10:59:23,Bilal Hussain,0,4200,1.015151515,11.16666667,60
130,92859,28,Single,Master,0,0,2017-07-20 10:59:23,Hina Shah,0,1200,25.98076923,675.5,150
131,65104,44,Together,Master,0,1,2018-08-15 10:59:23,Kamran Aslam,0,4200,20.89583333,334.3333333,90
132,86111,58,Married,Graduation,0,0,2018-01-18 10:59:23,Rabia Noor,0,1400,13.83516484,359.7142857,175
133,68352,46,Single,PhD,0,1,2018-05-29 10:59:23,Tariq Mehmood,0,3600,6.678861789,273.8333333,240
134,41883,32,Together,Graduation,1,0,2017-12-18 10:59:23,Saima Gul,0,4900,2.666666667,56,140
135,59809,44,Married,Graduation,0,2,2017-07-19 10:59:23,Shahzad Anwar,0,5600,14.78571429,236.5714286,105
136,23957,45,Married,Graduation,1,0,2017-07-29 10:59:23,Mariam Yousaf,0,4200,1.350649351,14.85714286,70
137,38547,39,Together,Graduation,1,0,2018-05-29 10:59:23,Imran Qureshi,0,4000,1.166666667,7,25
138,35688,47,Married,2n Cycle,2,1,2017-05-23 10:59:23,Bushra Ansari,0,5600,2.43537415,51.14285714,140
139,49605,54,Married,Master,0,0,2019-03-22 10:59:23,Naveed Akhtar,0,2100,3.090909091,34,70
140,59354,67,Married,Master,0,2,2019-01-23 10:59:23,Asma Zafar,0,1800,6.976190476,146.5,120
141,65747,51,Married,Graduation,0,1,2018-12-06 10:59:23,Ali Khan,1,3600,1.790650407,73.41666667,240
142,46344,48,Together,2n Cycle,0,1,2017-09-14 10:59:23,Ayesha Malik,0,4200,3.037037037,109.3333333,210
143,34176,32,Single,Graduation,1,0,2019-02-10 10:59:23,Hassan Raza,0,4200,1.232142857,19.71428571,105
144,61010,68,Together,PhD,0,1,2017-07-10 10:59:23,Fatima Javed,0,2000,11.52439024,472.5,160
145,69372,71,Together,Graduation,0,0,2017-11-20 10:59:23,Zain Ahmed,2,2800,2.500466853,127.5238095,350
146,49967,62,Single,Graduation,0,1,2018-04-08 10:59:23,Sana Tariq,0,4900,2.792626728,86.57142857,210
147,60199,42,Single,Graduation,1,2,2018-06-13 10:59:23,Umar Farooq,0,2000,7.2,7.2,0
148,55375,43,Together,Graduation,0,1,2018-07-18 10:59:23,Nadia Iqbal,0,1400,7.047619048,42.28571429,35
149,80317,65,Single,Graduation,0,0,2018-05-21 10:59:23,Bilal Hussain,0,700,20.96428571,335.4285714,105
150,30523,62,Single,Master,2,1,2018-04-01 10:59:23,Hina Shah,0,1400,0.666666667,4,10
151,70356,75,Married,PhD,0,0,2017-08-06 10:59:23,Kamran Aslam,0,3600,10.88235294,555,300
152,23228,36,Married,Graduation,1,0,2018-10-06 10:59:23,Rabia Noor,0,5600,2.071428571,33.14285714,105
153,74165,45,Divorced,PhD,0,0,2018-01-30 10:59:23,Tariq Mehmood,0,1000,19.52307692,507.6,125
154,43482,54,Together,Graduation,2,1,2018-08-14 10:59:23,Saima Gul,0,3600,1.333333333,14.66666667,60
155,62551,67,Divorced,Graduation,0,0,2018-08-19 10:59:23,Shahzad Anwar,1,2100,1.815668203,56.28571429,210
156,52332,61,Divorced,Graduation,0,0,2018-05-29 10:59:23,Mariam Yousaf,1,2400,2.677083333,42.83333333,90
157,66951,32,Single,Graduation,0,0,2018-08-03 10:59:23,Imran Qureshi,0,700,17.73214286,283.7142857,105
158,26091,63,Together,Graduation,1,1,2018-11-26 10:59:23,Bushra Ansari,0,3500,1.792207792,19.71428571,70
159,33456,55,Together,Graduation,1,1,2019-01-20 10:59:23,Naveed Akhtar,0,4200,1.416666667,8.5,30
160,28718,38,Married,Graduation,1,0,2018-04-13 10:59:23,Asma Zafar,0,5600,1.064935065,11.71428571,70
161,50447,50,Married,Graduation,2,0,2019-01-20 10:59:23,Ali Khan,0,4200,2.160714286,34.57142857,105
162,53537,61,Together,PhD,1,1,2018-10-31 10:59:23,Ayesha Malik,0,1000,3.954545455,43.5,20
163,52074,53,Single,Graduation,0,1,2019-01-03 10:59:23,Hassan Raza,1,1600,1.613636364,17.75,40
164,80427,45,Married,PhD,0,1,2017-06-13 10:59:23,Fatima Javed,0,3000,10.55654762,591.1666667,330
165,83837,72,Married,PhD,0,0,2017-09-16 10:59:23,Zain Ahmed,2,2800,2.498964803,114.952381,315
166,38853,50,Married,PhD,1,1,2019-02-21 10:59:23,Sana Tariq,0,2800,1.954545455,21.5,40
167,38285,61,Together,Graduation,2,1,2019-03-25 10:59:23,Umar Farooq,0,800,4,4,0
168,78497,69,Married,2n Cycle,0,0,2018-09-01 10:59:23,Nadia Iqbal,1,1200,4.83974359,125.8333333,150
169,51650,44,Married,PhD,0,1,2019-02-09 10:59:23,Bilal Hussain,0,3500,2.503401361,52.57142857,140
170,16248,32,Married,2n Cycle,1,0,2019-02-08 10:59:23,Hina Shah,0,3600,1.272727273,14,60
171,66835,74,Married,Master,0,0,2018-06-29 10:59:23,Kamran Aslam,0,1400,8.221198157,254.8571429,210
172,30477,36,Married,Master,1,0,2018-10-23 10:59:23,Rabia Noor,0,3000,3.6,21.6,25
173,28249,59,Married,Basic,0,0,2019-03-16 10:59:23,Tariq Mehmood,0,4200,0.857142857,9.428571429,70
174,25271,37,Married,Graduation,1,0,2017-09-05 10:59:23,Saima Gul,0,5400,2.111111111,12.66666667,30
175,32303,50,Single,PhD,0,1,2018-12-07 10:59:23,Shahzad Anwar,0,1000,3.083333333,18.5,10
176,61286,54,Married,Graduation,0,1,2018-05-03 10:59:23,Mariam Yousaf,0,3000,4.546296296,163.6666667,210
177,74068,44,Married,Graduation,0,0,2017-12-18 10:59:23,Imran Qureshi,0,1400,21.30612245,447.4285714,140
178,45759,56,Married,PhD,1,1,2017-11-24 10:59:23,Bushra Ansari,0,4200,1.939393939,21.33333333,60
179,24882,42,Together,Basic,1,0,2017-06-10 10:59:23,Naveed Akhtar,1,3600,1.222222222,7.333333333,30
180,66973,31,Together,PhD,0,0,2018-02-15 10:59:23,Asma Zafar,0,2100,8.222996516,337.1428571,280
181,38872,32,Married,Graduation,1,0,2018-02-28 10:59:23,Ali Khan,0,4800,1.40625,22.5,90
182,51148,47,Married,Graduation,1,1,2017-11-19 10:59:23,Ayesha Malik,0,4200,3.32967033,86.57142857,175
183,31353,43,Married,Graduation,1,1,2018-09-29 10:59:23,Hassan Raza,0,4000,1.266666667,7.6,25
184,69661,40,Married,Master,0,0,2019-02-11 10:59:23,Fatima Javed,0,1800,7.574074074,272.6666667,210
185,80067,66,Married,Graduation,0,0,2018-06-20 10:59:23,Zain Ahmed,1,1400,10.53741497,221.2857143,140
186,86718,66,Married,Graduation,0,0,2017-10-18 10:59:23,Sana Tariq,0,1400,12.06593407,313.7142857,175
187,46854,47,Single,PhD,1,1,2018-12-30 10:59:23,Umar Farooq,1,4000,1.107692308,28.8,125
188,69142,68,Divorced,Graduation,0,1,2019-03-30 10:59:23,Nadia Iqbal,1,3000,2.008130081,82.33333333,240
189,75922,52,Single,Graduation,0,0,2018-09-09 10:59:23,Bilal Hussain,0,700,16.36734694,343.7142857,140
190,63693,42,Divorced,Graduation,0,1,2018-07-15 10:59:23,Hina Shah,0,4200,5.591836735,313.1428571,385
191,102160,43,Together,PhD,0,0,2017-08-03 10:59:23,Kamran Aslam,3,2800,2.345238095,84.42857143,245
192,40637,55,Single,PhD,1,1,2018-04-17 10:59:23,Rabia Noor,0,2800,2.916666667,17.5,20
193,18890,36,Single,Master,0,0,2017-08-11 10:59:23,Tariq Mehmood,1,4200,2.857142857,2.857142857,0
194,29604,32,Together,Graduation,1,0,2018-09-08 10:59:23,Saima Gul,1,4500,1.083333333,6.5,25
195,48721,57,Divorced,Master,1,1,2018-02-11 10:59:23,Shahzad Anwar,0,4200,3.700680272,77.71428571,140
196,44794,54,Married,Graduation,0,1,2019-03-09 10:59:23,Mariam Yousaf,0,2400,2.772727273,30.5,40
197,64497,66,Divorced,Graduation,0,1,2017-06-11 10:59:23,Imran Qureshi,1,5600,4.112244898,230.2857143,385
198,46097,64,Together,Graduation,0,1,2017-12-30 10:59:23,Bushra Ansari,0,2800,4.160714286,66.57142857,105
199,77972,66,Together,Graduation,0,0,2018-12-17 10:59:23,Naveed Akhtar,0,700,14.81632653,311.1428571,140
200,44377,52,Married,PhD,1,1,2017-07-06 10:59:23,Asma Zafar,0,3200,4.884615385,127,100
201,46014,46,Together,Master,1,1,2017-10-22 10:59:23,Ali Khan,0,4200,4.601851852,165.6666667,210
202,70951,35,Married,Graduation,0,0,2018-02-02 10:59:23,Ayesha Malik,0,700,20.42857143,326.8571429,105
203,41443,43,Married,Graduation,1,0,2018-12-31 10:59:23,Hassan Raza,0,4800,2.5,102.5,240
204,52195,42,Single,2n Cycle,2,1,2019-02-10 10:59:23,Fatima Javed,0,3200,1.333333333,8,20
205,83790,72,Married,Master,0,0,2018-08-16 10:59:23,Zain Ahmed,2,1800,4.311653117,176.7777778,240
206,44551,66,Widow,Master,0,1,2018-06-01 10:59:23,Sana Tariq,0,3500,4.171428571,87.6,100
207,69508,40,Together,Graduation,1,0,2017-08-15 10:59:23,Umar Farooq,0,3600,6.404761905,358.6666667,330
208,45204,32,Together,2n Cycle,1,0,2019-01-10 10:59:23,Nadia Iqbal,0,2100,4.571428571,27.42857143,35
209,72460,51,Married,Graduation,0,0,2018-08-15 10:59:23,Bilal Hussain,0,600,21.5,344,90
210,77622,50,Together,PhD,0,2,2019-01-13 10:59:23,Hina Shah,0,1800,7.52688172,233.3333333,180
211,30732,40,Married,PhD,1,0,2017-10-06 10:59:23,Kamran Aslam,0,4000,3.457142857,72.6,100
212,63887,58,Divorced,Graduation,0,1,2017-06-09 10:59:23,Rabia Noor,0,4200,7.161490683,329.4285714,315
213,42011,42,Together,Graduation,1,0,2017-12-25 10:59:23,Tariq Mehmood,0,4800,3.125,50,90
214,51369,44,Together,Graduation,0,1,2017-07-26 10:59:23,Saima Gul,0,4800,3.203252033,131.3333333,240
215,51537,68,Divorced,Graduation,0,1,2017-09-09 10:59:23,Shahzad Anwar,0,4000,36.76363636,404.4,50
216,79930,48,Married,PhD,0,0,2017-05-09 10:59:23,Mariam Yousaf,0,1400,31,496,105
217,34320,34,Together,PhD,1,0,2018-11-17 10:59:23,Imran Qureshi,0,4000,1.133333333,6.8,25
218,37070,54,Single,Graduation,1,1,2017-12-19 10:59:23,Bushra Ansari,0,4900,4.32967033,112.5714286,175
219,81975,58,Divorced,2n Cycle,0,1,2017-10-06 10:59:23,Naveed Akhtar,1,4900,7.193548387,223,210
220,38590,49,Together,Graduation,1,0,2018-02-13 10:59:23,Asma Zafar,0,4000,1.066666667,6.4,25
221,15033,69,Single,Graduation,0,0,2019-01-15 10:59:23,Ali Khan,0,1200,1.083333333,6.5,20
222,62745,55,Married,PhD,0,1,2017-12-22 10:59:23,Ayesha Malik,0,3500,8.611111111,310,245
223,22212,45,Married,2n Cycle,1,0,2018-09-09 10:59:23,Hassan Raza,0,4200,1.246753247,13.71428571,70
224,23661,38,Together,Master,1,0,2018-09-04 10:59:23,Fatima Javed,0,2800,1.833333333,11,20
225,79761,62,Single,PhD,0,1,2018-07-05 10:59:23,Zain Ahmed,0,2100,6.527472527,169.7142857,175
226,7500,47,Single,Graduation,1,0,2018-09-26 10:59:23,Sana Tariq,0,4900,0.660714286,10.57142857,105
227,73455,52,Widow,Graduation,0,0,2018-07-29 10:59:23,Umar Farooq,1,2100,9.529953917,295.4285714,210
228,64961,62,Together,Graduation,0,1,2017-09-23 10:59:23,Nadia Iqbal,0,2100,8.949308756,277.4285714,210
229,22804,49,Single,Graduation,1,0,2018-05-01 10:59:23,Bilal Hussain,0,4500,0.872727273,9.6,50
230,73687,30,Married,Graduation,0,0,2018-08-29 10:59:23,Hina Shah,1,1400,12.91071429,206.5714286,105
231,61074,62,Married,Graduation,0,1,2017-05-18 10:59:23,Kamran Aslam,0,3500,6.785714286,380,275
232,31686,56,Married,PhD,1,1,2019-03-06 10:59:23,Rabia Noor,0,2400,1.333333333,8,20
233,80134,48,Married,Graduation,1,0,2018-02-18 10:59:23,Tariq Mehmood,3,3600,5.16025641,134.1666667,150
234,75027,67,Married,Graduation,0,1,2017-10-10 10:59:23,Saima Gul,0,3500,8.155279503,375.1428571,315
235,67546,32,Married,PhD,0,0,2017-06-01 10:59:23,Shahzad Anwar,0,2100,26.58503401,558.2857143,140
236,65176,51,Together,Master,0,1,2017-07-30 10:59:23,Mariam Yousaf,0,3600,10.33333333,475.3333333,270
237,31160,45,Single,Master,1,0,2018-06-17 10:59:23,Imran Qureshi,0,5600,1.324675325,14.57142857,70
238,29938,35,Single,Graduation,1,0,2018-07-28 10:59:23,Bushra Ansari,0,3000,0.9,5.4,25
239,102692,46,Divorced,Graduation,0,0,2018-01-04 10:59:23,Naveed Akhtar,4,1200,1.913978495,59.33333333,180
240,26490,62,Together,2n Cycle,0,0,2017-06-23 10:59:23,Asma Zafar,0,4200,3.303571429,52.85714286,105
241,75702,53,Together,Graduation,1,1,2017-05-30 10:59:23,Ali Khan,0,5600,15.21088435,319.4285714,140
242,30899,46,Single,PhD,1,0,2017-07-14 10:59:23,Ayesha Malik,0,2400,2.666666667,16,20
243,63342,59,Together,PhD,0,1,2017-07-17 10:59:23,Hassan Raza,1,3600,4.347560976,178.25,240
244,45989,56,Single,Graduation,0,1,2017-07-23 10:59:23,Fatima Javed,0,2100,5.535714286,88.57142857,105
245,18701,56,Single,Graduation,1,1,2018-03-05 10:59:23,Zain Ahmed,0,3000,0.878787879,9.666666667,60
246,40737,63,Single,PhD,2,1,2018-09-08 10:59:23,Sana Tariq,0,3200,1.25,7.5,20
247,15287,41,Divorced,Graduation,1,0,2017-07-11 10:59:23,Umar Farooq,1,4900,0.428571429,2.571428571,35
248,69674,52,Divorced,PhD,0,2,2018-02-20 10:59:23,Nadia Iqbal,0,3000,5.366013072,273.6666667,300
249,44159,50,Married,Master,1,0,2019-03-18 10:59:23,Bilal Hussain,0,3500,3.646258503,76.57142857,140
250,37717,42,Married,PhD,1,0,2017-08-24 10:59:23,Hina Shah,0,5400,1.111111111,6.666666667,30
251,43776,68,Together,Master,1,1,2017-11-04 10:59:23,Kamran Aslam,0,4800,3.256410256,84.66666667,150
252,38179,54,Married,Master,1,1,2017-12-13 10:59:23,Rabia Noor,0,4200,1.416666667,22.66666667,90
253,80124,57,Married,Graduation,0,0,2019-03-27 10:59:23,Tariq Mehmood,1,600,12.625,202,90
254,38097,50,Married,PhD,1,1,2017-07-16 10:59:23,Saima Gul,1,4200,1.197916667,19.16666667,90
255,72940,50,Married,Graduation,0,0,2018-03-20 10:59:23,Shahzad Anwar,0,700,15.44642857,247.1428571,105
256,22070,50,Together,Graduation,1,0,2018-07-05 10:59:23,Mariam Yousaf,0,4200,1.194805195,13.14285714,70
257,69267,67,Single,Graduation,0,0,2017-06-23 10:59:23,Imran Qureshi,0,4900,26.58928571,425.4285714,105
258,31788,37,Single,Master,1,0,2018-12-19 10:59:23,Bushra Ansari,0,3000,1.125,18,90
259,61905,45,Together,PhD,0,1,2018-11-05 10:59:23,Naveed Akhtar,0,3000,3.46031746,72.66666667,120
260,29315,60,Married,Graduation,1,1,2019-01-05 10:59:23,Asma Zafar,0,4200,1.142857143,12.57142857,70
261,33378,57,Divorced,Graduation,1,1,2017-11-07 10:59:23,Ali Khan,0,4900,2.311688312,25.42857143,70
262,66313,57,Together,PhD,0,1,2018-06-17 10:59:23,Ayesha Malik,0,2400,8.166666667,253.1666667,180
263,60714,64,Single,Graduation,0,0,2017-10-18 10:59:23,Hassan Raza,0,3000,6.611111111,238,210
264,77882,39,Together,Master,0,0,2019-01-29 10:59:23,Fatima Javed,0,700,14.33928571,229.4285714,105
265,69867,34,Single,PhD,0,0,2018-01-01 10:59:23,Zain Ahmed,1,600,9.072916667,145.1666667,90
266,63841,52,Divorced,Master,0,1,2018-01-20 10:59:23,Sana Tariq,0,4200,4.826086957,222,315
267,24480,39,Married,Basic,1,0,2017-11-12 10:59:23,Umar Farooq,0,4900,1.517857143,24.28571429,105
268,51369,44,Together,Graduation,0,1,2017-07-26 10:59:23,Nadia Iqbal,0,4800,3.203252033,131.3333333,240
269,37760,74,Together,Graduation,0,0,2017-06-01 10:59:23,Bilal Hussain,0,4900,3.931972789,82.57142857,140
270,65640,46,Together,PhD,0,1,2018-11-30 10:59:23,Hina Shah,0,1400,4.340659341,112.8571429,175
271,44319,45,Married,Master,1,1,2019-01-16 10:59:23,Kamran Aslam,0,2000,1.545454545,17,40
272,30631,46,Married,Graduation,1,0,2018-04-12 10:59:23,Rabia Noor,0,4200,0.833333333,13.33333333,90
273,75278,68,Together,Graduation,0,0,2017-10-30 10:59:23,Tariq Mehmood,0,1800,8.806451613,273,180
274,50898,64,Together,Master,1,1,2017-10-09 10:59:23,Saima Gul,0,3500,6.67281106,206.8571429,210
275,79946,54,Widow,Graduation,0,0,2019-02-10 10:59:23,Shahzad Anwar,0,2100,15.93406593,414.2857143,175
276,35416,71,Divorced,Master,0,0,2018-03-14 10:59:23,Mariam Yousaf,0,4800,3.125,112.5,210
277,32414,36,Together,2n Cycle,0,0,2018-04-04 10:59:23,Imran Qureshi,1,4200,1.111111111,6.666666667,30
278,38361,51,Together,Graduation,1,0,2018-09-27 10:59:23,Bushra Ansari,0,4200,2.5625,41,90
279,82497,40,Married,Graduation,0,0,2017-08-01 10:59:23,Naveed Akhtar,1,2800,22.28571429,245.1428571,70
280,16626,49,Together,Graduation,2,0,2018-10-16 10:59:23,Asma Zafar,0,6300,0.982142857,15.71428571,105
281,29672,55,Together,Graduation,1,1,2017-12-11 10:59:23,Ali Khan,0,3000,5,5,0
282,55951,68,Together,Master,0,1,2017-05-24 10:59:23,Ayesha Malik,2,4000,11.11666667,177.8666667,75
283,35388,32,Divorced,2n Cycle,1,0,2017-12-06 10:59:23,Hassan Raza,0,4200,1.222222222,7.333333333,30
284,42386,34,Together,Master,1,0,2017-10-14 10:59:23,Fatima Javed,0,4000,2.175,34.8,75
285,68627,38,Single,Graduation,0,0,2017-10-13 10:59:23,Zain Ahmed,0,700,20.44155844,224.8571429,70
286,57912,55,Divorced,PhD,0,1,2018-12-16 10:59:23,Sana Tariq,1,2000,5.37195122,220.25,160
287,35246,62,Divorced,Graduation,1,1,2019-01-15 10:59:23,Umar Farooq,0,2500,1.275,20.4,75
288,58821,64,Together,2n Cycle,0,1,2018-07-13 10:59:23,Nadia Iqbal,0,3600,5.072463768,233.3333333,270
289,46377,42,Married,PhD,1,0,2018-11-30 10:59:23,Bilal Hussain,0,2000,3.272727273,36,50
290,39747,32,Single,Graduation,1,0,2019-01-12 10:59:23,Hina Shah,0,5600,2.428571429,63.14285714,175
291,23976,36,Together,Graduation,1,0,2018-09-27 10:59:23,Kamran Aslam,0,4900,0.732142857,11.71428571,105
292,80950,59,Married,Master,0,0,2017-12-27 10:59:23,Rabia Noor,1,1200,5.787634409,179.4166667,180
293,27038,54,Widow,Graduation,0,0,2017-06-19 10:59:23,Tariq Mehmood,0,6300,1.642857143,26.28571429,105
294,77457,73,Single,Graduation,0,0,2018-12-04 10:59:23,Saima Gul,1,600,17.28030303,190.0833333,60
295,64100,56,Married,Master,0,1,2018-06-11 10:59:23,Shahzad Anwar,1,2800,3.268292683,134,160
296,42670,28,Together,Master,0,0,2018-01-26 10:59:23,Mariam Yousaf,0,2800,3.074829932,64.57142857,140
297,12571,44,Divorced,Graduation,1,0,2018-10-19 10:59:23,Imran Qureshi,0,4200,0.642857143,10.28571429,105
298,22574,53,Married,Graduation,2,1,2018-07-29 10:59:23,Bushra Ansari,0,2800,1.545454545,17,40
299,70893,44,Single,Master,0,0,2017-11-07 10:59:23,Naveed Akhtar,0,1800,15.82795699,490.6666667,180
300,54198,54,Married,Graduation,1,1,2018-09-17 10:59:23,Asma Zafar,0,2400,4.541666667,72.66666667,90
301,28839,64,Together,Master,1,1,2018-12-10 10:59:23,Ali Khan,0,2000,1.409090909,15.5,40
302,40321,48,Married,Graduation,1,1,2018-04-29 10:59:23,Ayesha Malik,0,4200,1.5625,25,90
303,66503,35,Single,Graduation,1,0,2017-05-15 10:59:23,Hassan Raza,0,2100,4.775510204,100.2857143,140
304,30833,69,Married,Graduation,1,1,2018-04-16 10:59:23,Fatima Javed,0,3000,1.222222222,7.333333333,30
305,64795,49,Married,Graduation,0,1,2017-10-18 10:59:23,Zain Ahmed,0,1400,10.76785714,172.2857143,105
306,34421,46,Married,Graduation,1,0,2018-04-01 10:59:23,Sana Tariq,0,4200,1.083333333,6.5,30
307,47025,55,Divorced,PhD,1,1,2018-11-10 10:59:23,Umar Farooq,0,2800,1.583333333,9.5,20
308,64325,59,Divorced,PhD,0,1,2017-11-08 10:59:23,Nadia Iqbal,0,4900,6.913165266,352.5714286,350
309,40464,67,Single,Graduation,0,1,2017-10-12 10:59:23,Bilal Hussain,0,5600,4.104529617,168.2857143,280
310,62187,63,Married,Graduation,0,0,2018-04-05 10:59:23,Hina Shah,0,1500,21.60952381,453.8,100
311,14849,44,Divorced,PhD,1,0,2018-04-02 10:59:23,Kamran Aslam,0,4800,1.666666667,18.33333333,60
312,27255,36,Married,Graduation,1,0,2018-08-08 10:59:23,Rabia Noor,0,3500,2.3,13.8,25
313,54432,70,Married,PhD,2,1,2018-02-07 10:59:23,Tariq Mehmood,0,1200,4.222222222,25.33333333,15
314,29999,34,Single,PhD,1,0,2017-11-14 10:59:23,Saima Gul,0,5600,2.660714286,42.57142857,105
315,24072,37,Single,Graduation,1,0,2018-01-15 10:59:23,Shahzad Anwar,0,4800,1.055555556,6.333333333,30
316,33996,31,Single,PhD,0,0,2018-06-12 10:59:23,Mariam Yousaf,0,2400,3.611111111,21.66666667,30
317,66334,64,Married,PhD,0,1,2018-01-02 10:59:23,Imran Qureshi,0,2500,9.895652174,455.2,225
318,35178,49,Married,Master,1,0,2017-10-11 10:59:23,Bushra Ansari,1,3500,0.95,5.7,25
319,22010,37,Together,Graduation,1,0,2018-03-31 10:59:23,Naveed Akhtar,0,4800,0.757575758,8.333333333,60
320,62204,60,Divorced,Graduation,0,2,2017-06-13 10:59:23,Asma Zafar,0,1800,12.44444444,261.3333333,120
321,75693,52,Divorced,Graduation,0,0,2017-09-06 10:59:23,Ali Khan,3,2800,1.801020408,100.8571429,385
322,30675,48,Married,Graduation,1,0,2017-08-13 10:59:23,Ayesha Malik,0,4800,2.222222222,13.33333333,30
323,83003,55,Together,Graduation,0,0,2017-12-02 10:59:23,Hassan Raza,1,2100,6.158730159,221.7142857,245
324,68655,32,Single,Graduation,0,0,2017-05-11 10:59:23,Fatima Javed,0,2100,20.40816327,428.5714286,140
325,41411,34,Divorced,Graduation,0,0,2018-09-07 10:59:23,Zain Ahmed,0,4200,3.142857143,34.57142857,70
326,55212,51,Married,PhD,0,1,2017-08-24 10:59:23,Sana Tariq,2,3200,9.111111111,191.3333333,80
327,59292,70,Together,PhD,0,1,2018-03-14 10:59:23,Umar Farooq,0,1500,11.975,191.6,75
328,27190,47,Together,Basic,1,0,2018-05-16 10:59:23,Nadia Iqbal,1,4000,0.483333333,2.9,25
329,82623,68,Divorced,Graduation,0,0,2018-08-11 10:59:23,Bilal Hussain,0,600,20.15151515,221.6666667,60
330,44300,55,Married,Graduation,1,1,2018-03-24 10:59:23,Hina Shah,0,2400,3.25,19.5,20
331,84835,50,Divorced,Graduation,0,0,2019-03-17 10:59:23,Kamran Aslam,0,600,13.92857143,292.5,120
332,30372,49,Widow,Graduation,1,1,2017-09-25 10:59:23,Rabia Noor,0,3500,1.218181818,13.4,50
333,33181,44,Married,Master,1,0,2018-10-04 10:59:23,Tariq Mehmood,1,2400,0.5,3,20
334,71113,63,Married,Graduation,0,1,2018-09-17 10:59:23,Saima Gul,0,2400,8.715053763,270.1666667,180
335,71952,34,Married,Graduation,1,0,2017-10-11 10:59:23,Shahzad Anwar,2,2800,3.135888502,128.5714286,280
336,69759,54,Single,PhD,0,0,2018-07-29 10:59:23,Mariam Yousaf,0,1800,16.33333333,343,120
337,72099,46,Married,Graduation,0,0,2017-07-28 10:59:23,Imran Qureshi,0,600,24.29166667,388.6666667,90
338,60000,44,Single,PhD,0,1,2017-09-22 10:59:23,Bushra Ansari,0,2400,11.29464286,632.5,220
339,38643,42,Single,Graduation,1,1,2018-08-30 10:59:23,Naveed Akhtar,0,4200,1.181818182,13,60
340,50737,65,Married,Graduation,0,1,2018-02-09 10:59:23,Asma Zafar,1,2400,2.022727273,22.25,40
341,68462,51,Married,PhD,0,0,2017-09-12 10:59:23,Ali Khan,0,700,28.96428571,463.4285714,105
342,65073,77,Married,Master,0,0,2018-05-21 10:59:23,Ayesha Malik,0,1200,11.43589744,297.3333333,150
343,46681,72,Together,PhD,0,2,2018-07-09 10:59:23,Hassan Raza,0,3000,6.023809524,126.5,120
344,78618,63,Married,Graduation,0,0,2017-06-29 10:59:23,Fatima Javed,1,1200,15.95634921,335.0833333,120
345,62187,51,Widow,PhD,0,1,2018-12-21 10:59:23,Zain Ahmed,0,1600,9.596774194,297.5,120
346,28442,42,Married,Graduation,2,0,2018-11-25 10:59:23,Sana Tariq,0,2800,1.324675325,14.57142857,70
347,37717,42,Married,PhD,1,0,2017-08-24 10:59:23,Umar Farooq,0,5400,1.111111111,6.666666667,30
348,51479,53,Married,Graduation,1,1,2017-09-28 10:59:23,Nadia Iqbal,0,4200,4.569892473,141.6666667,180
349,54803,51,Single,Graduation,0,1,2017-05-22 10:59:23,Bilal Hussain,0,2400,5.924731183,183.6666667,180
350,79530,60,Married,Graduation,0,0,2018-02-15 10:59:23,Hina Shah,0,1200,20.93650794,439.6666667,120
351,31615,44,Divorced,Graduation,1,0,2017-12-15 10:59:23,Kamran Aslam,0,4900,1.090909091,12,70
352,72025,58,Together,Graduation,0,0,2017-08-18 10:59:23,Rabia Noor,0,2100,23.11564626,485.4285714,140
353,52614,45,Single,PhD,0,1,2017-09-01 10:59:23,Tariq Mehmood,0,4800,28.84848485,317.3333333,60
354,35684,36,Married,2n Cycle,1,0,2019-01-21 10:59:23,Saima Gul,0,3600,1.5,9,30
355,48178,45,Married,Graduation,1,1,2017-07-29 10:59:23,Shahzad Anwar,0,5600,2.373626374,61.71428571,175
356,29548,50,Single,Master,1,0,2018-05-30 10:59:23,Mariam Yousaf,1,2000,0.466666667,2.8,25
357,63810,54,Single,Graduation,0,1,2017-08-12 10:59:23,Imran Qureshi,1,4800,10.03174603,210.6666667,120
358,38578,48,Single,PhD,1,1,2018-03-23 10:59:23,Bushra Ansari,0,4000,1.675,26.8,75
359,46098,45,Single,Master,1,1,2017-05-19 10:59:23,Naveed Akhtar,0,3200,2.625,42,60
360,22585,50,Single,Graduation,0,0,2017-12-17 10:59:23,Asma Zafar,1,5400,1.125,6.75,30
361,30279,31,Single,Graduation,1,0,2017-09-30 10:59:23,Ali Khan,0,4000,2.133333333,12.8,25
362,66426,59,Together,PhD,0,1,2018-07-03 10:59:23,Ayesha Malik,0,3600,25.16666667,402.6666667,90
363,30822,51,Single,Graduation,1,0,2018-03-15 10:59:23,Hassan Raza,0,4200,1.833333333,11,30
364,33581,51,Married,PhD,2,0,2017-10-09 10:59:23,Fatima Javed,0,3200,1.333333333,8,20
365,19986,35,Married,Graduation,1,0,2018-08-15 10:59:23,Zain Ahmed,0,3500,5.2,5.2,0
366,27421,66,Widow,Graduation,0,0,2017-09-12 10:59:23,Sana Tariq,0,4900,3.659863946,76.85714286,140
367,35688,47,Married,2n Cycle,2,1,2017-05-23 10:59:23,Umar Farooq,0,5600,2.43537415,51.14285714,140
368,36143,39,Single,Master,1,0,2018-12-29 10:59:23,Nadia Iqbal,0,1200,6.5,6.5,0
369,10245,49,Single,Graduation,1,0,2018-02-13 10:59:23,Bilal Hussain,0,2500,1.5,9,25
370,43795,52,Together,Master,0,1,2018-07-17 10:59:23,Hina Shah,1,4900,1.527777778,55,245
371,63381,60,Together,Graduation,0,1,2017-07-06 10:59:23,Kamran Aslam,0,1200,13.03174603,273.6666667,120
372,38823,71,Together,Graduation,0,1,2017-05-31 10:59:23,Rabia Noor,0,3600,2.757575758,30.33333333,60
373,83664,52,Divorced,PhD,1,1,2018-02-06 10:59:23,Tariq Mehmood,0,3000,32.62121212,358.8333333,60
374,90300,41,Together,Graduation,0,0,2018-10-04 10:59:23,Saima Gul,1,600,10.34615385,269,150
375,62499,41,Together,Master,1,0,2018-09-09 10:59:23,Shahzad Anwar,0,2000,5.4,86.4,75
376,74293,27,Single,Graduation,0,0,2019-02-02 10:59:23,Mariam Yousaf,0,1400,11.49450549,298.8571429,175
377,51012,74,Married,PhD,0,0,2018-01-17 10:59:23,Imran Qureshi,0,3600,2.865079365,60.16666667,120
378,70777,52,Married,Master,0,1,2018-11-26 10:59:23,Bushra Ansari,0,1800,9.08974359,236.3333333,150
379,68682,29,Together,PhD,0,0,2018-07-07 10:59:23,Naveed Akhtar,0,1200,24.65079365,517.6666667,120
380,43824,49,Married,Graduation,1,1,2017-06-16 10:59:23,Asma Zafar,0,5600,2.75,44,105
381,15345,36,Together,Graduation,1,0,2017-06-01 10:59:23,Ali Khan,0,4800,1.5,9,30
382,23442,33,Single,Graduation,1,0,2017-09-24 10:59:23,Ayesha Malik,0,3500,1.266666667,7.6,25
383,14515,40,Together,2n Cycle,1,0,2017-08-10 10:59:23,Hassan Raza,0,4200,1.757575758,19.33333333,60
384,31395,64,Divorced,2n Cycle,1,1,2017-12-22 10:59:23,Fatima Javed,0,3600,1.727272727,19,60
385,75276,55,Together,Graduation,0,0,2017-06-28 10:59:23,Zain Ahmed,0,3500,6.329192547,291.1428571,315
386,42373,46,Single,Graduation,1,1,2018-05-16 10:59:23,Sana Tariq,0,3500,3.74025974,41.14285714,70
387,30507,60,Together,Graduation,0,0,2017-12-10 10:59:23,Umar Farooq,0,4900,2.56043956,66.57142857,175
388,55521,65,Single,PhD,1,2,2018-07-23 10:59:23,Nadia Iqbal,1,2800,3.564516129,110.5,120
389,48006,55,Married,Graduation,1,1,2019-03-10 10:59:23,Bilal Hussain,0,3000,2.533333333,15.2,25
390,27213,48,Single,PhD,1,0,2017-05-31 10:59:23,Hina Shah,0,4800,1.984848485,21.83333333,60
391,65808,49,Divorced,PhD,1,1,2019-02-28 10:59:23,Kamran Aslam,0,3600,3.314102564,86.16666667,150
392,30351,46,Together,PhD,1,0,2018-03-07 10:59:23,Rabia Noor,0,4500,1.0625,17,75
393,50437,57,Married,Graduation,0,2,2017-07-18 10:59:23,Tariq Mehmood,0,4200,4.458333333,160.5,210
394,23616,38,Single,2n Cycle,1,0,2017-08-18 10:59:23,Saima Gul,0,5600,0.839285714,13.42857143,105
395,53858,44,Married,Graduation,0,1,2017-08-10 10:59:23,Shahzad Anwar,0,2800,12.0952381,254,140
396,66465,65,Married,PhD,0,1,2017-12-29 10:59:23,Mariam Yousaf,1,3600,4.37797619,245.1666667,330
397,46923,33,Single,Graduation,1,0,2017-05-23 10:59:23,Imran Qureshi,0,4900,3.989010989,103.7142857,175
398,75072,58,Together,Graduation,0,1,2017-10-24 10:59:23,Bushra Ansari,0,1800,12.15384615,316,150
399,75865,77,Married,PhD,0,0,2018-12-30 10:59:23,Naveed Akhtar,0,500,30.75,492,75
400,19789,45,Together,2n Cycle,1,0,2018-08-21 10:59:23,Asma Zafar,1,3000,0.545454545,6,60
401,80134,26,Together,Graduation,0,0,2018-11-15 10:59:23,Ali Khan,4,2500,9.643636364,106.08,50
402,91065,39,Single,Graduation,0,0,2017-11-23 10:59:23,Ayesha Malik,2,1800,4.021604938,144.7777778,210
403,49505,49,Married,Master,1,1,2017-12-04 10:59:23,Hassan Raza,0,4000,5.670588235,289.2,250
404,37401,47,Married,PhD,1,0,2019-02-04 10:59:23,Fatima Javed,0,2800,1.477272727,16.25,40
405,30096,37,Married,Graduation,1,0,2019-02-20 10:59:23,Zain Ahmed,0,3600,1.015151515,11.16666667,60
406,18492,38,Together,Master,1,0,2019-03-06 10:59:23,Sana Tariq,0,2400,0.611111111,3.666666667,15
407,82584,46,Married,Master,0,0,2018-03-05 10:59:23,Umar Farooq,2,600,9.256944444,148.1111111,90
408,93027,79,Married,PhD,0,0,2018-01-12 10:59:23,Nadia Iqbal,1,1200,9.712962963,349.6666667,210
409,48686,67,Married,Graduation,1,2,2018-09-04 10:59:23,Bilal Hussain,0,4000,1.266666667,7.6,25
410,92910,34,Married,Graduation,0,0,2019-01-23 10:59:23,Hina Shah,3,700,4.059907834,125.8571429,210
411,75433,31,Married,Graduation,1,0,2019-01-04 10:59:23,Kamran Aslam,2,3000,13.70909091,150.8,50
412,10404,31,Together,2n Cycle,1,0,2019-02-02 10:59:23,Rabia Noor,0,3000,1.666666667,10,30
413,61314,52,Married,Graduation,0,1,2018-01-24 10:59:23,Tariq Mehmood,0,1500,11.53846154,300,125
414,84865,59,Single,PhD,0,0,2018-02-07 10:59:23,Saima Gul,4,2000,12.04363636,132.48,50
415,42387,31,Married,Graduation,1,0,2017-07-30 10:59:23,Shahzad Anwar,0,4000,3.663414634,150.2,200
416,67309,53,Together,2n Cycle,1,1,2017-10-24 10:59:23,Mariam Yousaf,0,4200,6.807971014,313.1666667,270
417,75236,56,Married,Graduation,0,1,2018-08-26 10:59:23,Imran Qureshi,0,2800,6.648083624,272.5714286,280
418,30015,50,Single,Graduation,1,0,2018-11-03 10:59:23,Bushra Ansari,0,3000,2.888888889,17.33333333,30
419,50943,64,Together,Master,0,1,2018-03-22 10:59:23,Naveed Akhtar,0,2500,2.666666667,16,25
420,67272,54,Divorced,Graduation,0,1,2018-09-21 10:59:23,Asma Zafar,0,3000,7.580645161,235,180
421,51529,71,Widow,Master,0,1,2018-06-08 10:59:23,Ali Khan,0,4800,3.224637681,148.3333333,270
422,32011,49,Married,PhD,1,0,2018-05-23 10:59:23,Ayesha Malik,0,4200,3.545454545,39,60
423,7500,34,Married,2n Cycle,1,0,2017-11-08 10:59:23,Hassan Raza,0,5600,0.701298701,7.714285714,70
424,28691,31,Married,Graduation,1,0,2018-04-04 10:59:23,Fatima Javed,0,4000,1.866666667,11.2,25
425,56223,72,Married,PhD,0,1,2018-09-20 10:59:23,Zain Ahmed,0,2400,4.606060606,50.66666667,60
426,18100,74,Married,Graduation,0,0,2018-05-07 10:59:23,Sana Tariq,0,2500,4.4,4.4,0
427,30279,31,Single,Graduation,1,0,2017-09-30 10:59:23,Umar Farooq,0,4000,2.133333333,12.8,25
428,20130,46,Married,2n Cycle,0,0,2018-12-16 10:59:23,Nadia Iqbal,0,4000,1.266666667,7.6,25
429,23295,61,Divorced,Graduation,0,0,2018-04-13 10:59:23,Bilal Hussain,0,4000,1,6,25
430,42618,48,Divorced,Master,1,0,2018-07-10 10:59:23,Hina Shah,0,5600,2,52,175
431,81246,56,Single,Graduation,0,0,2018-09-29 10:59:23,Kamran Aslam,2,700,6.0861678,127.8095238,140
432,24027,44,Married,Graduation,1,0,2018-03-10 10:59:23,Rabia Noor,0,4000,1.363636364,15,50
433,55707,67,Married,PhD,0,1,2018-09-22 10:59:23,Tariq Mehmood,0,2100,7.017857143,112.2857143,105
434,57959,65,Single,Graduation,0,1,2018-01-31 10:59:23,Saima Gul,0,2100,11.36054422,238.5714286,140
435,56796,51,Married,Graduation,0,1,2017-11-17 10:59:23,Shahzad Anwar,0,4900,6.717770035,275.4285714,280
436,36230,49,Single,Master,1,0,2018-07-18 10:59:23,Mariam Yousaf,0,3000,1.666666667,18.33333333,60
437,70829,40,Married,2n Cycle,1,1,2018-09-01 10:59:23,Imran Qureshi,0,2100,5.551020408,116.5714286,140
438,65991,44,Married,Graduation,0,1,2017-06-08 10:59:23,Bushra Ansari,0,4900,5.97515528,274.8571429,315
439,38988,48,Married,Graduation,1,2,2017-05-21 10:59:23,Naveed Akhtar,0,5600,3.362637363,87.42857143,175
440,89572,54,Single,2n Cycle,0,0,2017-06-16 10:59:23,Asma Zafar,2,2800,5.277777778,190,245
441,42207,36,Married,Master,1,0,2017-12-31 10:59:23,Ali Khan,1,4200,1.489795918,31.28571429,140
442,50300,68,Married,Graduation,0,1,2019-02-23 10:59:23,Ayesha Malik,0,1400,6.883116883,75.71428571,70
443,66664,38,Together,2n Cycle,0,0,2017-06-26 10:59:23,Hassan Raza,0,1800,15.5,403,150
444,60597,56,Married,Graduation,0,1,2018-10-02 10:59:23,Fatima Javed,1,4200,12.53030303,137.8333333,60
445,70165,71,Widow,Graduation,0,0,2018-06-23 10:59:23,Zain Ahmed,0,600,16.75,268,90
446,50520,62,Widow,PhD,0,1,2018-10-29 10:59:23,Sana Tariq,0,3600,2.520833333,40.33333333,90
447,80124,57,Married,Graduation,0,0,2019-03-27 10:59:23,Umar Farooq,1,600,12.625,202,90
448,33183,45,Married,Graduation,1,0,2018-11-25 10:59:23,Nadia Iqbal,0,4900,1.129251701,23.71428571,140
449,66582,51,Single,PhD,0,0,2018-12-02 10:59:23,Bilal Hussain,0,600,39.03030303,429.3333333,60
450,75261,65,Together,PhD,0,0,2018-01-22 10:59:23,Hina Shah,2,1200,7.33974359,190.8333333,150
451,31880,50,Widow,Graduation,1,0,2017-08-01 10:59:23,Kamran Aslam,0,4800,0.666666667,4,30
452,53790,69,Married,Graduation,0,2,2018-12-05 10:59:23,Rabia Noor,0,3600,4.949074074,178.1666667,210
453,49269,49,Together,PhD,1,0,2017-05-16 10:59:23,Tariq Mehmood,0,4200,7.666666667,276,210
454,61456,45,Married,Graduation,0,1,2017-12-26 10:59:23,Saima Gul,0,2800,11.97235023,371.1428571,210
455,37406,40,Married,Graduation,1,0,2018-07-11 10:59:23,Shahzad Anwar,0,3200,1,6,20
456,56937,39,Together,PhD,1,0,2017-05-05 10:59:23,Mariam Yousaf,1,3000,4.341463415,178,200
457,38415,42,Married,Graduation,1,1,2017-10-03 10:59:23,Imran Qureshi,0,3500,2.533333333,15.2,25
458,20518,32,Single,Graduation,1,0,2019-02-16 10:59:23,Bushra Ansari,0,2500,0.9,5.4,25
459,62503,64,Married,Graduation,0,1,2017-11-19 10:59:23,Naveed Akhtar,0,3000,6.959349593,285.3333333,240
460,41644,48,Single,PhD,1,1,2019-02-07 10:59:23,Asma Zafar,0,1500,1.866666667,11.2,25
461,55842,43,Married,Master,0,1,2019-02-21 10:59:23,Ali Khan,0,2500,5.488888889,197.6,175
462,62010,48,Married,PhD,0,1,2017-07-24 10:59:23,Ayesha Malik,0,3000,4.709677419,146,180
463,41124,43,Married,Graduation,1,0,2017-08-01 10:59:23,Hassan Raza,0,4800,3.583333333,129,210
464,38961,47,Married,Master,1,0,2018-09-30 10:59:23,Fatima Javed,0,3500,1.327272727,14.6,50
465,37760,48,Divorced,Master,1,0,2018-05-12 10:59:23,Zain Ahmed,0,3600,1.636363636,18,60
466,32233,46,Single,Graduation,1,0,2017-05-20 10:59:23,Sana Tariq,1,6300,1.032258065,32,210
467,43057,45,Married,Graduation,0,1,2018-07-31 10:59:23,Umar Farooq,0,2500,4.952380952,104,100
468,83151,60,Together,Master,0,0,2017-07-11 10:59:23,Nadia Iqbal,0,2100,8.010989011,208.2857143,175
469,78825,56,Divorced,PhD,0,0,2017-06-15 10:59:23,Bilal Hussain,0,2100,9.637362637,250.5714286,175
470,65104,44,Together,Master,0,1,2018-08-15 10:59:23,Hina Shah,0,4200,20.89583333,334.3333333,90
471,60093,46,Married,Graduation,0,1,2018-03-27 10:59:23,Kamran Aslam,0,4200,5.119047619,184.2857143,245
472,14045,51,Married,Graduation,1,0,2018-10-27 10:59:23,Rabia Noor,0,3500,1.233333333,7.4,25
473,28457,68,Widow,2n Cycle,0,0,2017-07-29 10:59:23,Tariq Mehmood,0,4800,2.801587302,58.83333333,120
474,78952,62,Together,PhD,0,1,2017-06-25 10:59:23,Saima Gul,0,4200,50.85714286,559.4285714,70
475,46310,44,Divorced,Graduation,1,0,2017-09-03 10:59:23,Shahzad Anwar,0,5600,2.718894009,84.28571429,210
476,76005,65,Together,Graduation,0,0,2017-11-23 10:59:23,Mariam Yousaf,1,4200,15.01785714,240.2857143,105
477,58308,56,Single,Master,0,1,2017-10-13 10:59:23,Imran Qureshi,0,4000,28,308,50
478,55614,76,Divorced,PhD,0,0,2018-08-28 10:59:23,Bushra Ansari,1,4200,2.376811594,109.3333333,270
479,59432,58,Divorced,Master,0,1,2018-01-12 10:59:23,Naveed Akhtar,0,3000,8.185897436,212.8333333,150
480,55563,42,Divorced,Graduation,0,1,2019-01-04 10:59:23,Asma Zafar,0,1500,1.454545455,16,50
481,78642,49,Together,PhD,0,1,2018-01-20 10:59:23,Ali Khan,0,3600,28.55555556,599.6666667,120
482,67911,71,Together,PhD,0,1,2019-02-20 10:59:23,Ayesha Malik,0,1500,12.59354839,390.4,150
483,65275,76,Married,Graduation,0,0,2018-01-02 10:59:23,Hassan Raza,0,1200,11.3968254,239.3333333,120
484,27203,70,Together,Graduation,1,1,2017-05-07 10:59:23,Fatima Javed,0,4800,2.222222222,13.33333333,30
485,48330,59,Together,Master,0,1,2018-08-16 10:59:23,Zain Ahmed,0,1500,3.555555556,21.33333333,15
486,24279,30,Married,Basic,0,0,2017-09-29 10:59:23,Sana Tariq,0,5600,2.108843537,44.28571429,140
487,64355,35,Married,PhD,1,0,2017-05-25 10:59:23,Umar Farooq,0,4800,20.50793651,430.6666667,120
488,50943,64,Together,Master,0,1,2018-03-22 10:59:23,Nadia Iqbal,0,2500,2.666666667,16,25
489,53653,67,Widow,Graduation,0,0,2017-08-08 10:59:23,Bilal Hussain,0,3600,7.169934641,365.6666667,300
490,65665,44,Married,Graduation,0,1,2018-09-02 10:59:23,Hina Shah,0,2100,10.06593407,261.7142857,175
491,81217,31,Single,Graduation,0,0,2018-04-19 10:59:23,Kamran Aslam,0,700,19.16071429,306.5714286,105
492,34935,28,Married,Graduation,0,0,2018-03-22 10:59:23,Rabia Noor,0,4900,3.038961039,33.42857143,70
493,61250,61,Divorced,Graduation,0,1,2017-09-16 10:59:23,Tariq Mehmood,0,3500,7.373626374,191.7142857,175
494,39665,39,Together,PhD,1,0,2018-02-23 10:59:23,Saima Gul,1,3500,1.757142857,36.9,100
495,60152,41,Single,Graduation,0,1,2017-12-27 10:59:23,Shahzad Anwar,0,2100,7.852534562,243.4285714,210
496,48920,56,Married,Graduation,0,2,2018-07-21 10:59:23,Mariam Yousaf,1,4900,1.571428571,48.71428571,210
497,89120,61,Together,Master,0,0,2018-12-16 10:59:23,Imran Qureshi,1,700,10.26923077,267,175
498,44124,74,Together,PhD,0,1,2018-02-09 10:59:23,Bushra Ansari,0,4000,4.451612903,138,150
499,81169,45,Single,Master,0,0,2018-01-13 10:59:23,Naveed Akhtar,0,1400,22.65934066,589.1428571,175
500,36443,59,Married,Graduation,1,1,2017-11-04 10:59:23,Asma Zafar,0,4800,2.458333333,39.33333333,90
501,26095,30,Single,Graduation,1,0,2018-03-31 10:59:23,Ali Khan,0,4200,1.416666667,8.5,30
502,71367,61,Together,Graduation,0,0,2018-05-24 10:59:23,Ayesha Malik,0,1400,9.551020408,200.5714286,140
503,80184,76,Married,Master,0,0,2018-11-30 10:59:23,Hassan Raza,2,1800,6.817204301,211.3333333,180
504,30630,55,Divorced,Graduation,1,1,2018-10-28 10:59:23,Fatima Javed,0,4200,1.272727273,14,60
505,73454,33,Single,Master,0,0,2018-11-30 10:59:23,Zain Ahmed,1,3500,19.16883117,210.8571429,70
506,42691,29,Married,Graduation,0,0,2018-05-17 10:59:23,Sana Tariq,0,3500,3.296703297,85.71428571,175
507,70503,67,Married,Graduation,0,0,2017-07-01 10:59:23,Umar Farooq,2,3000,19.93333333,219.2666667,50
508,25545,33,Married,Graduation,1,0,2017-06-09 10:59:23,Nadia Iqbal,0,4200,3.246753247,35.71428571,70
509,32880,34,Married,Graduation,1,0,2017-09-04 10:59:23,Bilal Hussain,0,5600,1.904761905,11.42857143,35
510,77863,62,Together,PhD,0,0,2018-08-28 10:59:23,Hina Shah,0,1400,17.40136054,365.4285714,140
511,50353,43,Married,Master,0,0,2019-03-09 10:59:23,Kamran Aslam,0,2100,5.537414966,116.2857143,140
512,61839,56,Single,Graduation,0,0,2017-05-13 10:59:23,Rabia Noor,0,5600,24.14965986,507.1428571,140
513,49154,60,Married,PhD,1,1,2018-08-04 10:59:23,Tariq Mehmood,0,4200,4.62585034,97.14285714,140
514,47682,45,Widow,2n Cycle,0,1,2017-11-16 10:59:23,Saima Gul,0,3000,6.817460317,143.1666667,120
515,72679,51,Single,Graduation,0,1,2018-06-19 10:59:23,Shahzad Anwar,0,500,20.19047619,424,100
516,57954,43,Together,Master,1,1,2019-03-19 10:59:23,Mariam Yousaf,1,3500,2.36097561,96.8,200
517,65316,58,Married,Graduation,1,1,2018-01-23 10:59:23,Imran Qureshi,0,2800,3.964285714,63.42857143,105
518,28567,38,Single,Graduation,1,0,2018-03-18 10:59:23,Bushra Ansari,0,3600,1.181818182,13,60
519,47352,69,Together,Master,0,1,2018-01-10 10:59:23,Naveed Akhtar,0,4200,3.268817204,101.3333333,180
520,44931,53,Together,Graduation,0,1,2018-10-19 10:59:23,Asma Zafar,0,2000,4.045454545,44.5,40
521,76982,53,Divorced,Graduation,0,0,2018-11-16 10:59:23,Ali Khan,1,2800,3.595818815,147.4285714,280
522,57247,68,Together,2n Cycle,0,1,2018-05-09 10:59:23,Ayesha Malik,0,1400,5.87012987,64.57142857,70
523,22944,39,Single,Master,1,0,2018-09-23 10:59:23,Hassan Raza,0,4200,0.84375,13.5,90
524,25315,43,Together,2n Cycle,1,0,2018-08-08 10:59:23,Fatima Javed,0,5600,0.571428571,9.142857143,105
525,43638,51,Widow,Graduation,0,1,2017-05-07 10:59:23,Zain Ahmed,0,4200,2.738095238,57.5,120
526,42710,36,Single,PhD,1,0,2017-08-29 10:59:23,Sana Tariq,0,3600,4.801587302,100.8333333,120
527,84169,38,Married,PhD,0,0,2018-05-08 10:59:23,Umar Farooq,2,1200,8.840277778,318.25,140
528,54058,44,Together,Graduation,0,1,2018-03-05 10:59:23,Nadia Iqbal,0,2100,8.272108844,173.7142857,140
529,24683,30,Married,2n Cycle,1,0,2018-12-07 10:59:23,Bilal Hussain,0,3000,0.96969697,10.66666667,60
530,85620,56,Widow,Graduation,0,0,2018-10-08 10:59:23,Hina Shah,0,600,31.89583333,510.3333333,90
531,47850,40,Married,Graduation,1,0,2018-09-03 10:59:23,Kamran Aslam,0,4200,2.214285714,35.42857143,105
532,19514,52,Married,Graduation,1,1,2018-10-27 10:59:23,Rabia Noor,1,5600,0.366071429,5.857142857,105
533,27159,47,Married,Master,1,1,2018-12-28 10:59:23,Tariq Mehmood,0,2400,1.666666667,10,20
534,39548,57,Single,2n Cycle,1,1,2018-12-30 10:59:23,Saima Gul,0,1500,1.666666667,10,25
535,21474,31,Single,Graduation,1,0,2019-01-07 10:59:23,Shahzad Anwar,1,4200,0.59375,9.5,90
536,60504,49,Single,PhD,0,1,2018-11-08 10:59:23,Mariam Yousaf,0,3000,3.393548387,105.2,150
537,22419,57,Married,Graduation,0,0,2018-01-17 10:59:23,Imran Qureshi,0,5600,2.142857143,34.28571429,105
538,81698,71,Married,Master,0,0,2018-08-07 10:59:23,Bushra Ansari,0,700,17.16071429,274.5714286,105
539,43462,68,Together,Graduation,1,1,2017-06-13 10:59:23,Naveed Akhtar,0,4800,3.452380952,72.5,120
540,54880,42,Single,PhD,1,0,2017-11-30 10:59:23,Asma Zafar,0,3500,6.239631336,193.4285714,210
541,79908,38,Married,Graduation,0,0,2018-01-04 10:59:23,Ali Khan,1,1400,9.126373626,237.2857143,175
542,15315,50,Married,2n Cycle,0,0,2018-05-04 10:59:23,Ayesha Malik,0,3500,1.220779221,13.42857143,70
543,87771,61,Together,Graduation,0,1,2018-02-20 10:59:23,Hassan Raza,4,4200,4.228571429,109.9428571,175
544,33039,42,Married,Graduation,1,0,2018-06-10 10:59:23,Fatima Javed,0,2000,2.363636364,26,40
545,81741,40,Single,Graduation,0,0,2018-03-17 10:59:23,Zain Ahmed,0,1400,14.13824885,438.2857143,210
546,71499,49,Together,Master,0,1,2018-03-26 10:59:23,Sana Tariq,0,2400,6.162601626,252.6666667,240
547,62466,50,Married,2n Cycle,0,1,2018-10-16 10:59:23,Umar Farooq,0,2400,7.97311828,247.1666667,180
548,48799,57,Divorced,PhD,0,1,2018-08-06 10:59:23,Nadia Iqbal,0,2100,5.482142857,87.71428571,105
549,52157,70,Together,PhD,0,1,2019-03-08 10:59:23,Bilal Hussain,0,2400,4.666666667,74.66666667,90
550,66565,58,Single,Graduation,0,1,2017-09-05 10:59:23,Hina Shah,0,5600,13.91836735,292.2857143,140
551,29298,69,Together,Master,1,1,2018-06-08 10:59:23,Kamran Aslam,0,2000,0.75,4.5,20
552,47691,41,Single,Graduation,0,1,2018-04-05 10:59:23,Rabia Noor,0,2400,1.416666667,8.5,20
553,38200,50,Together,Graduation,1,1,2017-09-07 10:59:23,Tariq Mehmood,0,2800,1.333333333,8,20
554,44989,46,Married,Graduation,0,1,2017-06-13 10:59:23,Saima Gul,0,3000,3.230769231,84,125
555,38443,52,Married,PhD,1,1,2018-10-28 10:59:23,Shahzad Anwar,0,2800,3.083333333,18.5,20
556,38593,42,Single,2n Cycle,1,0,2018-06-14 10:59:23,Mariam Yousaf,0,4800,2.238095238,47,120
557,64413,50,Together,PhD,0,1,2018-05-02 10:59:23,Imran Qureshi,0,3000,3.320512821,86.33333333,150
558,36959,39,Married,Master,1,0,2018-07-03 10:59:23,Bushra Ansari,0,2400,2.818181818,31,30
559,61996,43,Married,PhD,0,1,2017-11-01 10:59:23,Naveed Akhtar,3,2500,3.890322581,120.6,150
560,51287,52,Married,Graduation,1,1,2018-12-31 10:59:23,Asma Zafar,0,3500,2.895238095,60.8,100
561,13260,50,Married,Graduation,1,1,2018-05-24 10:59:23,Ali Khan,0,5600,0.75,12,105
562,47472,54,Together,PhD,1,1,2018-06-17 10:59:23,Ayesha Malik,0,2000,3.045454545,33.5,40
563,54603,64,Together,Master,1,1,2018-04-09 10:59:23,Hassan Raza,0,4900,3.034013605,63.71428571,140
564,45207,46,Married,PhD,1,1,2017-08-11 10:59:23,Fatima Javed,1,2400,3.328125,53.25,60
565,40689,69,Together,Graduation,0,1,2017-12-17 10:59:23,Zain Ahmed,0,5600,2.738095238,98.57142857,245
566,47821,53,Together,2n Cycle,1,1,2018-07-21 10:59:23,Sana Tariq,0,4000,2.266666667,13.6,25
567,27450,69,Married,Master,0,0,2018-01-14 10:59:23,Umar Farooq,0,4900,2.363636364,26,70
568,39453,37,Together,Graduation,1,0,2019-01-02 10:59:23,Nadia Iqbal,0,2400,2.409090909,26.5,40
569,26850,49,Together,2n Cycle,1,1,2019-01-17 10:59:23,Bilal Hussain,0,2800,1.402597403,15.42857143,70
570,79800,65,Widow,Graduation,0,0,2017-06-24 10:59:23,Hina Shah,3,1800,5.266025641,136.9166667,150
571,61794,59,Married,Master,0,1,2018-06-15 10:59:23,Kamran Aslam,0,1200,9.150793651,192.1666667,120
572,53863,65,Together,Graduation,0,1,2019-02-15 10:59:23,Rabia Noor,1,3500,2.366666667,85.2,175
573,24221,61,Together,Graduation,0,0,2018-05-21 10:59:23,Tariq Mehmood,0,2400,1.583333333,9.5,30
574,39684,36,Single,PhD,1,0,2017-07-13 10:59:23,Saima Gul,0,4200,1.939393939,21.33333333,60
575,92163,45,Married,Master,0,0,2017-09-12 10:59:23,Shahzad Anwar,2,1400,7.567765568,196.7619048,175
576,69882,55,Single,Master,0,0,2018-08-11 10:59:23,Mariam Yousaf,0,600,26.03125,416.5,90
577,33178,43,Together,Graduation,1,0,2018-10-31 10:59:23,Imran Qureshi,0,2400,1.777777778,10.66666667,30
578,59973,48,Married,PhD,0,0,2018-06-12 10:59:23,Bushra Ansari,0,600,7.958333333,127.3333333,90
579,17459,45,Together,Master,1,0,2018-06-20 10:59:23,Naveed Akhtar,0,4900,0.696428571,11.14285714,105
580,23910,51,Divorced,Graduation,1,0,2017-07-27 10:59:23,Asma Zafar,0,4900,1.402597403,15.42857143,70
581,42169,51,Married,Master,1,1,2018-07-20 10:59:23,Ali Khan,0,3200,2.333333333,14,20
582,26224,42,Married,2n Cycle,1,0,2018-03-05 10:59:23,Ayesha Malik,0,3600,1.227272727,13.5,60
583,31089,39,Together,Graduation,1,0,2017-05-18 10:59:23,Hassan Raza,0,4800,1.239583333,19.83333333,90
584,30081,59,Single,Graduation,0,1,2017-11-22 10:59:23,Fatima Javed,0,2800,3.166666667,19,20
585,62807,60,Together,Graduation,0,1,2017-06-01 10:59:23,Zain Ahmed,0,3500,7.912087912,205.7142857,175
586,72906,65,Single,Graduation,0,0,2018-06-18 10:59:23,Sana Tariq,0,700,19.58928571,313.4285714,105
587,61467,72,Married,PhD,0,2,2017-09-09 10:59:23,Umar Farooq,0,3000,6.987179487,181.6666667,150
588,49618,54,Together,Master,1,1,2017-10-27 10:59:23,Nadia Iqbal,0,4900,2.053571429,32.85714286,105
589,21888,34,Single,Master,1,0,2017-09-29 10:59:23,Bilal Hussain,0,7000,1.637362637,42.57142857,175
590,42429,47,Widow,Graduation,0,1,2018-11-12 10:59:23,Hina Shah,0,2500,4.2,25.2,25
591,26150,64,Divorced,Graduation,2,1,2017-12-10 10:59:23,Kamran Aslam,0,3500,1.6,9.6,25
592,30801,45,Married,Basic,0,1,2017-07-27 10:59:23,Rabia Noor,0,4900,1.619047619,9.714285714,35
593,81168,55,Married,Graduation,0,0,2019-02-05 10:59:23,Tariq Mehmood,1,1500,7.483870968,232,150
594,26877,51,Single,Master,0,0,2018-05-20 10:59:23,Saima Gul,0,4200,4.071428571,65.14285714,105
595,45006,76,Widow,Master,0,0,2018-04-18 10:59:23,Shahzad Anwar,0,1800,5.333333333,85.33333333,90
596,18978,47,Married,Basic,1,0,2017-09-11 10:59:23,Mariam Yousaf,0,4800,1.027777778,6.166666667,30
597,22574,53,Married,Graduation,2,1,2018-07-29 10:59:23,Imran Qureshi,0,2800,1.545454545,17,40
598,48240,51,Single,PhD,0,0,2017-08-10 10:59:23,Bushra Ansari,0,3500,7.751152074,240.2857143,210
599,45837,46,Married,Graduation,1,1,2018-04-26 10:59:23,Naveed Akhtar,0,4200,3.661290323,113.5,180
600,35791,55,Single,Master,2,1,2018-02-04 10:59:23,Asma Zafar,0,3200,2.666666667,16,20
601,54162,42,Widow,Graduation,1,1,2017-12-17 10:59:23,Ali Khan,0,1600,1.791666667,10.75,20
602,30522,60,Married,Master,0,1,2017-05-18 10:59:23,Ayesha Malik,0,1400,14.28571429,85.71428571,35
603,54456,59,Married,PhD,0,1,2018-04-11 10:59:23,Hassan Raza,0,3000,5.019354839,155.6,150
604,31632,49,Single,Graduation,0,0,2018-04-14 10:59:23,Fatima Javed,0,4900,1.636363636,18,70
605,72298,71,Widow,Graduation,0,0,2018-12-09 10:59:23,Zain Ahmed,2,600,4.69047619,98.5,120
606,36975,42,Single,2n Cycle,1,0,2018-09-28 10:59:23,Sana Tariq,0,4200,1.722222222,10.33333333,30
607,72635,65,Married,2n Cycle,0,0,2018-03-04 10:59:23,Umar Farooq,1,2100,4.02764977,124.8571429,210
608,13624,44,Married,Graduation,1,0,2017-10-21 10:59:23,Nadia Iqbal,0,3600,0.878787879,9.666666667,60
609,84196,45,Single,Graduation,0,1,2018-03-04 10:59:23,Bilal Hussain,0,2100,7.296167247,299.1428571,280
610,70971,60,Together,Graduation,0,1,2017-06-22 10:59:23,Hina Shah,0,4200,10.71130952,599.8333333,330
611,34487,43,Divorced,PhD,1,1,2017-06-07 10:59:23,Kamran Aslam,0,6300,1.696428571,27.14285714,105
612,28769,43,Single,Graduation,1,0,2017-09-18 10:59:23,Rabia Noor,0,5400,2.96031746,62.16666667,120
613,69084,50,Married,PhD,1,0,2018-08-20 10:59:23,Tariq Mehmood,0,4800,14.26851852,513.6666667,210
614,65488,62,Together,PhD,0,0,2019-03-14 10:59:23,Saima Gul,0,700,16.23214286,259.7142857,105
615,62466,50,Married,2n Cycle,0,1,2018-10-16 10:59:23,Shahzad Anwar,0,2400,7.97311828,247.1666667,180
616,32218,60,Single,2n Cycle,0,0,2018-11-16 10:59:23,Mariam Yousaf,1,4900,0.818181818,9,70
617,83917,47,Single,Graduation,0,0,2018-01-17 10:59:23,Imran Qureshi,0,2100,13.89861751,430.8571429,210
618,46102,58,Divorced,Graduation,2,1,2018-12-09 10:59:23,Bushra Ansari,0,1400,1.25,7.5,10
619,84574,68,Single,Graduation,0,0,2018-03-05 10:59:23,Naveed Akhtar,0,3500,7.527950311,346.2857143,315
620,56181,58,Married,Graduation,0,1,2017-10-09 10:59:23,Asma Zafar,0,2800,4.693877551,98.57142857,140
621,63120,70,Divorced,Master,0,1,2017-06-29 10:59:23,Ali Khan,0,4200,11.16666667,457.8333333,240
622,73691,49,Married,Graduation,0,1,2018-08-07 10:59:23,Ayesha Malik,1,1400,5.096774194,158,210
623,63381,60,Together,Graduation,0,1,2017-07-06 10:59:23,Hassan Raza,0,1200,13.03174603,273.6666667,120
624,76140,72,Together,PhD,0,0,2019-02-11 10:59:23,Fatima Javed,0,1200,16.94871795,440.6666667,150
625,62859,61,Divorced,PhD,0,1,2017-09-30 10:59:23,Zain Ahmed,0,4200,7.962732919,366.2857143,315
626,45906,56,Single,Graduation,0,1,2018-02-05 10:59:23,Sana Tariq,1,3000,2.182692308,56.75,150
627,77632,73,Together,Master,0,0,2017-12-09 10:59:23,Umar Farooq,2,1200,11.13756614,233.8888889,120
628,46463,49,Married,PhD,1,1,2018-05-19 10:59:23,Nadia Iqbal,0,3600,4.552083333,72.83333333,90
629,105471,50,Together,Graduation,0,0,2017-10-22 10:59:23,Bilal Hussain,2,2100,3.140786749,144.4761905,315
630,55282,50,Divorced,Master,1,0,2018-09-13 10:59:23,Hina Shah,0,2800,3.857142857,61.71428571,105
631,78710,43,Married,Master,0,1,2019-02-21 10:59:23,Kamran Aslam,0,2000,11.3,406.8,175
632,66886,62,Together,Graduation,0,1,2018-06-17 10:59:23,Rabia Noor,0,3500,3.595238095,129.4285714,245
633,98777,60,Single,Master,0,0,2018-11-18 10:59:23,Tariq Mehmood,1,700,13.40136054,281.4285714,140
634,29103,35,Together,Graduation,1,0,2017-05-28 10:59:23,Saima Gul,0,4500,2.6,15.6,25
635,67445,46,Married,Graduation,0,1,2017-05-13 10:59:23,Shahzad Anwar,0,3600,8.137681159,374.3333333,270
636,50616,70,Together,PhD,0,1,2019-01-12 10:59:23,Mariam Yousaf,0,1200,3.222222222,19.33333333,30
637,49431,65,Divorced,Graduation,0,1,2017-05-04 10:59:23,Imran Qureshi,0,4800,3.222222222,116,210
638,61278,67,Together,Graduation,0,1,2018-10-05 10:59:23,Bushra Ansari,0,4200,2.678571429,42.85714286,105
639,26490,62,Together,2n Cycle,0,0,2017-06-23 10:59:23,Naveed Akhtar,0,4200,3.303571429,52.85714286,105
640,73059,73,Together,PhD,0,1,2018-06-01 10:59:23,Asma Zafar,0,2400,7.420289855,341.3333333,270
641,46734,54,Single,PhD,1,2,2018-07-22 10:59:23,Ali Khan,1,3600,1.526041667,24.41666667,90
642,56253,57,Together,Graduation,0,1,2017-09-07 10:59:23,Ayesha Malik,0,3600,5.481481481,197.3333333,210
643,19986,35,Married,Graduation,1,0,2018-08-15 10:59:23,Hassan Raza,0,3500,5.2,5.2,0
644,58330,45,Widow,Graduation,0,1,2018-09-25 10:59:23,Fatima Javed,0,2800,8.414746544,260.8571429,210
645,25965,40,Married,Basic,0,0,2017-06-08 10:59:23,Zain Ahmed,0,4000,2.054545455,22.6,50
646,14661,64,Together,Master,0,0,2017-10-02 10:59:23,Sana Tariq,0,3600,1.277777778,7.666666667,30
647,18690,61,Married,Graduation,0,0,2017-09-28 10:59:23,Umar Farooq,0,5600,1.952380952,11.71428571,35
648,45068,46,Together,PhD,0,1,2018-02-14 10:59:23,Nadia Iqbal,0,1400,1.416666667,8.5,10
649,21063,33,Single,Basic,1,0,2018-06-26 10:59:23,Bilal Hussain,0,4200,1.142857143,12.57142857,70
650,29187,52,Married,PhD,1,0,2018-02-07 10:59:23,Hina Shah,0,3200,2.666666667,16,20
651,54690,49,Married,2n Cycle,1,1,2018-08-08 10:59:23,Kamran Aslam,0,2100,3.214285714,51.42857143,105
652,59304,56,Married,PhD,0,1,2018-04-29 10:59:23,Rabia Noor,0,3500,8.238095238,296.5714286,245
653,59247,58,Single,Master,0,2,2018-08-09 10:59:23,Tariq Mehmood,0,4200,5.395604396,140.2857143,175
654,66731,50,Widow,Graduation,0,1,2017-06-13 10:59:23,Saima Gul,0,2100,12.08163265,253.7142857,140
655,77353,40,Married,Graduation,0,1,2018-09-16 10:59:23,Shahzad Anwar,0,2400,6.252688172,193.8333333,180
656,52614,45,Single,PhD,0,1,2017-09-01 10:59:23,Mariam Yousaf,0,4800,28.84848485,317.3333333,60
657,26751,46,Married,Graduation,2,0,2019-02-20 10:59:23,Imran Qureshi,0,3200,0.75,4.5,20
658,81300,57,Married,PhD,0,1,2017-07-31 10:59:23,Bushra Ansari,1,3000,3.918300654,199.8333333,300
659,70337,41,Single,Graduation,0,0,2018-10-03 10:59:23,Naveed Akhtar,0,700,12.5974026,138.5714286,70
660,36145,35,Married,2n Cycle,1,0,2018-03-17 10:59:23,Asma Zafar,1,6300,1.047619048,22,140
661,65295,40,Single,PhD,0,0,2018-09-23 10:59:23,Ali Khan,0,1400,11.75,188,105
662,68118,57,Divorced,Graduation,0,1,2018-07-19 10:59:23,Ayesha Malik,0,3600,6.199186992,254.1666667,240
663,68743,53,Divorced,Graduation,0,0,2017-05-31 10:59:23,Hassan Raza,0,4200,11.26190476,630.6666667,330
664,41039,38,Together,2n Cycle,0,0,2018-04-25 10:59:23,Fatima Javed,0,5600,2.940766551,120.5714286,280
665,38946,65,Together,Graduation,0,1,2018-07-25 10:59:23,Zain Ahmed,0,2500,5.25,84,75
666,65777,53,Together,Graduation,0,0,2018-09-19 10:59:23,Sana Tariq,0,600,32.60606061,358.6666667,60
667,66476,44,Divorced,PhD,0,1,2017-12-06 10:59:23,Umar Farooq,0,2800,6.714285714,174.5714286,175
668,86857,48,Single,PhD,0,0,2017-06-13 10:59:23,Nadia Iqbal,0,1200,25.93589744,674.3333333,150
669,77845,31,Together,PhD,0,0,2019-02-14 10:59:23,Bilal Hussain,2,500,10.83333333,173.3333333,75
670,69476,51,Together,PhD,0,0,2018-07-01 10:59:23,Hina Shah,0,1400,13.29251701,279.1428571,140
671,50611,60,Divorced,PhD,0,1,2017-07-05 10:59:23,Kamran Aslam,1,3000,4.657142857,97.8,100
672,61209,50,Single,Graduation,0,0,2018-05-26 10:59:23,Rabia Noor,0,1200,11,286,150
673,42315,62,Together,Master,0,1,2018-04-12 10:59:23,Tariq Mehmood,0,1800,8.333333333,50,30
674,13084,68,Together,Basic,0,0,2018-08-03 10:59:23,Saima Gul,0,3000,1.033333333,6.2,25
675,47570,71,Widow,Master,1,1,2018-02-27 10:59:23,Shahzad Anwar,0,4200,2.727272727,30,60
676,61923,59,Married,Master,0,2,2018-04-26 10:59:23,Mariam Yousaf,0,1800,3.590909091,39.5,60
677,34824,25,Single,Graduation,0,0,2018-12-25 10:59:23,Imran Qureshi,0,2400,1.333333333,8,20
678,26518,71,Single,PhD,1,1,2018-01-07 10:59:23,Bushra Ansari,0,4800,1.621212121,17.83333333,60
679,45938,59,Single,Graduation,0,0,2018-08-04 10:59:23,Naveed Akhtar,0,4200,4.229965157,173.4285714,280
680,78468,60,Together,Graduation,0,0,2019-01-08 10:59:23,Asma Zafar,1,2400,3.133986928,159.8333333,300
681,78901,47,Divorced,Graduation,0,1,2018-06-18 10:59:23,Ali Khan,0,2800,4.347826087,200,315
682,71427,42,Married,Graduation,2,0,2018-12-11 10:59:23,Ayesha Malik,0,2800,4.118466899,168.8571429,280
683,71022,42,Divorced,Graduation,0,1,2018-11-12 10:59:23,Hassan Raza,1,4000,9.269230769,241,125
684,90247,32,Single,Master,0,0,2019-01-28 10:59:23,Fatima Javed,3,600,8.317708333,133.0833333,90
685,41335,52,Divorced,Master,1,0,2018-09-26 10:59:23,Zain Ahmed,0,4900,2.476190476,52,140
686,71952,34,Married,Graduation,1,0,2017-10-11 10:59:23,Sana Tariq,2,2800,3.135888502,128.5714286,280
687,35682,50,Divorced,PhD,1,0,2019-03-28 10:59:23,Umar Farooq,0,1200,2.166666667,13,30
688,43185,69,Divorced,Graduation,0,1,2018-01-09 10:59:23,Nadia Iqbal,0,4800,4.376811594,201.3333333,270
689,66375,72,Together,PhD,0,1,2018-08-22 10:59:23,Bilal Hussain,1,2800,17.20454545,189.25,40
690,35178,49,Married,Master,1,0,2017-10-11 10:59:23,Hina Shah,1,3500,0.95,5.7,25
691,25252,34,Married,Graduation,1,0,2018-04-12 10:59:23,Kamran Aslam,0,4000,0.533333333,3.2,25
692,55250,55,Single,Master,0,1,2017-07-22 10:59:23,Rabia Noor,0,3000,7.75,279,210
693,33249,45,Single,Graduation,1,0,2017-11-21 10:59:23,Tariq Mehmood,0,4200,1.818181818,20,70
694,58398,67,Together,Graduation,0,0,2018-02-12 10:59:23,Saima Gul,0,2400,6.878205128,178.8333333,150
695,50272,38,Together,Graduation,1,0,2018-05-08 10:59:23,Shahzad Anwar,0,4900,3.115646259,65.42857143,140
696,76618,45,Married,PhD,0,0,2017-09-07 10:59:23,Mariam Yousaf,0,700,24.35714286,389.7142857,105
697,87305,60,Divorced,2n Cycle,0,0,2017-06-24 10:59:23,Imran Qureshi,1,1400,5.89010989,153.1428571,175
698,25851,42,Together,Graduation,1,0,2017-11-12 10:59:23,Bushra Ansari,0,4200,1.227272727,13.5,60
699,58710,50,Divorced,Graduation,0,1,2017-12-30 10:59:23,Naveed Akhtar,0,3600,6.017857143,337,330
700,45160,62,Single,Graduation,1,1,2018-12-28 10:59:23,Asma Zafar,0,3500,1.1,6.6,25
701,74806,55,Married,Master,0,1,2017-09-19 10:59:23,Ali Khan,0,2000,14.63846154,380.6,125
702,59111,66,Married,Graduation,0,0,2018-01-31 10:59:23,Ayesha Malik,0,3500,5,280,275
703,18988,36,Married,PhD,1,0,2019-02-21 10:59:23,Hassan Raza,0,2800,0.958333333,5.75,20
704,72190,55,Married,Graduation,0,0,2017-11-14 10:59:23,Fatima Javed,0,1500,20.25384615,526.6,125
705,7500,44,Married,Graduation,1,0,2017-05-02 10:59:23,Zain Ahmed,1,3600,0.380952381,8,80
706,44794,54,Married,Graduation,0,1,2019-03-09 10:59:23,Sana Tariq,0,2400,2.772727273,30.5,40
707,80395,65,Married,Graduation,0,0,2018-08-24 10:59:23,Umar Farooq,1,1400,6.138248848,190.2857143,210
708,75012,44,Divorced,Master,0,0,2018-10-26 10:59:23,Nadia Iqbal,0,700,15.64285714,250.2857143,105
709,56962,55,Married,Master,2,1,2018-07-12 10:59:23,Bilal Hussain,0,4200,4.123655914,127.8333333,180
710,89891,29,Together,Graduation,0,0,2018-01-14 10:59:23,Hina Shah,1,2800,1.665816327,93.28571429,385
711,35946,71,Divorced,PhD,1,1,2018-06-28 10:59:23,Kamran Aslam,0,1500,7.333333333,7.333333333,0
712,53593,67,Together,PhD,1,1,2017-05-08 10:59:23,Rabia Noor,0,4800,4.046296296,145.6666667,210
713,66373,42,Married,Graduation,1,1,2018-03-13 10:59:23,Tariq Mehmood,0,2100,6.761904762,142,140
714,45072,72,Divorced,PhD,1,2,2018-07-17 10:59:23,Saima Gul,0,4800,2.720430108,84.33333333,180
715,89694,47,Divorced,Graduation,1,1,2018-07-10 10:59:23,Shahzad Anwar,3,3000,5.619047619,118,120
716,72025,71,Married,Graduation,0,0,2019-01-28 10:59:23,Mariam Yousaf,3,1000,7.985714286,167.7,100
717,67432,47,Married,Graduation,0,1,2017-12-28 10:59:23,Imran Qureshi,0,2800,8.118466899,332.8571429,280
718,70545,68,Together,Master,0,1,2019-03-04 10:59:23,Bushra Ansari,0,1400,4.258503401,89.42857143,140
719,17487,31,Married,Basic,1,0,2017-12-17 10:59:23,Naveed Akhtar,0,2800,0.75,4.5,20
720,62882,51,Together,Graduation,0,1,2017-05-10 10:59:23,Asma Zafar,0,2800,9.849206349,354.5714286,245
721,64108,67,Single,PhD,0,1,2017-12-22 10:59:23,Ali Khan,0,3000,11.47849462,355.8333333,180
722,34941,64,Together,Master,1,1,2017-12-05 10:59:23,Ayesha Malik,0,5600,1.303571429,20.85714286,105
723,48767,70,Single,PhD,1,2,2018-10-02 10:59:23,Hassan Raza,0,3000,1.606060606,17.66666667,60
724,38702,42,Together,2n Cycle,1,0,2018-05-02 10:59:23,Fatima Javed,0,3600,1.302083333,20.83333333,90
725,82224,56,Married,Graduation,0,0,2018-10-26 10:59:23,Zain Ahmed,1,2100,3.97235023,123.1428571,210
726,83844,68,Together,Graduation,0,0,2018-02-10 10:59:23,Sana Tariq,1,600,10.8531746,227.9166667,120
727,17003,45,Married,2n Cycle,1,0,2018-09-09 10:59:23,Umar Farooq,0,3500,0.805194805,8.857142857,70
728,71163,25,Single,Graduation,0,0,2018-12-08 10:59:23,Nadia Iqbal,0,700,16.35714286,261.7142857,105
729,33697,50,Single,Graduation,1,0,2018-06-16 10:59:23,Bilal Hussain,1,3500,0.516666667,3.1,25
730,63564,66,Married,2n Cycle,0,0,2018-10-30 10:59:23,Hina Shah,1,4200,3.221288515,164.2857143,350
731,83443,48,Together,PhD,0,0,2018-10-01 10:59:23,Kamran Aslam,0,1400,13.02304147,403.7142857,210
732,51518,62,Together,PhD,0,1,2018-07-04 10:59:23,Rabia Noor,0,1800,9.229166667,147.6666667,90
733,58330,45,Widow,Graduation,0,1,2018-09-25 10:59:23,Tariq Mehmood,0,2800,8.414746544,260.8571429,210
734,80952,51,Married,Graduation,0,0,2017-11-29 10:59:23,Saima Gul,3,5600,2.984320557,122.3571429,280
735,75507,41,Together,Graduation,0,0,2019-01-31 10:59:23,Shahzad Anwar,0,1800,10.73170732,440,240
736,63855,42,Together,2n Cycle,0,0,2017-11-10 10:59:23,Mariam Yousaf,0,2800,7.277777778,262,245
737,62220,48,Together,PhD,0,1,2017-05-12 10:59:23,Imran Qureshi,0,3000,13.35555556,480.8,175
738,58512,56,Married,Graduation,0,1,2018-06-20 10:59:23,Bushra Ansari,0,4800,21.22916667,339.6666667,90
739,40662,41,Married,Master,1,0,2017-12-14 10:59:23,Naveed Akhtar,0,2000,2.090909091,23,50
740,38829,61,Married,PhD,0,1,2019-01-05 10:59:23,Asma Zafar,0,2000,2.59375,41.5,60
741,35523,39,Married,2n Cycle,1,0,2018-07-04 10:59:23,Ali Khan,0,3500,1.175,18.8,75
742,79146,53,Single,Graduation,1,1,2019-01-23 10:59:23,Ayesha Malik,0,3600,4.390243902,180,240
743,78285,32,Married,Master,0,0,2018-07-29 10:59:23,Hassan Raza,0,2100,12.78341014,396.2857143,210
744,31626,42,Single,PhD,1,0,2018-02-08 10:59:23,Fatima Javed,1,4200,0.78030303,8.583333333,60
745,75127,68,Single,Graduation,0,0,2019-02-20 10:59:23,Zain Ahmed,0,700,15.74025974,173.1428571,70
746,48726,65,Married,Graduation,0,1,2018-01-26 10:59:23,Sana Tariq,0,3600,3.8125,61,90
747,74985,43,Married,Graduation,0,0,2017-06-12 10:59:23,Umar Farooq,0,1200,37.14583333,594.3333333,90
748,67430,33,Together,Graduation,0,0,2017-06-06 10:59:23,Nadia Iqbal,0,4200,6.341836735,355.1428571,385
749,46891,55,Married,2n Cycle,0,1,2018-06-02 10:59:23,Bilal Hussain,0,2400,2.772727273,30.5,60
750,62058,64,Married,Master,0,1,2018-02-24 10:59:23,Hina Shah,0,3600,4.215053763,130.6666667,180
751,72063,41,Married,Graduation,0,1,2018-04-03 10:59:23,Kamran Aslam,0,1200,8.358974359,217.3333333,150
752,78939,69,Married,PhD,0,0,2018-09-12 10:59:23,Rabia Noor,0,1800,10.58536585,434,240
753,42720,55,Single,Graduation,1,1,2018-01-23 10:59:23,Tariq Mehmood,0,5600,4.301587302,154.8571429,245
754,33622,48,Married,Graduation,1,1,2018-01-12 10:59:23,Saima Gul,0,4900,1.792207792,19.71428571,70
755,6835,63,Together,PhD,0,1,2017-09-08 10:59:23,Shahzad Anwar,0,8000,58.5,58.5,0
756,41452,67,Together,Graduation,1,1,2017-12-05 10:59:23,Mariam Yousaf,0,2100,1.777777778,10.66666667,15
757,40760,55,Single,PhD,0,1,2018-05-31 10:59:23,Imran Qureshi,0,2400,3.954545455,43.5,40
758,74250,62,Together,PhD,0,0,2018-10-27 10:59:23,Bushra Ansari,0,500,42.10909091,463.2,50
759,51124,65,Single,Master,1,1,2018-09-18 10:59:23,Naveed Akhtar,0,1500,2.566666667,15.4,25
760,72258,49,Single,Graduation,0,1,2018-06-13 10:59:23,Asma Zafar,0,1000,14.58064516,452,150
761,71466,46,Single,PhD,0,0,2019-01-04 10:59:23,Ali Khan,0,600,19.52380952,410,120
762,36283,44,Together,Graduation,1,1,2019-01-13 10:59:23,Ayesha Malik,0,1600,1.583333333,9.5,20
763,20587,50,Single,Graduation,1,0,2019-02-09 10:59:23,Hassan Raza,0,4900,0.761904762,4.571428571,35
764,30467,48,Married,Graduation,1,0,2018-12-18 10:59:23,Fatima Javed,0,4200,0.916666667,5.5,30
765,31590,48,Together,Graduation,1,0,2018-03-19 10:59:23,Zain Ahmed,0,4000,1.933333333,11.6,25
766,20425,34,Married,Basic,1,0,2017-07-30 10:59:23,Sana Tariq,0,4900,1.038961039,11.42857143,70
767,17144,60,Together,Master,1,1,2018-11-16 10:59:23,Umar Farooq,0,3500,1,16,75
768,42564,52,Divorced,PhD,0,1,2017-10-03 10:59:23,Nadia Iqbal,1,4900,2.834101382,87.85714286,210
769,43783,42,Married,Master,1,0,2019-02-27 10:59:23,Bilal Hussain,1,4900,1.944444444,70,245
770,40780,44,Divorced,Graduation,0,1,2017-06-09 10:59:23,Hina Shah,0,6300,2.722222222,98,245
771,62847,75,Together,Master,0,0,2017-10-16 10:59:23,Kamran Aslam,0,1400,27.69642857,443.1428571,105
772,82017,63,Married,PhD,0,0,2017-08-08 10:59:23,Rabia Noor,3,1000,2.626923077,68.3,125
773,16813,70,Single,Graduation,0,0,2018-04-19 10:59:23,Tariq Mehmood,1,4900,0.480519481,5.285714286,70
774,51267,42,Married,Graduation,1,1,2018-07-30 10:59:23,Saima Gul,0,2400,5.354166667,85.66666667,90
775,46524,59,Single,Graduation,0,1,2018-01-04 10:59:23,Shahzad Anwar,0,2100,5.952380952,35.71428571,35
776,45183,58,Single,Master,0,0,2017-10-21 10:59:23,Mariam Yousaf,1,4200,2.357142857,49.5,120
777,70421,66,Married,PhD,0,1,2019-03-29 10:59:23,Imran Qureshi,0,4200,4.100840336,209.1428571,350
778,60161,55,Divorced,2n Cycle,0,1,2017-07-24 10:59:23,Bushra Ansari,0,5600,4.56122449,255.4285714,385
779,73926,47,Together,Graduation,0,0,2017-12-01 10:59:23,Naveed Akhtar,0,1800,16.33870968,506.5,180
780,19329,52,Married,Graduation,1,0,2018-09-14 10:59:23,Asma Zafar,0,5600,0.74829932,15.71428571,140
781,61872,50,Married,Master,0,1,2018-09-13 10:59:23,Ali Khan,0,2800,7.578231293,159.1428571,140
782,46984,64,Widow,Graduation,1,1,2017-12-25 10:59:23,Ayesha Malik,0,3000,1.805555556,10.83333333,30
783,34838,69,Married,Graduation,1,1,2017-10-20 10:59:23,Hassan Raza,0,3600,3.287878788,36.16666667,60
784,82716,76,Single,PhD,0,0,2018-08-06 10:59:23,Fatima Javed,0,1200,11.51612903,357,180
785,48192,62,Married,Graduation,0,0,2018-01-05 10:59:23,Zain Ahmed,3,5600,9.720779221,106.9285714,70
786,49681,44,Married,Master,0,2,2018-08-05 10:59:23,Sana Tariq,0,2800,6.069444444,218.5,140
787,56850,49,Married,Master,0,1,2018-12-22 10:59:23,Umar Farooq,0,1200,3.5,21,30
788,55267,63,Married,Graduation,0,1,2018-07-22 10:59:23,Nadia Iqbal,0,2100,6.428571429,102.8571429,105
789,59666,48,Married,Graduation,1,1,2017-12-21 10:59:23,Bilal Hussain,1,5600,7.982142857,127.7142857,105
790,72504,48,Single,Graduation,0,1,2018-01-05 10:59:23,Hina Shah,0,1400,15.20879121,395.4285714,175
791,26872,39,Married,Graduation,0,0,2018-07-17 10:59:23,Kamran Aslam,0,3000,2.3,13.8,25
792,21359,48,Single,Graduation,1,0,2018-01-19 10:59:23,Rabia Noor,0,5600,0.987012987,10.85714286,70
793,73170,45,Single,Graduation,0,0,2019-03-01 10:59:23,Tariq Mehmood,0,1400,7.626373626,198.2857143,175
794,52750,65,Married,Master,0,1,2017-11-05 10:59:23,Saima Gul,0,2000,11.63846154,302.6,125
795,91820,34,Together,PhD,0,0,2018-08-24 10:59:23,Shahzad Anwar,0,700,16.12087912,419.1428571,175
796,65968,50,Together,PhD,0,1,2019-02-10 10:59:23,Mariam Yousaf,0,1800,6.269230769,163,150
797,30772,44,Married,Graduation,1,1,2018-12-11 10:59:23,Imran Qureshi,0,3000,0.866666667,5.2,25
798,22507,66,Single,Graduation,0,0,2017-08-25 10:59:23,Bushra Ansari,0,4500,3.670588235,187.2,250
799,65685,48,Married,Graduation,0,1,2018-12-28 10:59:23,Naveed Akhtar,0,3000,5.15942029,237.3333333,270
800,25804,42,Married,2n Cycle,1,0,2018-06-02 10:59:23,Asma Zafar,0,5600,1.116883117,12.28571429,70
801,76412,40,Single,PhD,0,0,2018-02-03 10:59:23,Ali Khan,2,2100,6.56043956,170.5714286,175
802,22063,48,Married,Graduation,1,0,2018-05-09 10:59:23,Ayesha Malik,0,4200,1.166666667,12.83333333,60
803,57091,59,Single,Graduation,0,0,2019-03-16 10:59:23,Hassan Raza,1,3000,2.5,90,210
804,22419,57,Married,Graduation,0,0,2018-01-17 10:59:23,Fatima Javed,0,5600,2.142857143,34.28571429,105
805,87771,61,Together,Graduation,0,1,2018-02-20 10:59:23,Zain Ahmed,4,4200,4.228571429,109.9428571,175
806,78353,61,Divorced,2n Cycle,0,1,2018-01-15 10:59:23,Sana Tariq,0,5600,8.638655462,440.5714286,350
807,93404,66,Married,Graduation,1,2,2018-02-05 10:59:23,Umar Farooq,2,2500,13.27916667,212.4666667,75
808,37859,58,Divorced,Graduation,1,2,2017-10-13 10:59:23,Nadia Iqbal,0,4000,2.166666667,13,25
809,80995,62,Widow,PhD,0,1,2018-02-09 10:59:23,Bilal Hussain,0,2400,11.36585366,466,240
810,16529,36,Together,Graduation,1,0,2018-11-30 10:59:23,Hina Shah,0,3000,1.4,8.4,25
811,55412,44,Divorced,PhD,1,1,2018-08-23 10:59:23,Kamran Aslam,0,3500,1.428571429,15.71428571,70
812,48789,28,Single,Graduation,0,0,2017-06-11 10:59:23,Rabia Noor,0,4200,4.930875576,152.8571429,210
813,56575,53,Together,PhD,0,2,2018-02-03 10:59:23,Tariq Mehmood,0,3000,4.925925926,177.3333333,210
814,25130,40,Together,2n Cycle,1,0,2018-07-03 10:59:23,Saima Gul,0,3500,0.836363636,9.2,50
815,35441,53,Married,Graduation,1,1,2017-11-15 10:59:23,Shahzad Anwar,0,4000,2.466666667,14.8,25
816,71391,64,Married,Graduation,0,1,2017-12-28 10:59:23,Mariam Yousaf,0,1800,9.037634409,280.1666667,180
817,49494,48,Single,Master,1,0,2018-01-24 10:59:23,Imran Qureshi,0,4200,3.258064516,101,180
818,81702,40,Divorced,Graduation,0,0,2017-06-24 10:59:23,Bushra Ansari,0,2100,11.47619048,413.1428571,245
819,45889,40,Single,2n Cycle,0,1,2018-04-02 10:59:23,Naveed Akhtar,0,3000,2.533333333,15.2,25
820,56628,43,Single,Graduation,0,1,2018-12-20 10:59:23,Asma Zafar,1,3500,2.341269841,84.28571429,245
821,34026,70,Together,Graduation,1,1,2018-05-06 10:59:23,Ali Khan,0,3500,1.532467532,16.85714286,70
822,40049,46,Married,Graduation,0,1,2017-08-30 10:59:23,Ayesha Malik,0,3500,4.678571429,74.85714286,105
823,34176,32,Single,Graduation,1,0,2019-02-10 10:59:23,Hassan Raza,0,4200,1.232142857,19.71428571,105
824,19419,39,Married,Graduation,1,0,2017-08-11 10:59:23,Fatima Javed,0,6300,0.857142857,18,140
825,82504,60,Married,2n Cycle,0,0,2018-04-27 10:59:23,Zain Ahmed,0,700,18.07142857,289.1428571,105
826,81205,50,Together,Graduation,0,0,2018-10-14 10:59:23,Sana Tariq,3,1400,5.162087912,134.2142857,175
827,61618,29,Single,2n Cycle,0,0,2017-06-30 10:59:23,Umar Farooq,0,1800,23.75,380,90
828,55284,64,Single,Master,0,1,2017-09-24 10:59:23,Nadia Iqbal,0,2500,7.75,279,175
829,49980,57,Single,Graduation,0,1,2018-07-24 10:59:23,Bilal Hussain,0,3500,3.232142857,51.71428571,105
830,15072,40,Married,Graduation,2,0,2018-02-08 10:59:23,Hina Shah,0,3000,0.729166667,11.66666667,90
831,49166,46,Single,Graduation,0,1,2018-03-14 10:59:23,Kamran Aslam,0,3600,3.307692308,86,150
832,65324,66,Married,PhD,0,1,2018-10-12 10:59:23,Rabia Noor,0,2400,5.795698925,179.6666667,180
833,82347,63,Married,2n Cycle,0,0,2017-08-07 10:59:23,Tariq Mehmood,2,2100,4.735449735,170.4761905,245
834,30843,54,Together,PhD,1,1,2019-02-24 10:59:23,Saima Gul,1,2000,1.083333333,6.5,20
835,46374,46,Married,PhD,0,1,2018-12-16 10:59:23,Shahzad Anwar,2,3200,1.986111111,71.5,140
836,60474,41,Single,Graduation,0,1,2017-12-31 10:59:23,Mariam Yousaf,0,4900,5.658263305,288.5714286,350
837,38576,47,Married,Master,0,1,2018-12-03 10:59:23,Imran Qureshi,0,2100,4.555555556,27.33333333,15
838,55357,35,Married,Graduation,2,0,2017-11-20 10:59:23,Bushra Ansari,0,3000,6.784946237,210.3333333,180
839,37758,54,Together,Graduation,1,1,2017-07-05 10:59:23,Naveed Akhtar,0,4000,2.6,15.6,25
840,85710,31,Married,2n Cycle,0,0,2018-02-03 10:59:23,Asma Zafar,1,1400,4.741935484,147,210
841,23228,51,Together,Graduation,1,0,2018-10-27 10:59:23,Ali Khan,0,4800,1.212121212,13.33333333,60
842,44602,51,Together,Master,1,1,2018-11-16 10:59:23,Ayesha Malik,0,4000,3.329032258,103.2,150
843,7500,33,Married,Graduation,0,0,2017-10-10 10:59:23,Hassan Raza,0,3000,3,3,0
844,38683,31,Together,2n Cycle,1,0,2017-07-05 10:59:23,Fatima Javed,0,4900,3.741496599,78.57142857,140
845,49514,45,Single,2n Cycle,1,0,2018-09-17 10:59:23,Zain Ahmed,0,4900,2.543778802,78.85714286,210
846,57906,47,Together,PhD,0,1,2018-03-12 10:59:23,Sana Tariq,0,2800,5.25170068,110.2857143,140
847,43456,54,Single,Master,0,1,2017-12-25 10:59:23,Umar Farooq,0,3000,4.903846154,127.5,150
848,19485,34,Single,Master,2,0,2018-06-25 10:59:23,Nadia Iqbal,0,2100,1.111111111,6.666666667,15
849,53172,42,Together,Graduation,0,1,2018-02-04 10:59:23,Bilal Hussain,0,2100,9.376623377,103.1428571,70
850,30545,41,Together,Graduation,1,0,2017-07-18 10:59:23,Hina Shah,0,4200,1.545454545,17,60
851,70123,37,Together,PhD,0,0,2018-06-29 10:59:23,Kamran Aslam,2,1200,11.07051282,287.8333333,100
852,62450,61,Single,Graduation,0,1,2018-10-07 10:59:23,Rabia Noor,1,2100,5.258241758,136.7142857,175
853,21675,44,Together,Graduation,1,0,2019-03-12 10:59:23,Tariq Mehmood,0,2800,0.880952381,18.5,80
854,42395,39,Single,2n Cycle,1,1,2019-01-03 10:59:23,Saima Gul,0,4900,2.803571429,44.85714286,105
855,61346,42,Together,Master,1,0,2018-07-07 10:59:23,Shahzad Anwar,0,2100,9.307692308,242,175
856,80812,67,Together,Graduation,0,0,2018-06-18 10:59:23,Mariam Yousaf,3,1400,5.591836735,117.4285714,140
857,42835,49,Divorced,Master,1,1,2018-03-31 10:59:23,Imran Qureshi,0,4200,4.580645161,142,210
858,39922,37,Married,Graduation,1,0,2017-11-15 10:59:23,Bushra Ansari,0,5600,2.142857143,34.28571429,105
859,86424,64,Single,Master,0,0,2019-01-04 10:59:23,Naveed Akhtar,0,600,12.08602151,374.6666667,180
860,17117,42,Together,2n Cycle,1,0,2017-10-18 10:59:23,Asma Zafar,0,6300,2.160714286,34.57142857,105
861,24762,48,Single,Graduation,1,0,2018-11-11 10:59:23,Ali Khan,1,4800,0.447916667,7.166666667,90
862,35797,45,Married,Graduation,0,1,2017-07-17 10:59:23,Ayesha Malik,0,4800,1.409090909,15.5,60
863,36627,45,Divorced,Graduation,2,0,2018-04-23 10:59:23,Hassan Raza,0,2000,7.25,7.25,0
864,51111,39,Married,2n Cycle,1,1,2019-03-20 10:59:23,Fatima Javed,0,3600,1.575757576,17.33333333,60
865,86857,48,Single,PhD,0,0,2017-06-13 10:59:23,Zain Ahmed,0,1200,25.93589744,674.3333333,150
866,82072,50,Together,PhD,0,0,2018-04-02 10:59:23,Sana Tariq,0,700,33.73214286,539.7142857,105
867,46231,67,Single,PhD,2,1,2017-08-27 10:59:23,Umar Farooq,0,5400,2.698924731,83.66666667,180
868,42243,61,Married,Graduation,1,1,2018-09-11 10:59:23,Nadia Iqbal,0,2800,2.272727273,25,40
869,51195,58,Together,Graduation,1,1,2017-12-31 10:59:23,Bilal Hussain,0,5600,3.142857143,144.5714286,315
870,68092,42,Single,Master,0,0,2018-09-16 10:59:23,Hina Shah,0,3500,32.02597403,352.2857143,70
871,31814,47,Married,Graduation,1,0,2017-11-10 10:59:23,Kamran Aslam,1,5400,0.803030303,8.833333333,60
872,51390,55,Widow,Master,1,1,2017-06-09 10:59:23,Rabia Noor,0,3500,3.263736264,84.85714286,175
873,76630,37,Married,Graduation,0,0,2018-10-15 10:59:23,Tariq Mehmood,0,700,14.78571429,236.5714286,105
874,26868,29,Single,Basic,1,0,2019-01-29 10:59:23,Saima Gul,0,3500,0.8,4.8,25
875,48948,77,Divorced,PhD,0,0,2017-11-02 10:59:23,Shahzad Anwar,1,4200,3.412698413,122.8571429,245
876,55260,48,Single,PhD,0,1,2017-09-12 10:59:23,Mariam Yousaf,0,3600,7.292682927,299,240
877,64090,64,Together,Graduation,0,1,2018-05-08 10:59:23,Imran Qureshi,0,3500,6.101382488,189.1428571,210
878,78331,62,Divorced,Graduation,0,1,2018-10-24 10:59:23,Bushra Ansari,0,2800,8.834733894,450.5714286,350
879,37087,46,Married,PhD,1,0,2018-05-12 10:59:23,Naveed Akhtar,0,3600,6.317460317,132.6666667,120
880,21846,34,Divorced,Graduation,1,0,2018-07-23 10:59:23,Asma Zafar,0,5600,0.789115646,16.57142857,140
881,81320,62,Married,Graduation,0,0,2017-11-07 10:59:23,Ali Khan,0,1400,11.85034014,248.8571429,140
882,54137,50,Divorced,Graduation,0,1,2018-05-17 10:59:23,Ayesha Malik,0,3000,3.485714286,73.2,100
883,66825,53,Together,Graduation,0,0,2018-04-14 10:59:23,Hassan Raza,0,1200,12.66666667,266,120
884,57100,47,Together,Graduation,0,0,2018-09-04 10:59:23,Fatima Javed,0,2100,5.589285714,89.42857143,105
885,58917,51,Together,Graduation,1,2,2017-12-23 10:59:23,Zain Ahmed,0,2500,4.771428571,100.2,100
886,85072,43,Single,Graduation,0,0,2019-01-08 10:59:23,Sana Tariq,0,0,21.10714286,337.7142857,105
887,86429,59,Single,Graduation,0,0,2018-08-22 10:59:23,Umar Farooq,1,1400,5.603174603,201.7142857,245
888,45684,49,Widow,Graduation,1,0,2018-09-02 10:59:23,Nadia Iqbal,0,3500,1.233333333,7.4,25
889,47889,46,Together,Graduation,1,0,2018-10-05 10:59:23,Bilal Hussain,0,2000,2.204545455,24.25,40
890,45921,34,Married,PhD,0,0,2018-12-09 10:59:23,Hina Shah,0,2800,4.857142857,53.42857143,70
891,78420,54,Single,PhD,0,0,2018-03-30 10:59:23,Kamran Aslam,0,500,34.925,558.8,75
892,75114,28,Together,Graduation,0,0,2018-08-08 10:59:23,Rabia Noor,0,1400,21.94642857,351.1428571,105
893,52278,57,Widow,PhD,0,1,2017-10-26 10:59:23,Tariq Mehmood,0,3200,10.03921569,512,200
894,35641,48,Married,Master,1,0,2018-04-14 10:59:23,Saima Gul,0,4900,2.678571429,42.85714286,105
895,95529,26,Single,Graduation,0,0,2017-09-03 10:59:23,Shahzad Anwar,1,2100,7.801587302,280.8571429,245
896,62820,66,Married,Graduation,0,0,2018-02-09 10:59:23,Mariam Yousaf,0,600,18.59375,297.5,90
897,73113,60,Together,Master,0,0,2018-09-26 10:59:23,Imran Qureshi,0,1400,17.375,278,105
898,84169,38,Married,PhD,0,0,2018-05-08 10:59:23,Bushra Ansari,2,1200,8.840277778,318.25,140
899,42607,66,Single,2n Cycle,0,1,2018-08-18 10:59:23,Naveed Akhtar,0,2100,5.410714286,86.57142857,105
900,74637,66,Single,PhD,0,0,2018-02-16 10:59:23,Asma Zafar,1,1800,8.784946237,272.3333333,180
901,46015,65,Together,PhD,1,1,2019-01-12 10:59:23,Ali Khan,2,2800,1.111111111,6.666666667,20
902,72354,27,Single,Graduation,0,0,2018-01-16 10:59:23,Ayesha Malik,0,700,27.16883117,298.8571429,70
903,39858,51,Single,Master,1,0,2017-10-25 10:59:23,Hassan Raza,0,4200,1.792207792,19.71428571,70
904,34469,72,Married,PhD,1,1,2019-02-02 10:59:23,Fatima Javed,0,2400,2.777777778,16.66666667,30
905,83033,34,Together,Graduation,1,0,2019-02-16 10:59:23,Zain Ahmed,1,3500,4.408163265,246.8571429,385
906,24401,41,Together,Master,0,0,2017-06-01 10:59:23,Sana Tariq,0,5600,3.244239631,100.5714286,210
907,77583,42,Married,Graduation,0,0,2018-11-11 10:59:23,Umar Farooq,1,1400,7.081632653,148.7142857,140
908,74116,38,Single,2n Cycle,0,0,2018-09-30 10:59:23,Nadia Iqbal,1,1400,12.82993197,269.4285714,140
909,74293,27,Single,Graduation,0,0,2019-02-02 10:59:23,Bilal Hussain,0,1400,11.49450549,298.8571429,175
910,68397,44,Married,PhD,0,1,2018-08-18 10:59:23,Hina Shah,0,1800,13.93548387,432,180
911,79632,46,Together,PhD,0,0,2019-01-07 10:59:23,Kamran Aslam,0,1200,11.83870968,367,180
912,46107,31,Single,Graduation,1,0,2018-11-11 10:59:23,Rabia Noor,0,1800,4.861111111,29.16666667,30
913,64950,69,Single,PhD,0,1,2017-05-13 10:59:23,Tariq Mehmood,1,3500,3.225,180.6,275
914,25443,31,Married,Basic,1,0,2017-09-22 10:59:23,Saima Gul,0,5600,1.19047619,7.142857143,35
915,75127,68,Single,Graduation,0,0,2019-02-20 10:59:23,Shahzad Anwar,0,700,15.74025974,173.1428571,70
916,32892,49,Together,PhD,1,0,2019-02-23 10:59:23,Mariam Yousaf,0,4000,1.075,17.2,75
917,71796,49,Together,Graduation,0,0,2018-07-25 10:59:23,Imran Qureshi,0,2800,5.763975155,265.1428571,315
918,67536,50,Married,PhD,0,1,2018-02-20 10:59:23,Bushra Ansari,1,4800,5.339285714,299,330
919,55239,49,Single,Graduation,0,1,2018-04-14 10:59:23,Naveed Akhtar,0,3500,5.341269841,192.2857143,245
920,60554,45,Divorced,PhD,1,0,2018-05-10 10:59:23,Asma Zafar,0,3600,6.410569106,262.8333333,240
921,64831,68,Single,2n Cycle,1,1,2018-03-11 10:59:23,Ali Khan,0,3600,10.03225806,311,180
922,56067,58,Together,PhD,0,1,2018-04-20 10:59:23,Ayesha Malik,0,3500,4.801587302,172.8571429,245
923,82025,37,Divorced,Graduation,0,0,2018-02-26 10:59:23,Hassan Raza,1,600,10.83333333,173.3333333,90
924,94384,67,Together,Graduation,0,0,2017-12-03 10:59:23,Fatima Javed,3,1400,5.851648352,152.1428571,175
925,14906,34,Single,Basic,0,0,2017-09-22 10:59:23,Zain Ahmed,0,3500,1.6,17.6,50
926,51563,33,Married,PhD,0,0,2017-07-02 10:59:23,Sana Tariq,2,3200,9.634920635,202.3333333,80
927,57937,38,Married,2n Cycle,0,1,2018-11-17 10:59:23,Umar Farooq,0,2100,7.482993197,157.1428571,140
928,68274,41,Divorced,Graduation,1,1,2018-07-01 10:59:23,Nadia Iqbal,0,1800,3.912698413,82.16666667,120
929,39771,43,Together,Graduation,1,0,2018-09-06 10:59:23,Bilal Hussain,0,2400,1.060606061,11.66666667,60
930,67893,45,Divorced,2n Cycle,0,1,2017-07-02 10:59:23,Hina Shah,0,5600,16.92857143,270.8571429,105
931,27922,41,Together,PhD,1,0,2019-02-08 10:59:23,Kamran Aslam,0,2000,0.890909091,9.8,50
932,52190,44,Together,PhD,1,1,2019-02-06 10:59:23,Rabia Noor,1,2000,1.340909091,14.75,40
933,44051,47,Divorced,Master,1,1,2017-10-30 10:59:23,Tariq Mehmood,0,4200,2.732142857,43.71428571,105
934,42767,49,Single,PhD,2,0,2018-02-09 10:59:23,Saima Gul,0,5600,1.660714286,26.57142857,105
935,46106,44,Together,Master,1,1,2019-02-09 10:59:23,Shahzad Anwar,0,3000,2.666666667,16,25
936,16927,44,Married,PhD,1,1,2017-11-11 10:59:23,Mariam Yousaf,0,5600,0.875,14,105
937,59754,55,Married,Graduation,0,1,2017-09-01 10:59:23,Imran Qureshi,0,3500,3.692307692,96,175
938,53700,68,Single,Graduation,0,1,2017-05-18 10:59:23,Bushra Ansari,0,3500,6.714285714,174.5714286,175
939,59041,47,Married,Graduation,1,1,2019-02-05 10:59:23,Naveed Akhtar,0,2500,3.2,35.2,50
940,54237,63,Divorced,PhD,0,1,2018-01-26 10:59:23,Asma Zafar,0,3600,3.897435897,101.3333333,150
941,70647,53,Divorced,Graduation,0,1,2017-06-22 10:59:23,Ali Khan,0,1400,13.1292517,275.7142857,140
942,52597,58,Single,PhD,0,1,2019-02-05 10:59:23,Ayesha Malik,0,2500,6.916129032,214.4,150
943,41021,51,Together,Master,1,0,2017-09-30 10:59:23,Hassan Raza,0,4200,1.350649351,14.85714286,70
944,40233,45,Married,PhD,0,1,2018-07-15 10:59:23,Fatima Javed,0,3600,4.454545455,49,60
945,50183,40,Married,Graduation,1,1,2019-03-26 10:59:23,Zain Ahmed,0,3500,3.857142857,61.71428571,105
946,54753,61,Together,Graduation,0,1,2018-06-13 10:59:23,Sana Tariq,0,2800,6.56043956,170.5714286,175
947,92955,47,Married,Graduation,0,0,2018-05-20 10:59:23,Umar Farooq,2,1400,5.204301075,161.3333333,210
948,33471,47,Married,Graduation,1,0,2017-07-13 10:59:23,Nadia Iqbal,0,4200,1.6875,27,90
949,34596,46,Married,PhD,1,0,2018-01-12 10:59:23,Bilal Hussain,0,3200,1.333333333,8,20
950,44010,40,Together,Graduation,1,0,2017-07-14 10:59:23,Hina Shah,0,6300,3.43977591,175.4285714,350
951,84219,32,Married,Graduation,0,0,2018-11-03 10:59:23,Kamran Aslam,0,500,26.55,424.8,75
952,40706,52,Together,PhD,2,1,2017-10-18 10:59:23,Rabia Noor,0,4200,1.583333333,25.33333333,90
953,15716,32,Married,2n Cycle,1,0,2017-08-13 10:59:23,Tariq Mehmood,0,5600,1.178571429,18.85714286,105
954,59052,61,Divorced,2n Cycle,0,1,2018-08-18 10:59:23,Saima Gul,0,3500,3.650793651,131.4285714,245
955,80573,49,Together,Master,0,0,2017-07-15 10:59:23,Shahzad Anwar,0,1400,21.07482993,442.5714286,140
956,83715,58,Married,Graduation,0,0,2018-11-04 10:59:23,Mariam Yousaf,0,0,27.6969697,304.6666667,60
957,82576,61,Together,Master,0,0,2017-05-02 10:59:23,Imran Qureshi,1,600,28.53030303,313.8333333,60
958,56962,55,Married,Master,2,1,2018-07-12 10:59:23,Bushra Ansari,0,4200,4.123655914,127.8333333,180
959,35704,68,Married,Graduation,1,1,2018-10-04 10:59:23,Naveed Akhtar,0,2400,1.484848485,16.33333333,60
960,53103,66,Together,Graduation,0,1,2018-06-13 10:59:23,Asma Zafar,1,4200,2.908496732,148.3333333,300
961,46779,60,Widow,2n Cycle,1,1,2018-04-12 10:59:23,Ali Khan,0,2000,6.4,6.4,0
962,4861,55,Divorced,Graduation,0,0,2019-03-23 10:59:23,Ayesha Malik,0,4200,2.333333333,2.333333333,0
963,33462,41,Divorced,Master,1,0,2018-05-08 10:59:23,Hassan Raza,0,3500,1.563636364,17.2,50
964,63693,42,Divorced,Graduation,0,1,2018-07-15 10:59:23,Fatima Javed,0,4200,5.591836735,313.1428571,385
965,80763,70,Married,Graduation,0,0,2018-05-16 10:59:23,Zain Ahmed,2,2100,4.336996337,112.7619048,175
966,65352,46,Married,PhD,0,1,2018-05-22 10:59:23,Sana Tariq,0,2800,5.197278912,109.1428571,140
967,82170,42,Married,PhD,0,0,2018-08-26 10:59:23,Umar Farooq,0,1400,20.56043956,534.5714286,175
968,75759,51,Married,Graduation,0,0,2018-07-26 10:59:23,Nadia Iqbal,3,3500,3.577639752,164.5714286,315
969,79689,44,Single,2n Cycle,0,0,2018-02-10 10:59:23,Bilal Hussain,0,1400,16.24489796,341.1428571,140
970,35340,64,Widow,PhD,1,1,2019-03-30 10:59:23,Hina Shah,0,2500,1.454545455,16,50
971,85683,66,Divorced,Graduation,0,0,2018-12-20 10:59:23,Kamran Aslam,4,700,9.028571429,99.31428571,70
972,24884,48,Married,2n Cycle,1,0,2017-08-30 10:59:23,Rabia Noor,0,2800,7.25,7.25,0
973,42021,39,Together,Master,1,0,2017-06-01 10:59:23,Tariq Mehmood,1,5400,1.776143791,90.58333333,300
974,64449,31,Single,Graduation,1,0,2018-11-19 10:59:23,Saima Gul,0,2800,8.076923077,210,175
975,64587,66,Divorced,Graduation,1,1,2019-03-23 10:59:23,Shahzad Anwar,0,1500,5.866666667,35.2,25
976,34824,25,Single,Graduation,0,0,2018-12-25 10:59:23,Mariam Yousaf,0,2400,1.333333333,8,20
977,75437,42,Together,Graduation,0,0,2018-08-10 10:59:23,Imran Qureshi,1,3000,7.282926829,298.6,200
978,26091,63,Together,Graduation,1,1,2018-11-26 10:59:23,Bushra Ansari,0,3500,1.792207792,19.71428571,70
979,52845,47,Married,Graduation,1,0,2018-05-14 10:59:23,Naveed Akhtar,1,4200,3.038327526,124.5714286,280
980,46086,64,Divorced,Graduation,0,1,2018-08-04 10:59:23,Asma Zafar,0,2800,5.232142857,83.71428571,105
981,78028,64,Widow,PhD,0,1,2017-06-11 10:59:23,Ali Khan,2,4200,1.756272401,54.44444444,180
982,95169,33,Single,PhD,0,0,2018-07-10 10:59:23,Ayesha Malik,2,600,9.899470899,207.8888889,120
983,56337,39,Married,2n Cycle,1,1,2017-12-26 10:59:23,Hassan Raza,2,5600,1.259001161,51.61904762,280
984,22434,33,Together,Graduation,1,0,2017-11-14 10:59:23,Fatima Javed,0,5600,1.116883117,12.28571429,70
985,36930,66,Married,PhD,0,1,2018-02-15 10:59:23,Zain Ahmed,0,4000,3.953846154,102.8,125
986,36130,66,Single,Graduation,0,1,2017-11-03 10:59:23,Sana Tariq,1,2800,4.026785714,64.42857143,105
987,65569,67,Married,Master,0,1,2017-08-06 10:59:23,Umar Farooq,0,2100,7.271889401,225.4285714,210
988,83844,68,Together,Graduation,0,0,2018-02-10 10:59:23,Nadia Iqbal,1,600,10.8531746,227.9166667,120
989,19514,52,Married,Graduation,1,1,2018-10-27 10:59:23,Bilal Hussain,1,5600,0.366071429,5.857142857,105
990,36736,57,Single,PhD,1,1,2018-02-08 10:59:23,Hina Shah,0,2400,1.083333333,6.5,20
991,77568,41,Together,Graduation,0,1,2017-05-26 10:59:23,Kamran Aslam,3,3000,3.326797386,169.6666667,300
992,49187,44,Together,PhD,0,1,2018-10-12 10:59:23,Rabia Noor,0,1000,7.7,46.2,25
993,30168,42,Single,Graduation,1,0,2017-12-06 10:59:23,Tariq Mehmood,0,5400,2.709677419,84,180
994,34053,52,Together,Master,0,1,2017-06-11 10:59:23,Saima Gul,0,4000,2.275,36.4,75
995,38196,49,Married,Master,1,1,2019-01-17 10:59:23,Shahzad Anwar,0,2000,1.863636364,20.5,40
996,59412,69,Married,Master,0,0,2019-01-18 10:59:23,Mariam Yousaf,0,2100,5.37414966,112.8571429,140
997,70924,55,Married,2n Cycle,0,0,2019-01-06 10:59:23,Imran Qureshi,1,2100,5.930875576,183.8571429,210
998,54165,51,Together,Graduation,0,0,2018-02-26 10:59:23,Bushra Ansari,0,1400,5.844155844,64.28571429,70
999,32300,47,Married,Graduation,1,0,2017-10-04 10:59:23,Naveed Akhtar,0,4000,1.8,10.8,25
1000,20180,44,Single,Graduation,0,0,2017-11-21 10:59:23,Asma Zafar,0,4200,3.333333333,36.66666667,60
1001,34961,47,Married,Graduation,1,0,2019-03-20 10:59:23,Ali Khan,0,4200,1.614583333,25.83333333,90
1002,28440,46,Together,PhD,1,0,2018-04-07 10:59:23,Ayesha Malik,0,3200,2.863636364,31.5,40
1003,64504,67,Together,PhD,1,2,2017-12-03 10:59:23,Hassan Raza,0,4200,7.178571429,402,330
1004,33564,54,Together,Master,0,1,2019-03-25 10:59:23,Fatima Javed,0,2000,5.333333333,32,20
1005,17345,42,Married,Graduation,1,0,2017-08-04 10:59:23,Zain Ahmed,0,4800,1.393939394,15.33333333,60
1006,56320,53,Married,PhD,0,1,2018-01-07 10:59:23,Sana Tariq,0,2800,6.802197802,176.8571429,175
1007,28647,42,Single,Graduation,1,0,2018-05-22 10:59:23,Umar Farooq,1,4200,1.03030303,11.33333333,60
1008,15038,33,Single,Basic,1,0,2017-10-30 10:59:23,Nadia Iqbal,0,6300,1.402597403,15.42857143,70
1009,32173,62,Divorced,PhD,0,1,2018-05-02 10:59:23,Bilal Hussain,0,800,1.666666667,10,10
1010,68316,56,Together,2n Cycle,0,1,2017-08-05 10:59:23,Hina Shah,0,4200,6.599439776,336.5714286,350
1011,74538,49,Together,Graduation,0,0,2018-03-30 10:59:23,Kamran Aslam,1,2100,4.993031359,204.7142857,280
1012,91700,49,Single,Graduation,0,0,2017-10-18 10:59:23,Rabia Noor,0,2100,13.58188153,556.8571429,280
1013,68695,51,Together,Graduation,0,0,2019-03-26 10:59:23,Tariq Mehmood,0,1400,14.29931973,300.2857143,140
1014,31056,43,Married,2n Cycle,1,0,2017-10-23 10:59:23,Saima Gul,0,5600,1.857142857,11.14285714,35
1015,79593,47,Married,Graduation,0,0,2019-02-10 10:59:23,Shahzad Anwar,1,1400,6.708791209,174.4285714,175
1016,28071,40,Single,Graduation,0,0,2017-05-30 10:59:23,Mariam Yousaf,0,5600,2.956043956,76.85714286,175
1017,37334,62,Together,PhD,1,1,2018-11-27 10:59:23,Imran Qureshi,0,2400,0.958333333,15.33333333,90
1018,46423,48,Single,Master,1,1,2018-06-19 10:59:23,Bushra Ansari,0,2800,3.818181818,42,40
1019,37126,49,Married,PhD,1,0,2018-12-29 10:59:23,Naveed Akhtar,1,3600,1.75,10.5,30
1020,47703,67,Married,Graduation,0,1,2018-02-27 10:59:23,Asma Zafar,0,3000,5.720430108,177.3333333,180
1021,61180,61,Married,Graduation,0,1,2019-01-22 10:59:23,Ali Khan,1,1800,3.038461538,79,150
1022,38998,66,Married,Graduation,1,1,2017-08-04 10:59:23,Ayesha Malik,0,4000,1.781818182,19.6,50
1023,8028,29,Single,Graduation,0,0,2017-06-19 10:59:23,Hassan Raza,0,13300,50.28571429,50.28571429,0
1024,76081,58,Together,Graduation,0,0,2019-02-21 10:59:23,Fatima Javed,1,1400,5.666666667,119,140
1025,34728,34,Together,Graduation,1,0,2018-04-30 10:59:23,Zain Ahmed,0,2400,2.5,15,20
1026,33168,55,Single,Master,0,1,2017-07-14 10:59:23,Sana Tariq,0,3500,4.309090909,47.4,50
1027,33585,54,Married,Master,0,1,2018-06-26 10:59:23,Umar Farooq,0,2800,2.415584416,26.57142857,70
1028,77037,60,Married,PhD,0,1,2018-07-14 10:59:23,Nadia Iqbal,0,2100,8.833333333,318,245
1029,35196,36,Together,Graduation,1,0,2017-08-14 10:59:23,Bilal Hussain,0,5600,2.857142857,88.57142857,210
1030,44529,54,Married,Graduation,0,1,2018-04-05 10:59:23,Hina Shah,1,3500,3.064516129,95,210
1031,70924,55,Married,2n Cycle,0,0,2019-01-06 10:59:23,Kamran Aslam,1,2100,5.930875576,183.8571429,210
1032,28764,54,Together,PhD,1,1,2019-03-06 10:59:23,Rabia Noor,1,3200,0.458333333,2.75,20
1033,69098,71,Married,PhD,0,0,2017-11-17 10:59:23,Tariq Mehmood,0,3000,20.94444444,754,210
1034,25959,50,Divorced,2n Cycle,1,1,2017-11-15 10:59:23,Saima Gul,0,3600,1.555555556,9.333333333,30
1035,27100,37,Married,Master,1,0,2018-01-04 10:59:23,Shahzad Anwar,0,3500,1.8,10.8,25
1036,70596,35,Single,Graduation,0,0,2017-07-06 10:59:23,Mariam Yousaf,0,1200,19.625,314,90
1037,42557,46,Married,Graduation,0,1,2017-05-30 10:59:23,Imran Qureshi,0,4000,3.258064516,101,150
1038,53312,69,Married,PhD,0,0,2018-05-10 10:59:23,Bushra Ansari,0,2800,4.865384615,126.5,100
1039,72228,68,Single,Graduation,0,0,2017-08-28 10:59:23,Naveed Akhtar,0,2100,11.00460829,341.1428571,210
1040,67605,33,Together,Graduation,0,0,2017-12-30 10:59:23,Asma Zafar,0,600,25.96969697,285.6666667,60
1041,62845,71,Married,Master,1,1,2017-07-02 10:59:23,Ali Khan,1,3200,17.875,286,60
1042,65196,62,Together,Graduation,0,2,2018-04-25 10:59:23,Ayesha Malik,1,3000,4.421296296,159.1666667,210
1043,42000,33,Single,PhD,0,0,2017-10-11 10:59:23,Hassan Raza,0,3500,6.791208791,176.5714286,175
1044,35860,47,Divorced,PhD,1,1,2019-02-17 10:59:23,Fatima Javed,1,3000,0.805555556,4.833333333,30
1045,65526,56,Married,PhD,0,1,2019-01-10 10:59:23,Zain Ahmed,0,1200,7.888888889,165.6666667,120
1046,16860,59,Married,Graduation,1,1,2017-06-13 10:59:23,Sana Tariq,0,2800,1.291666667,7.75,20
1047,83528,28,Single,Graduation,0,0,2019-01-30 10:59:23,Umar Farooq,2,700,6.816326531,143.1428571,140
1048,64176,55,Divorced,2n Cycle,0,1,2017-05-04 10:59:23,Nadia Iqbal,0,4200,11.68641115,479.1428571,280
1049,22304,64,Divorced,Graduation,0,0,2017-05-05 10:59:23,Bilal Hussain,0,4000,1,6,25
1050,67023,42,Married,Graduation,0,0,2018-12-03 10:59:23,Hina Shah,0,1400,15.875,254,105
1051,32892,49,Together,PhD,1,0,2019-02-23 10:59:23,Kamran Aslam,0,4000,1.075,17.2,75
1052,70713,54,Together,Graduation,0,1,2017-09-03 10:59:23,Rabia Noor,0,2100,14.14285714,367.7142857,175
1053,59925,65,Together,Graduation,0,1,2017-08-31 10:59:23,Tariq Mehmood,0,3600,5.06884058,233.1666667,270
1054,39722,67,Married,Graduation,0,1,2018-11-25 10:59:23,Saima Gul,0,2500,1.418181818,15.6,50
1055,46610,62,Together,Graduation,0,0,2018-04-18 10:59:23,Shahzad Anwar,0,3600,3.623655914,112.3333333,180
1056,88347,59,Together,Graduation,0,0,2018-04-03 10:59:23,Mariam Yousaf,1,700,13.59183673,285.4285714,140
1057,87171,39,Married,PhD,0,0,2018-01-30 10:59:23,Imran Qureshi,2,1000,5.204301075,161.3333333,150
1058,26907,44,Together,2n Cycle,1,1,2018-05-21 10:59:23,Bushra Ansari,0,4200,1.111111111,6.666666667,30
1059,50014,52,Single,Master,1,0,2018-10-23 10:59:23,Naveed Akhtar,0,3500,4.816326531,101.1428571,140
1060,41014,42,Married,PhD,1,0,2018-01-21 10:59:23,Asma Zafar,0,3500,1.066666667,6.4,25
1061,66294,55,Single,Graduation,0,0,2018-12-16 10:59:23,Ali Khan,0,1400,11.56462585,242.8571429,140
1062,36715,49,Married,Graduation,1,0,2017-08-18 10:59:23,Ayesha Malik,0,6300,2.706349206,97.42857143,245
1063,79456,64,Married,Graduation,0,0,2017-05-23 10:59:23,Hassan Raza,0,2100,14.30769231,372,175
1064,40479,38,Together,Graduation,1,0,2018-05-18 10:59:23,Fatima Javed,0,1600,7.5,7.5,0
1065,75345,50,Single,Master,0,0,2017-11-03 10:59:23,Zain Ahmed,1,2100,10.73626374,279.1428571,175
1066,54233,43,Married,Graduation,0,1,2017-11-05 10:59:23,Sana Tariq,0,4800,4.994047619,279.6666667,330
1067,24163,50,Single,Graduation,1,1,2018-07-13 10:59:23,Umar Farooq,0,2000,0.9,5.4,25
1068,84460,62,Together,PhD,0,0,2017-10-05 10:59:23,Nadia Iqbal,4,3500,0.549068323,25.25714286,315
1069,43776,37,Together,Graduation,1,0,2019-02-01 10:59:23,Bilal Hussain,0,3600,1.111111111,6.666666667,30
1070,71691,62,Single,PhD,0,0,2018-12-16 10:59:23,Hina Shah,0,1400,15.63265306,328.2857143,140
1071,85844,47,Married,PhD,0,0,2019-02-27 10:59:23,Kamran Aslam,1,1400,8.847926267,274.2857143,210
1072,39190,46,Single,PhD,1,0,2019-01-25 10:59:23,Rabia Noor,0,3000,3.545454545,39,60
1073,71367,61,Together,Graduation,0,0,2018-05-24 10:59:23,Tariq Mehmood,0,1400,9.551020408,200.5714286,140
1074,38578,48,Single,PhD,1,1,2018-03-23 10:59:23,Saima Gul,0,4000,1.675,26.8,75
1075,57236,55,Married,PhD,1,1,2018-12-11 10:59:23,Shahzad Anwar,0,1800,3.545454545,39,60
1076,61825,41,Single,Graduation,0,1,2018-05-08 10:59:23,Mariam Yousaf,0,2800,5.401360544,113.4285714,140
1077,79803,62,Divorced,Graduation,0,1,2019-03-03 10:59:23,Imran Qureshi,0,700,11.36054422,238.5714286,140
1078,80910,34,Single,2n Cycle,0,0,2017-08-01 10:59:23,Bushra Ansari,0,700,12.76785714,204.2857143,105
1079,27590,38,Together,Master,1,0,2018-01-22 10:59:23,Naveed Akhtar,0,2800,0.916666667,5.5,20
1080,56775,41,Married,Graduation,0,1,2017-10-03 10:59:23,Asma Zafar,0,2500,13.33846154,346.8,125
1081,83829,45,Divorced,Graduation,0,0,2018-07-09 10:59:23,Ali Khan,3,600,6.962301587,146.2083333,120
1082,54210,41,Married,2n Cycle,0,1,2018-02-18 10:59:23,Ayesha Malik,0,3500,4.380952381,92,140
1083,38508,34,Married,Graduation,1,0,2018-05-03 10:59:23,Hassan Raza,0,4800,3.513888889,126.5,210
1084,53187,50,Together,Graduation,1,0,2018-07-27 10:59:23,Fatima Javed,0,3000,4.023809524,84.5,120
1085,30023,48,Married,Graduation,1,0,2018-12-23 10:59:23,Zain Ahmed,0,4800,1.212121212,13.33333333,60
1086,76045,60,Single,PhD,0,0,2018-08-16 10:59:23,Sana Tariq,1,1200,10.5,220.5,120
1087,50870,68,Married,PhD,0,1,2019-03-20 10:59:23,Umar Farooq,0,2000,2.772727273,30.5,40
1088,15315,50,Married,2n Cycle,0,0,2018-05-04 10:59:23,Nadia Iqbal,0,3500,1.220779221,13.42857143,70
1089,65463,46,Married,2n Cycle,1,0,2018-10-31 10:59:23,Bilal Hussain,1,3000,2.849462366,88.33333333,180
1090,66480,55,Married,Graduation,1,1,2019-03-01 10:59:23,Hina Shah,0,2800,4.163265306,87.42857143,140
1091,76773,66,Divorced,Graduation,0,0,2017-11-26 10:59:23,Kamran Aslam,0,700,29.61038961,325.7142857,70
1092,81698,37,Single,2n Cycle,0,0,2017-11-30 10:59:23,Rabia Noor,1,3000,4.213414634,172.75,240
1093,54466,47,Single,PhD,1,1,2018-11-10 10:59:23,Tariq Mehmood,0,1500,1.777777778,10.66666667,15
1094,98777,60,Single,Master,0,0,2018-11-18 10:59:23,Saima Gul,1,700,13.40136054,281.4285714,140
1095,16269,36,Single,PhD,1,0,2018-05-31 10:59:23,Shahzad Anwar,0,4000,1.0625,17,75
1096,71819,49,Together,Graduation,0,1,2018-05-29 10:59:23,Mariam Yousaf,2,3600,9.763888889,156.2222222,90
1097,33569,37,Married,PhD,1,0,2018-07-17 10:59:23,Imran Qureshi,1,4800,1.083333333,6.5,30
1098,36262,37,Married,Master,0,0,2018-06-21 10:59:23,Bushra Ansari,1,4200,2.4375,39,105
1099,22634,54,Together,Basic,0,0,2017-10-17 10:59:23,Naveed Akhtar,0,5600,1.298701299,14.28571429,70
1100,47025,42,Married,2n Cycle,0,1,2018-06-13 10:59:23,Asma Zafar,0,6300,3.091836735,173.1428571,385
1101,70566,52,Single,Graduation,0,1,2018-07-07 10:59:23,Ali Khan,0,1800,7.76344086,240.6666667,180
1102,31605,41,Married,PhD,1,0,2017-08-23 10:59:23,Ayesha Malik,0,4200,3.606060606,39.66666667,60
1103,52034,47,Divorced,Master,1,1,2018-02-15 10:59:23,Hassan Raza,0,4200,4.111111111,86.33333333,120
1104,48526,41,Single,Graduation,1,0,2018-09-24 10:59:23,Fatima Javed,0,1800,3.46969697,38.16666667,60
1105,46734,66,Married,Graduation,0,1,2017-08-19 10:59:23,Zain Ahmed,0,4900,2.774193548,86,210
1106,39552,58,Divorced,Graduation,1,1,2017-09-18 10:59:23,Sana Tariq,0,5600,3.161290323,98,210
1107,86358,54,Single,Graduation,1,1,2017-05-09 10:59:23,Umar Farooq,0,4800,20.55769231,534.5,150
1108,46931,43,Together,Graduation,2,1,2019-01-23 10:59:23,Nadia Iqbal,0,1800,3.444444444,20.66666667,30
1109,16581,35,Single,Basic,0,0,2017-10-13 10:59:23,Bilal Hussain,0,2000,4.2,4.2,0
1110,63998,68,Divorced,2n Cycle,0,0,2018-09-20 10:59:23,Hina Shah,0,2400,9.777777778,352,210
1111,67381,69,Married,Master,0,1,2017-10-16 10:59:23,Kamran Aslam,1,4200,13.43939394,147.8333333,60
1112,25930,53,Single,Graduation,1,1,2018-07-11 10:59:23,Rabia Noor,0,3500,0.666666667,4,25
1113,42693,42,Married,Graduation,1,0,2019-03-08 10:59:23,Tariq Mehmood,0,3500,1.952380952,11.71428571,35
1114,85606,44,Together,Graduation,0,1,2017-08-13 10:59:23,Saima Gul,1,2100,8.626728111,267.4285714,210
1115,72903,35,Single,Graduation,0,0,2018-07-30 10:59:23,Shahzad Anwar,3,2400,4.569444444,164.5,210
1116,49669,46,Together,2n Cycle,1,0,2019-02-22 10:59:23,Mariam Yousaf,0,4200,3.263736264,84.85714286,175
1117,36778,52,Married,PhD,1,1,2017-05-06 10:59:23,Imran Qureshi,0,4500,1.725,27.6,75
1118,85696,58,Divorced,PhD,0,0,2018-02-01 10:59:23,Bushra Ansari,0,600,20.65079365,433.6666667,120
1119,10979,31,Divorced,Master,0,0,2019-02-20 10:59:23,Naveed Akhtar,0,2500,0.575,9.2,75
1120,49678,59,Married,Graduation,0,1,2017-11-03 10:59:23,Asma Zafar,0,4900,2.718894009,84.28571429,210
1121,56129,67,Together,Master,0,1,2018-03-21 10:59:23,Ali Khan,0,2400,6.322580645,196,180
1122,37155,31,Married,Graduation,1,0,2017-11-01 10:59:23,Ayesha Malik,0,3000,2.151515152,23.66666667,60
1123,21282,42,Divorced,2n Cycle,1,0,2019-02-09 10:59:23,Hassan Raza,0,3600,0.666666667,7.333333333,60
1124,33419,58,Single,PhD,0,1,2018-05-18 10:59:23,Fatima Javed,0,2800,3.090909091,34,40
1125,63285,75,Widow,Graduation,0,0,2018-08-06 10:59:23,Zain Ahmed,0,2100,8.930875576,276.8571429,210
1126,21255,46,Together,Master,1,0,2018-10-22 10:59:23,Sana Tariq,0,2000,2.072727273,22.8,50
1127,42162,39,Together,Graduation,1,0,2018-08-20 10:59:23,Umar Farooq,1,4200,1.053571429,16.85714286,105
1128,54450,64,Together,Graduation,1,1,2017-06-15 10:59:23,Nadia Iqbal,0,4800,4.724637681,217.3333333,270
1129,57744,66,Married,PhD,0,1,2018-08-13 10:59:23,Bilal Hussain,0,4000,3.408695652,156.8,225
1130,26576,34,Single,Graduation,1,0,2017-07-14 10:59:23,Hina Shah,1,2700,0.75,4.5,15
1131,57513,77,Widow,PhD,0,0,2018-04-06 10:59:23,Kamran Aslam,0,4200,6.397515528,294.2857143,315
1132,68142,56,Together,Graduation,0,1,2017-05-30 10:59:23,Rabia Noor,0,4200,7.966386555,406.2857143,350
1133,7500,41,Married,Graduation,0,1,2017-05-30 10:59:23,Tariq Mehmood,0,3200,0.75,4.5,20
1134,83145,46,Together,Graduation,0,0,2017-06-23 10:59:23,Saima Gul,1,1400,9.445054945,245.5714286,175
1135,54197,60,Married,Master,0,1,2019-01-02 10:59:23,Shahzad Anwar,0,500,14.3,85.8,25
1136,23091,57,Single,PhD,1,1,2019-02-26 10:59:23,Mariam Yousaf,0,2800,2.090909091,23,40
1137,46049,44,Married,Graduation,1,1,2018-04-21 10:59:23,Imran Qureshi,0,4200,6.237179487,162.1666667,150
1138,56715,46,Together,Graduation,0,0,2017-09-05 10:59:23,Bushra Ansari,0,2800,8.023809524,288.8571429,245
1139,79410,59,Married,Graduation,0,0,2019-02-27 10:59:23,Naveed Akhtar,0,600,28.13541667,450.1666667,90
1140,57304,69,Married,Graduation,0,1,2017-12-10 10:59:23,Asma Zafar,0,3500,7.301587302,262.8571429,245
1141,44375,55,Married,Graduation,0,1,2018-12-22 10:59:23,Ali Khan,0,3000,4.071428571,85.5,120
1142,54450,64,Together,Graduation,1,1,2017-06-15 10:59:23,Ayesha Malik,0,4800,4.724637681,217.3333333,270
1143,59594,55,Married,Graduation,0,1,2017-07-21 10:59:23,Hassan Raza,1,3500,2.390243902,98,200
1144,80685,26,Together,Graduation,0,0,2017-05-23 10:59:23,Fatima Javed,0,1400,8.755760369,271.4285714,210
1145,40344,46,Married,PhD,0,1,2018-07-14 10:59:23,Zain Ahmed,0,2800,5.142857143,108,80
1146,62710,48,Married,Graduation,0,1,2018-02-21 10:59:23,Sana Tariq,0,2800,8.095238095,170,140
1147,48985,52,Married,2n Cycle,0,1,2018-04-05 10:59:23,Umar Farooq,0,2100,3.19047619,19.14285714,35
1148,35322,52,Together,Graduation,1,2,2017-05-23 10:59:23,Nadia Iqbal,0,5600,2.415584416,26.57142857,70
1149,77142,72,Married,Graduation,0,0,2018-02-27 10:59:23,Bilal Hussain,0,1400,12.14965986,255.1428571,140
1150,81657,51,Single,Graduation,0,0,2018-10-23 10:59:23,Hina Shah,0,700,18.69642857,299.1428571,105
1151,14421,24,Married,Basic,0,0,2018-11-18 10:59:23,Kamran Aslam,1,1500,0.361111111,2.166666667,15
1152,20130,46,Married,2n Cycle,0,0,2018-12-16 10:59:23,Rabia Noor,0,4000,1.266666667,7.6,25
1153,74214,30,Married,PhD,0,0,2017-05-27 10:59:23,Tariq Mehmood,0,3500,11.69337979,479.4285714,280
1154,66726,63,Married,Master,1,1,2018-10-13 10:59:23,Saima Gul,1,3500,1.907317073,78.2,200
1155,23724,41,Together,Basic,1,0,2017-10-09 10:59:23,Shahzad Anwar,0,4800,1.848484848,20.33333333,60
1156,47353,60,Married,Master,0,1,2018-08-14 10:59:23,Mariam Yousaf,0,3000,6.575757576,72.33333333,60
1157,33444,68,Married,Master,1,1,2017-08-04 10:59:23,Imran Qureshi,0,2400,1.333333333,8,15
1158,54386,39,Married,Graduation,0,1,2018-02-15 10:59:23,Bushra Ansari,0,1800,9.052083333,144.8333333,90
1159,28510,39,Divorced,Graduation,1,1,2018-01-12 10:59:23,Naveed Akhtar,0,2500,2.272727273,25,50
1160,90638,29,Single,Master,0,0,2018-11-14 10:59:23,Asma Zafar,1,700,21.6875,347,105
1161,48070,70,Together,Graduation,0,1,2017-10-14 10:59:23,Ali Khan,0,4900,3.379790941,138.5714286,280
1162,43140,63,Married,Graduation,0,1,2017-10-06 10:59:23,Ayesha Malik,0,3600,3.555555556,74.66666667,120
1163,54959,59,Divorced,PhD,0,1,2017-10-20 10:59:23,Hassan Raza,1,2800,6.565217391,302,180
1164,15056,62,Single,Basic,1,1,2018-02-01 10:59:23,Fatima Javed,0,3000,1.363636364,15,60
1165,26954,49,Single,Graduation,1,0,2019-02-06 10:59:23,Zain Ahmed,0,2800,1.291666667,7.75,20
1166,22327,35,Single,Graduation,1,0,2018-05-03 10:59:23,Sana Tariq,0,2500,1.1,6.6,25
1167,44393,55,Married,Graduation,1,1,2018-05-23 10:59:23,Umar Farooq,0,2000,3.2,19.2,25
1168,62000,68,Single,PhD,0,1,2018-05-26 10:59:23,Nadia Iqbal,1,1600,8.064516129,250,120
1169,31497,58,Together,PhD,0,1,2017-09-06 10:59:23,Bilal Hussain,0,4800,3.135416667,50.16666667,90
1170,45894,46,Married,2n Cycle,0,2,2018-11-28 10:59:23,Hina Shah,0,2500,2.466666667,14.8,25
1171,78579,50,Divorced,Master,0,0,2017-09-22 10:59:23,Kamran Aslam,0,1800,21.53846154,560,150
1172,67369,51,Widow,Master,0,1,2017-08-18 10:59:23,Rabia Noor,2,2400,4.37962963,157.6666667,210
1173,58401,60,Divorced,Graduation,0,1,2019-01-19 10:59:23,Tariq Mehmood,0,2000,3.5,21,25
1174,62307,68,Single,Graduation,0,1,2018-11-18 10:59:23,Saima Gul,0,3000,2.301587302,48.33333333,120
1175,43641,51,Married,Master,1,1,2018-01-21 10:59:23,Shahzad Anwar,0,3600,3.484848485,38.33333333,60
1176,63841,52,Divorced,Master,0,1,2018-01-20 10:59:23,Mariam Yousaf,0,4200,4.826086957,222,315
1177,46891,55,Married,2n Cycle,0,1,2018-06-02 10:59:23,Imran Qureshi,0,2400,2.772727273,30.5,60
1178,70091,51,Married,Master,1,0,2017-12-30 10:59:23,Bushra Ansari,1,4800,7.371794872,191.6666667,150
1179,78075,48,Married,PhD,0,0,2019-01-04 10:59:23,Naveed Akhtar,0,700,16.21428571,259.4285714,105
1180,59184,59,Widow,2n Cycle,0,1,2017-06-10 10:59:23,Asma Zafar,0,3500,9.271889401,287.4285714,210
1181,54809,43,Married,Graduation,1,1,2018-06-12 10:59:23,Ali Khan,0,2400,4.409090909,48.5,60
1182,58113,61,Married,Graduation,0,1,2017-10-26 10:59:23,Ayesha Malik,0,4900,4.186335404,192.5714286,315
1183,51412,62,Married,Master,0,1,2018-10-01 10:59:23,Hassan Raza,0,2800,3.232142857,51.71428571,105
1184,15287,41,Divorced,Graduation,1,0,2017-07-11 10:59:23,Fatima Javed,1,4900,0.428571429,2.571428571,35
1185,66636,63,Together,Master,0,0,2018-05-18 10:59:23,Zain Ahmed,0,500,26.975,431.6,75
1186,50965,64,Married,Master,0,1,2017-11-21 10:59:23,Sana Tariq,1,5600,1.837535014,93.71428571,350
1187,84618,55,Married,PhD,0,0,2018-08-23 10:59:23,Umar Farooq,1,1200,8.989247312,278.6666667,180
1188,18351,30,Married,Graduation,0,0,2018-07-30 10:59:23,Nadia Iqbal,0,4200,1.090909091,12,60
1189,40451,63,Together,PhD,0,2,2018-11-17 10:59:23,Bilal Hussain,1,2000,1.625,9.75,20
1190,36317,55,Together,Graduation,0,1,2018-02-20 10:59:23,Hina Shah,0,4200,2.46875,39.5,90
1191,42213,63,Together,Graduation,0,1,2018-07-13 10:59:23,Kamran Aslam,1,4200,2.189102564,56.91666667,150
1192,65748,65,Together,Graduation,0,1,2018-01-14 10:59:23,Rabia Noor,0,700,13.27272727,146,70
1193,77044,48,Together,Graduation,0,1,2018-07-28 10:59:23,Tariq Mehmood,1,2800,3.924603175,141.2857143,245
1194,74918,51,Together,Graduation,0,0,2017-12-11 10:59:23,Saima Gul,1,1800,12.55448718,326.4166667,150
1195,56721,48,Married,Graduation,1,1,2017-08-01 10:59:23,Shahzad Anwar,0,3600,3.46031746,72.66666667,120
1196,42160,45,Single,Graduation,1,1,2018-03-29 10:59:23,Mariam Yousaf,0,4200,3.116883117,34.28571429,70
1197,61559,55,Single,Graduation,0,1,2018-04-17 10:59:23,Imran Qureshi,0,2100,6.74829932,141.7142857,140
1198,33629,57,Together,PhD,1,1,2017-05-09 10:59:23,Bushra Ansari,0,3600,4.625,74,60
1199,68682,29,Together,PhD,0,0,2018-07-07 10:59:23,Naveed Akhtar,0,1200,24.65079365,517.6666667,120
1200,34377,57,Single,Graduation,0,1,2017-10-20 10:59:23,Asma Zafar,0,3500,2.072727273,22.8,50
1201,8940,34,Single,Basic,1,0,2017-05-23 10:59:23,Ali Khan,0,5600,1.053571429,16.85714286,105
1202,26228,47,Married,Graduation,1,0,2018-06-23 10:59:23,Ayesha Malik,0,5600,0.761904762,4.571428571,35
1203,77297,63,Divorced,2n Cycle,0,0,2017-10-27 10:59:23,Hassan Raza,1,2800,4.10989011,106.8571429,175
1204,40211,39,Married,Graduation,1,1,2018-04-30 10:59:23,Fatima Javed,1,4800,0.931818182,10.25,60
1205,33438,62,Widow,PhD,1,1,2018-06-23 10:59:23,Zain Ahmed,0,3500,2.181818182,24,70
1206,75032,61,Married,PhD,0,1,2018-01-27 10:59:23,Sana Tariq,0,1500,18.32307692,476.4,125
1207,61284,65,Single,PhD,0,0,2018-07-13 10:59:23,Umar Farooq,1,4200,1.954081633,109.4285714,385
1208,22518,34,Married,Graduation,1,0,2017-07-23 10:59:23,Nadia Iqbal,1,2500,0.536363636,5.9,50
1209,54730,45,Married,Master,0,1,2018-05-16 10:59:23,Bilal Hussain,0,2800,4.74829932,99.71428571,140
1210,38452,65,Married,Master,1,1,2018-12-29 10:59:23,Hina Shah,0,2800,2.1875,35,60
1211,44421,49,Divorced,Graduation,1,1,2017-11-16 10:59:23,Kamran Aslam,0,4800,2.288461538,59.5,150
1212,38197,34,Together,PhD,1,0,2018-03-30 10:59:23,Rabia Noor,0,3000,2.055555556,12.33333333,30
1213,41986,42,Divorced,Graduation,0,1,2018-11-10 10:59:23,Tariq Mehmood,0,2400,0.979166667,15.66666667,90
1214,28427,37,Together,Graduation,1,0,2017-12-20 10:59:23,Saima Gul,0,4000,1.563636364,17.2,50
1215,37395,44,Together,PhD,1,0,2019-01-31 10:59:23,Shahzad Anwar,0,3000,1.866666667,11.2,25
1216,64722,49,Married,Graduation,1,0,2019-02-24 10:59:23,Mariam Yousaf,0,3600,6.422764228,263.3333333,240
1217,55249,64,Together,Master,0,1,2019-01-16 10:59:23,Imran Qureshi,0,1800,3.606060606,39.66666667,60
1218,84906,48,Together,Graduation,0,0,2018-07-05 10:59:23,Bushra Ansari,3,1400,4.271978022,111.0714286,175
1219,28691,31,Married,Graduation,1,0,2018-04-04 10:59:23,Naveed Akhtar,0,4000,1.866666667,11.2,25
1220,44213,68,Single,Graduation,1,1,2018-08-30 10:59:23,Asma Zafar,0,3600,4.393939394,48.33333333,60
1221,25707,36,Single,Basic,1,0,2018-10-19 10:59:23,Ali Khan,0,3500,0.9,5.4,25
1222,59062,53,Married,PhD,2,1,2018-07-04 10:59:23,Ayesha Malik,0,2400,1.878787879,20.66666667,60
1223,76624,58,Single,Graduation,0,1,2019-02-22 10:59:23,Hassan Raza,1,700,4.576923077,119,175
1224,66000,73,Together,Master,0,0,2019-01-19 10:59:23,Fatima Javed,0,600,37,222,30
1225,27683,42,Together,PhD,1,0,2017-05-05 10:59:23,Zain Ahmed,0,4800,3.225806452,100,180
1226,1730,49,Divorced,Graduation,0,0,2019-02-16 10:59:23,Sana Tariq,0,6000,3.333333333,3.333333333,0
1227,7500,28,Single,Basic,1,0,2017-09-03 10:59:23,Umar Farooq,0,6300,1.410714286,22.57142857,105
1228,40521,52,Together,Graduation,1,1,2018-01-04 10:59:23,Nadia Iqbal,0,2000,8.5,8.5,0
1229,20427,47,Together,PhD,1,0,2018-12-23 10:59:23,Bilal Hussain,0,3200,0.75,4.5,20
1230,65106,45,Married,Graduation,0,1,2019-02-22 10:59:23,Hina Shah,1,3000,4.607317073,188.9,200
1231,69969,55,Married,PhD,0,0,2018-05-28 10:59:23,Kamran Aslam,2,1800,7.817460317,164.1666667,120
1232,67433,68,Married,Graduation,0,2,2018-04-16 10:59:23,Rabia Noor,1,2800,4.433179724,137.4285714,210
1233,77766,53,Married,PhD,0,1,2017-11-23 10:59:23,Tariq Mehmood,1,3600,4.382440476,245.4166667,330
1234,74716,48,Married,Graduation,0,1,2018-06-13 10:59:23,Saima Gul,0,2800,6.261904762,225.4285714,245
1235,68118,57,Divorced,Graduation,0,1,2018-07-19 10:59:23,Shahzad Anwar,0,3600,6.199186992,254.1666667,240
1236,55158,50,Married,PhD,1,1,2017-04-30 10:59:23,Mariam Yousaf,0,4200,3.657407407,131.6666667,210
1237,62972,65,Married,2n Cycle,0,1,2017-05-04 10:59:23,Imran Qureshi,0,3600,3.657407407,131.6666667,210
1238,74190,45,Married,Graduation,0,1,2019-02-10 10:59:23,Bushra Ansari,0,1400,7.850340136,164.8571429,140
1239,39356,44,Married,Graduation,1,1,2018-12-18 10:59:23,Naveed Akhtar,1,2400,0.708333333,4.25,20
1240,76653,51,Together,Graduation,0,0,2018-05-17 10:59:23,Asma Zafar,2,1400,9.764172336,205.047619,140
1241,35860,47,Divorced,PhD,1,1,2019-02-17 10:59:23,Ali Khan,1,3000,0.805555556,4.833333333,30
1242,90687,37,Divorced,PhD,0,0,2018-02-20 10:59:23,Ayesha Malik,1,1400,7.963133641,246.8571429,210
1243,73450,38,Together,Master,0,0,2018-09-05 10:59:23,Hassan Raza,2,2100,4.674603175,168.2857143,245
1244,31454,60,Married,Graduation,1,1,2018-04-06 10:59:23,Fatima Javed,0,3200,1.772727273,19.5,40
1245,47139,68,Single,Graduation,1,1,2018-12-05 10:59:23,Zain Ahmed,0,3500,2.181818182,24,50
1246,83829,45,Divorced,Graduation,0,0,2018-07-09 10:59:23,Sana Tariq,3,600,6.962301587,146.2083333,120
1247,53378,57,Married,PhD,1,1,2017-06-25 10:59:23,Umar Farooq,0,4800,4.768115942,219.3333333,270
1248,19656,50,Together,Graduation,1,0,2017-11-09 10:59:23,Nadia Iqbal,0,4900,1.350649351,14.85714286,70
1249,45579,72,Married,PhD,0,1,2018-05-21 10:59:23,Bilal Hussain,0,3000,3.447619048,72.4,100
1250,85485,62,Single,2n Cycle,0,0,2019-03-22 10:59:23,Hina Shah,0,1400,12.24884793,379.7142857,210
1251,55956,76,Married,Graduation,0,0,2019-01-06 10:59:23,Kamran Aslam,1,2400,4.361111111,157,210
1252,64191,57,Single,Master,0,1,2017-10-23 10:59:23,Rabia Noor,0,1800,10.28846154,267.5,150
1253,38808,48,Single,Graduation,1,0,2017-05-27 10:59:23,Tariq Mehmood,1,5600,1.186813187,30.85714286,175
1254,57183,54,Married,Master,1,1,2017-12-18 10:59:23,Saima Gul,0,4800,3.913043478,180,270
1255,23748,52,Divorced,Master,1,0,2017-08-22 10:59:23,Shahzad Anwar,0,4800,1.96969697,21.66666667,60
1256,66303,49,Married,Graduation,0,1,2017-11-27 10:59:23,Mariam Yousaf,1,4800,12.70833333,203.3333333,90
1257,37368,45,Married,Master,1,0,2018-09-16 10:59:23,Imran Qureshi,1,2400,0.541666667,3.25,20
1258,40800,56,Married,Graduation,1,2,2017-10-02 10:59:23,Bushra Ansari,0,4200,1.854166667,29.66666667,90
1259,71847,42,Divorced,Graduation,0,0,2017-06-22 10:59:23,Naveed Akhtar,1,2100,4.525345622,140.2857143,210
1260,46149,45,Married,Graduation,0,1,2018-08-30 10:59:23,Asma Zafar,0,3000,4.294871795,111.6666667,150
1261,78687,37,Together,Graduation,0,0,2017-05-10 10:59:23,Ali Khan,1,1400,12.85034014,269.8571429,140
1262,49118,49,Divorced,2n Cycle,0,0,2017-05-19 10:59:23,Ayesha Malik,2,4900,2.298136646,105.7142857,315
1263,37633,63,Married,PhD,1,1,2017-06-21 10:59:23,Hassan Raza,0,4500,2.466666667,14.8,25
1264,39767,69,Together,Master,0,0,2018-04-21 10:59:23,Fatima Javed,0,5600,3.476190476,125.1428571,245
1265,26997,69,Married,Basic,0,0,2017-08-06 10:59:23,Zain Ahmed,0,4900,3.945578231,82.85714286,140
1266,33986,50,Divorced,Graduation,1,0,2017-12-13 10:59:23,Sana Tariq,0,4200,2.111111111,12.66666667,30
1267,57091,48,Married,PhD,0,1,2017-08-24 10:59:23,Umar Farooq,1,3500,2.139130435,98.4,225
1268,46831,51,Married,2n Cycle,1,1,2018-03-09 10:59:23,Nadia Iqbal,0,2400,2.166666667,13,30
1269,83151,48,Married,Master,0,0,2017-11-11 10:59:23,Bilal Hussain,3,1400,5.868131868,152.5714286,175
1270,52531,49,Married,Graduation,0,0,2017-09-30 10:59:23,Hina Shah,0,4200,5.30952381,191.1428571,245
1271,15759,64,Married,Graduation,0,0,2018-06-06 10:59:23,Kamran Aslam,0,4200,0.777777778,4.666666667,30
1272,22804,49,Single,Graduation,1,0,2018-05-01 10:59:23,Rabia Noor,0,4500,0.872727273,9.6,50
1273,43050,47,Married,2n Cycle,1,0,2018-12-17 10:59:23,Tariq Mehmood,0,3500,1.766233766,19.42857143,70
1274,42997,43,Single,PhD,1,1,2018-09-07 10:59:23,Saima Gul,0,2100,0.555555556,3.333333333,15
1275,48918,57,Single,PhD,1,1,2019-01-11 10:59:23,Shahzad Anwar,0,1600,5.083333333,30.5,20
1276,60033,66,Together,Master,0,1,2018-12-28 10:59:23,Mariam Yousaf,0,1400,3.896103896,42.85714286,70
1277,34043,42,Together,PhD,1,0,2018-07-26 10:59:23,Imran Qureshi,0,5400,1.181818182,13,60
1278,57811,54,Together,Graduation,0,1,2018-03-25 10:59:23,Bushra Ansari,1,3500,2.873015873,103.4285714,245
1279,78569,74,Married,Graduation,0,0,2018-11-20 10:59:23,Naveed Akhtar,1,700,11.16326531,234.4285714,140
1280,7500,42,Single,Graduation,1,1,2017-09-27 10:59:23,Asma Zafar,0,3600,0.909090909,10,60
1281,94384,67,Together,Graduation,0,0,2017-12-03 10:59:23,Ali Khan,3,1400,5.851648352,152.1428571,175
1282,23148,35,Married,2n Cycle,0,0,2018-11-19 10:59:23,Ayesha Malik,0,4200,0.727272727,8,60
1283,44267,50,Divorced,Graduation,1,1,2017-11-26 10:59:23,Hassan Raza,0,5400,3.314102564,86.16666667,150
1284,71626,41,Married,Graduation,0,0,2017-08-02 10:59:23,Fatima Javed,1,1800,7.673076923,199.5,150
1285,60894,54,Together,Graduation,0,1,2018-03-29 10:59:23,Zain Ahmed,0,4200,5.08496732,259.3333333,300
1286,50200,44,Together,Graduation,1,1,2018-01-02 10:59:23,Sana Tariq,0,4800,3.092592593,111.3333333,210
1287,81051,55,Married,PhD,0,0,2019-02-21 10:59:23,Umar Farooq,2,1200,6.292735043,163.6111111,150
1288,65169,38,Married,Graduation,0,0,2018-10-15 10:59:23,Nadia Iqbal,4,2400,2.241176471,114.3,200
1289,59868,48,Together,Graduation,0,1,2018-04-22 10:59:23,Bilal Hussain,0,3600,5.732142857,321,330
1290,65695,60,Married,PhD,0,1,2018-11-01 10:59:23,Hina Shah,0,2400,8.333333333,216.6666667,150
1291,64857,64,Single,Master,0,0,2017-08-24 10:59:23,Kamran Aslam,0,2400,13.86111111,499,210
1292,45143,55,Together,Master,0,1,2018-05-27 10:59:23,Rabia Noor,0,4200,3.166666667,98.16666667,180
1293,74805,65,Together,2n Cycle,0,1,2018-08-07 10:59:23,Tariq Mehmood,0,1000,11.38095238,239,100
1294,59060,31,Married,2n Cycle,1,0,2018-10-12 10:59:23,Saima Gul,0,2400,5.041666667,80.66666667,90
1295,27238,58,Single,PhD,1,1,2018-01-19 10:59:23,Shahzad Anwar,0,3600,1.6875,27,60
1296,47009,55,Together,Graduation,0,1,2018-07-02 10:59:23,Mariam Yousaf,0,2800,6.392857143,102.2857143,105
1297,46094,47,Married,2n Cycle,1,1,2019-03-11 10:59:23,Imran Qureshi,0,4200,2.111111111,12.66666667,30
1298,40321,48,Married,Graduation,1,1,2018-04-29 10:59:23,Bushra Ansari,0,4200,1.5625,25,90
1299,37235,36,Together,Graduation,1,0,2018-11-02 10:59:23,Naveed Akhtar,0,2400,1.722222222,10.33333333,30
1300,81843,60,Married,Master,0,0,2018-01-21 10:59:23,Asma Zafar,0,2100,16.53846154,430,175
1301,46692,62,Together,Master,0,1,2018-03-07 10:59:23,Ali Khan,0,4200,2.847926267,88.28571429,210
1302,77382,52,Together,Graduation,0,1,2018-10-08 10:59:23,Ayesha Malik,1,700,5.423076923,141,175
1303,37774,43,Single,Graduation,2,0,2017-06-04 10:59:23,Hassan Raza,1,6300,1.178571429,42.42857143,245
1304,18393,46,Married,Basic,1,0,2018-12-28 10:59:23,Fatima Javed,0,4800,0.958333333,15.33333333,90
1305,72828,58,Married,Master,0,1,2017-11-15 10:59:23,Zain Ahmed,0,4200,15.83870968,491,180
1306,24711,38,Married,Graduation,0,0,2019-01-17 10:59:23,Sana Tariq,0,4200,0.989583333,15.83333333,90
1307,45503,45,Married,PhD,1,0,2018-06-26 10:59:23,Umar Farooq,0,3500,2.714285714,43.42857143,105
1308,6560,38,Single,Master,0,0,2018-09-12 10:59:23,Nadia Iqbal,0,10200,10.36111111,62.16666667,30
1309,71604,75,Together,PhD,0,0,2018-08-18 10:59:23,Bilal Hussain,1,2800,3.829268293,157,280
1310,27244,41,Married,Graduation,1,0,2018-12-06 10:59:23,Hina Shah,0,4900,1.428571429,15.71428571,70
1311,48752,51,Married,Graduation,1,1,2017-09-12 10:59:23,Kamran Aslam,0,5400,3.397849462,105.3333333,180
1312,71434,58,Married,Graduation,0,1,2018-06-19 10:59:23,Rabia Noor,2,2800,3.259259259,117.3333333,245
1313,90842,72,Single,Graduation,0,0,2018-04-29 10:59:23,Tariq Mehmood,0,700,18.10884354,380.2857143,140
1314,88097,42,Married,Master,1,0,2017-05-19 10:59:23,Saima Gul,3,4500,2.480645161,76.9,150
1315,51948,45,Married,Graduation,0,1,2018-06-18 10:59:23,Shahzad Anwar,0,3500,2.967032967,77.14285714,175
1316,71853,38,Together,Graduation,0,0,2018-02-06 10:59:23,Mariam Yousaf,0,700,29.01298701,319.1428571,70
1317,35876,37,Married,Master,0,0,2019-01-19 10:59:23,Imran Qureshi,0,4200,2.053571429,32.85714286,105
1318,40049,68,Widow,Graduation,0,1,2018-07-17 10:59:23,Bushra Ansari,0,3000,1.833333333,11,25
1319,39660,38,Single,Graduation,1,0,2017-05-09 10:59:23,Naveed Akhtar,0,5400,2.375,85.5,210
1320,50127,58,Together,Graduation,0,1,2019-02-27 10:59:23,Asma Zafar,1,3600,1.955128205,50.83333333,150
1321,43263,43,Married,Master,0,1,2017-08-22 10:59:23,Ali Khan,0,3000,4.346153846,113,150
1322,62845,71,Married,Master,1,1,2017-07-02 10:59:23,Ayesha Malik,1,3200,17.875,286,60
1323,18929,30,Married,Graduation,0,0,2017-11-17 10:59:23,Hassan Raza,0,3600,3.722222222,22.33333333,30
1324,24367,38,Single,Basic,1,0,2017-12-19 10:59:23,Fatima Javed,0,4500,1.2,7.2,25
1325,33249,45,Single,Graduation,1,0,2017-11-21 10:59:23,Zain Ahmed,0,4200,1.818181818,20,70
1326,26887,61,Married,2n Cycle,0,1,2017-11-11 10:59:23,Sana Tariq,0,3000,1.266666667,7.6,25
1327,50150,37,Married,PhD,0,0,2018-03-21 10:59:23,Umar Farooq,0,3500,4.384615385,114,175
1328,62061,44,Together,Graduation,0,1,2018-06-01 10:59:23,Nadia Iqbal,1,3600,2.490196078,127,300
1329,85696,58,Divorced,PhD,0,0,2018-02-01 10:59:23,Bilal Hussain,0,600,20.65079365,433.6666667,120
1330,76542,64,Together,PhD,0,0,2017-12-29 10:59:23,Hina Shah,0,1200,23.31746032,489.6666667,120
1331,70515,27,Single,Graduation,0,0,2018-07-22 10:59:23,Kamran Aslam,0,1200,12.02150538,372.6666667,180
1332,18227,33,Together,Graduation,1,0,2017-08-09 10:59:23,Rabia Noor,0,5600,4.857142857,4.857142857,0
1333,69139,55,Married,Graduation,0,1,2018-10-28 10:59:23,Tariq Mehmood,0,2800,3.006802721,63.14285714,140
1334,69109,38,Married,Graduation,0,0,2017-08-10 10:59:23,Saima Gul,1,2800,6.728110599,208.5714286,210
1335,69627,58,Single,Graduation,0,1,2017-12-16 10:59:23,Shahzad Anwar,0,3500,5.630662021,230.8571429,280
1336,38136,42,Married,Graduation,1,0,2018-01-21 10:59:23,Mariam Yousaf,1,4800,0.729166667,11.66666667,90
1337,62159,74,Single,PhD,0,0,2019-01-27 10:59:23,Imran Qureshi,0,2800,5.576036866,172.8571429,210
1338,80695,57,Single,Graduation,0,0,2018-09-29 10:59:23,Bushra Ansari,0,1400,20.87912088,542.8571429,175
1339,33316,49,Single,Master,1,1,2018-07-05 10:59:23,Naveed Akhtar,0,3600,3.545454545,39,60
1340,58554,52,Together,Graduation,1,1,2017-06-27 10:59:23,Asma Zafar,0,4200,4.048780488,166,240
1341,17256,28,Married,Basic,1,0,2018-08-24 10:59:23,Ali Khan,1,4800,0.545454545,6,60
1342,53034,46,Divorced,Graduation,1,1,2018-02-28 10:59:23,Ayesha Malik,0,4800,4.188172043,129.8333333,180
1343,52203,70,Together,2n Cycle,0,0,2017-05-01 10:59:23,Hassan Raza,0,4200,6.348432056,260.2857143,280
1344,59601,43,Divorced,2n Cycle,0,1,2018-04-25 10:59:23,Fatima Javed,1,4000,14.00909091,154.1,50
1345,75154,62,Single,Master,0,1,2017-06-05 10:59:23,Zain Ahmed,0,2100,9.778801843,303.1428571,210
1346,47025,44,Single,Graduation,0,1,2018-08-08 10:59:23,Sana Tariq,0,3600,4.182795699,129.6666667,180
1347,37971,47,Married,Graduation,1,0,2018-08-26 10:59:23,Umar Farooq,0,4800,1.222222222,7.333333333,30
1348,41335,52,Divorced,Master,1,0,2018-09-26 10:59:23,Nadia Iqbal,0,4900,2.476190476,52,140
1349,67267,62,Married,Graduation,0,1,2019-02-11 10:59:23,Bilal Hussain,0,1400,3.946428571,63.14285714,105
1350,57338,45,Single,Graduation,0,1,2019-01-28 10:59:23,Hina Shah,0,3500,2.993197279,62.85714286,140
1351,50523,60,Together,2n Cycle,1,1,2018-09-25 10:59:23,Kamran Aslam,0,3600,2.666666667,29.33333333,60
1352,35791,55,Single,Master,2,1,2018-02-04 10:59:23,Rabia Noor,0,3200,2.666666667,16,20
1353,50611,60,Divorced,PhD,0,1,2017-07-05 10:59:23,Tariq Mehmood,1,3000,4.657142857,97.8,100
1354,56242,51,Married,PhD,0,1,2017-12-02 10:59:23,Saima Gul,0,3600,7.146341463,293,240
1355,48904,60,Single,Graduation,0,1,2017-09-02 10:59:23,Shahzad Anwar,0,4800,3.185185185,114.6666667,210
1356,56243,45,Single,Graduation,1,2,2018-09-30 10:59:23,Mariam Yousaf,0,3000,6.174603175,129.6666667,120
1357,21355,35,Married,Graduation,1,0,2018-05-21 10:59:23,Imran Qureshi,1,3000,0.627272727,6.9,50
1358,57420,49,Together,Master,0,1,2018-03-26 10:59:23,Bushra Ansari,1,2800,2.865384615,74.5,100
1359,46390,65,Divorced,Master,0,1,2019-02-03 10:59:23,Naveed Akhtar,0,4900,2.503401361,52.57142857,140
1360,54342,64,Together,2n Cycle,1,1,2018-04-03 10:59:23,Asma Zafar,0,3600,3,48,90
1361,20895,47,Married,Graduation,1,0,2017-07-07 10:59:23,Ali Khan,0,4500,1.436363636,15.8,50
1362,92344,72,Married,Graduation,0,0,2018-10-16 10:59:23,Ayesha Malik,2,700,6.52014652,169.5238095,175
1363,26907,44,Together,2n Cycle,1,1,2018-05-21 10:59:23,Hassan Raza,0,4200,1.111111111,6.666666667,30
1364,44964,40,Together,Graduation,1,1,2017-09-16 10:59:23,Fatima Javed,0,4000,2.533333333,15.2,25
1365,75507,41,Together,Graduation,0,0,2019-01-31 10:59:23,Zain Ahmed,0,1800,10.73170732,440,240
1366,53761,48,Married,Master,1,1,2018-07-12 10:59:23,Sana Tariq,0,3000,4.031746032,84.66666667,120
1367,22682,47,Together,Graduation,1,0,2018-07-04 10:59:23,Umar Farooq,0,2800,1.532467532,16.85714286,70
1368,38887,48,Together,PhD,1,0,2018-12-01 10:59:23,Nadia Iqbal,0,3500,2.6,15.6,25
1369,41658,45,Single,2n Cycle,1,1,2017-08-10 10:59:23,Bilal Hussain,0,2400,2.277777778,13.66666667,30
1370,29791,48,Married,PhD,1,0,2019-02-13 10:59:23,Hina Shah,0,1500,1.212121212,13.33333333,30
1371,63915,64,Married,Master,0,2,2018-04-30 10:59:23,Kamran Aslam,0,3000,8.322580645,258,180
1372,39996,46,Divorced,Graduation,1,1,2019-02-20 10:59:23,Rabia Noor,0,2400,1.166666667,7,20
1373,26759,48,Divorced,Graduation,1,0,2018-11-08 10:59:23,Tariq Mehmood,0,4200,1.480519481,16.28571429,70
1374,63841,52,Divorced,Master,0,1,2018-01-20 10:59:23,Saima Gul,0,4200,4.826086957,222,315
1375,51039,51,Married,PhD,1,1,2017-09-10 10:59:23,Shahzad Anwar,0,4200,3.311827957,102.6666667,180
1376,60544,59,Married,Graduation,1,1,2017-05-26 10:59:23,Mariam Yousaf,0,4200,2.791208791,72.57142857,175
1377,65685,48,Married,Graduation,0,1,2018-12-28 10:59:23,Imran Qureshi,0,3000,5.15942029,237.3333333,270
1378,37716,67,Married,Graduation,0,1,2019-01-20 10:59:23,Bushra Ansari,0,4200,2.007936508,42.16666667,120
1379,36864,63,Single,Graduation,0,1,2017-05-14 10:59:23,Naveed Akhtar,0,4800,3.397435897,88.33333333,150
1380,44511,50,Married,Master,1,0,2017-07-13 10:59:23,Asma Zafar,0,4800,5.739837398,235.3333333,240
1381,36947,53,Married,PhD,1,1,2017-05-08 10:59:23,Ali Khan,0,5400,1.520833333,24.33333333,90
1382,47352,69,Together,Master,0,1,2018-01-10 10:59:23,Ayesha Malik,0,4200,3.268817204,101.3333333,180
1383,67087,67,Married,Master,0,1,2018-09-17 10:59:23,Hassan Raza,0,2400,6.791666667,244.5,210
1384,57045,70,Married,Graduation,0,1,2017-06-09 10:59:23,Fatima Javed,0,1800,6.833333333,143.5,120
1385,36957,67,Divorced,PhD,1,1,2017-06-07 10:59:23,Zain Ahmed,0,5400,2.5,40,90
1386,69389,43,Married,PhD,0,1,2017-06-29 10:59:23,Sana Tariq,0,2800,6.206349206,223.4285714,245
1387,80134,48,Married,Graduation,1,0,2018-02-18 10:59:23,Umar Farooq,3,3600,5.16025641,134.1666667,150
1388,43142,51,Married,Master,1,1,2018-11-19 10:59:23,Nadia Iqbal,0,4200,0.861111111,5.166666667,30
1389,80589,76,Married,Graduation,0,0,2018-10-23 10:59:23,Bilal Hussain,1,700,7.703296703,200.2857143,175
1390,34412,30,Single,Graduation,1,0,2017-11-14 10:59:23,Hina Shah,0,6300,1.692307692,44,175
1391,57537,41,Single,Graduation,1,0,2018-03-11 10:59:23,Kamran Aslam,0,2800,6.054421769,127.1428571,140
1392,22634,54,Together,Basic,0,0,2017-10-17 10:59:23,Rabia Noor,0,5600,1.298701299,14.28571429,70
1393,51315,72,Together,Graduation,0,0,2018-11-24 10:59:23,Tariq Mehmood,0,1400,4.701298701,51.71428571,70
1394,36026,48,Married,Graduation,2,1,2018-12-15 10:59:23,Saima Gul,0,3600,1.272727273,14,60
1395,24639,47,Married,Graduation,1,1,2018-10-29 10:59:23,Shahzad Anwar,0,3600,1.303030303,14.33333333,60
1396,34578,48,Together,PhD,2,1,2019-01-10 10:59:23,Mariam Yousaf,0,1800,0.888888889,5.333333333,15
1397,65704,48,Single,2n Cycle,0,0,2018-07-14 10:59:23,Imran Qureshi,0,700,14.83116883,163.1428571,70
1398,63810,54,Single,Graduation,0,1,2017-08-12 10:59:23,Bushra Ansari,1,4800,10.03174603,210.6666667,120
1399,54132,51,Together,PhD,0,1,2018-11-17 10:59:23,Naveed Akhtar,0,3500,2.6,15.6,25
1400,18690,61,Married,Graduation,0,0,2017-09-28 10:59:23,Asma Zafar,0,5600,1.952380952,11.71428571,35
1401,28164,50,Married,Graduation,1,0,2018-02-02 10:59:23,Ali Khan,0,4900,1.714285714,18.85714286,70
1402,34596,46,Married,PhD,1,0,2018-01-12 10:59:23,Ayesha Malik,0,3200,1.333333333,8,20
1403,43269,48,Married,PhD,1,0,2018-06-17 10:59:23,Hassan Raza,0,3200,1.458333333,8.75,20
1404,38741,62,Single,2n Cycle,1,1,2018-12-29 10:59:23,Fatima Javed,0,4900,1.246753247,13.71428571,70
1405,31907,48,Single,Graduation,0,0,2017-12-03 10:59:23,Zain Ahmed,0,4900,3.456221198,107.1428571,210
1406,27100,37,Married,Master,1,0,2018-01-04 10:59:23,Sana Tariq,0,3500,1.8,10.8,25
1407,31163,47,Divorced,2n Cycle,1,0,2018-11-14 10:59:23,Umar Farooq,0,3000,1.466666667,8.8,25
1408,92533,35,Married,Graduation,0,0,2018-09-19 10:59:23,Nadia Iqbal,2,1400,3.34562212,103.7142857,210
1409,34853,47,Single,Graduation,1,1,2018-09-23 10:59:23,Bilal Hussain,0,3000,1.072727273,11.8,50
1410,70844,53,Divorced,Graduation,1,1,2018-07-31 10:59:23,Hina Shah,0,4200,2.779569892,86.16666667,180
1411,31086,41,Married,2n Cycle,1,1,2018-02-02 10:59:23,Kamran Aslam,1,3200,0.666666667,4,20
1412,60544,59,Married,Graduation,1,1,2017-05-26 10:59:23,Rabia Noor,0,4200,2.791208791,72.57142857,175
1413,20491,34,Together,2n Cycle,0,0,2017-10-26 10:59:23,Tariq Mehmood,0,2800,5.25,5.25,0
1414,42523,56,Married,Graduation,0,0,2019-01-22 10:59:23,Saima Gul,0,1400,4.285714286,25.71428571,35
1415,39922,37,Married,Graduation,1,0,2017-11-15 10:59:23,Shahzad Anwar,0,5600,2.142857143,34.28571429,105
1416,33402,68,Together,Graduation,1,1,2018-04-18 10:59:23,Mariam Yousaf,0,5600,1.61038961,17.71428571,70
1417,36408,71,Married,Master,1,1,2018-06-22 10:59:23,Imran Qureshi,0,3600,0.972222222,5.833333333,30
1418,21645,41,Together,Graduation,1,0,2017-06-04 10:59:23,Bushra Ansari,0,5400,0.958333333,15.33333333,90
1419,78427,72,Widow,Master,0,0,2017-07-25 10:59:23,Naveed Akhtar,1,2100,16,256,105
1420,82657,74,Together,Graduation,0,0,2018-06-28 10:59:23,Asma Zafar,2,2800,5.706349206,205.4285714,245
1421,51876,62,Married,Graduation,0,0,2018-07-16 10:59:23,Ali Khan,0,700,7.896103896,86.85714286,70
1422,78041,49,Married,2n Cycle,0,0,2017-09-16 10:59:23,Ayesha Malik,0,1400,17.71428571,372,140
1423,52852,63,Married,Graduation,0,1,2017-09-01 10:59:23,Hassan Raza,1,4800,2.718954248,138.6666667,300
1424,70038,38,Together,PhD,0,0,2018-07-26 10:59:23,Fatima Javed,0,1200,17.25396825,362.3333333,120
1425,69401,47,Together,2n Cycle,0,1,2018-12-22 10:59:23,Zain Ahmed,0,1400,8.857142857,186,140
1426,46053,48,Together,Graduation,1,0,2017-11-18 10:59:23,Sana Tariq,0,3500,3.285714286,52.57142857,105
1427,77343,55,Married,Graduation,0,0,2019-03-10 10:59:23,Umar Farooq,0,700,19.69642857,315.1428571,105
1428,73892,67,Single,Graduation,0,0,2018-08-14 10:59:23,Nadia Iqbal,0,600,30.5,488,90
1429,40304,53,Single,PhD,1,0,2018-07-01 10:59:23,Bilal Hussain,0,2800,2.454545455,27,40
1430,32727,55,Together,PhD,0,0,2017-05-29 10:59:23,Hina Shah,0,4800,4.189814815,150.8333333,210
1431,68695,51,Together,Graduation,0,0,2019-03-26 10:59:23,Kamran Aslam,0,1400,14.29931973,300.2857143,140
1432,43300,49,Divorced,Graduation,0,1,2017-07-14 10:59:23,Rabia Noor,0,5600,2.027210884,42.57142857,140
1433,26290,48,Together,Graduation,1,1,2017-10-13 10:59:23,Tariq Mehmood,0,4200,1.428571429,15.71428571,70
1434,93790,50,Single,Graduation,0,0,2018-11-13 10:59:23,Saima Gul,3,1400,5.30875576,164.5714286,210
1435,38410,46,Married,PhD,0,0,2017-06-15 10:59:23,Shahzad Anwar,0,3600,6.256410256,162.6666667,150
1436,64866,70,Widow,Master,0,1,2018-10-27 10:59:23,Mariam Yousaf,1,3000,2.516203704,90.58333333,210
1437,57957,61,Together,Graduation,0,1,2018-05-20 10:59:23,Imran Qureshi,0,2100,8.272108844,173.7142857,140
1438,46015,65,Together,PhD,1,1,2019-01-12 10:59:23,Bushra Ansari,2,2800,1.111111111,6.666666667,20
1439,16531,42,Together,Graduation,1,0,2019-03-19 10:59:23,Naveed Akhtar,0,4900,0.589285714,9.428571429,105
1440,28072,34,Married,Master,1,0,2018-04-08 10:59:23,Asma Zafar,0,3500,2.8,16.8,25
1441,49476,57,Divorced,Master,0,1,2018-03-21 10:59:23,Ali Khan,0,1400,15.55844156,171.1428571,70
1442,50725,67,Married,Graduation,0,1,2017-11-14 10:59:23,Ayesha Malik,0,4000,5.2,213.2,200
1443,83844,68,Together,Graduation,0,0,2018-02-10 10:59:23,Hassan Raza,1,600,10.8531746,227.9166667,120
1444,41145,70,Married,PhD,1,1,2018-11-09 10:59:23,Fatima Javed,0,1200,6,6,0
1445,67419,50,Together,Graduation,0,1,2017-10-17 10:59:23,Zain Ahmed,0,3500,8.875776398,408.2857143,315
1446,23162,50,Married,2n Cycle,1,1,2018-09-21 10:59:23,Sana Tariq,0,4200,2.047619048,12.28571429,35
1447,34380,43,Married,Graduation,1,0,2018-01-31 10:59:23,Umar Farooq,0,5600,2.054421769,43.14285714,140
1448,34704,54,Single,Graduation,0,1,2018-01-26 10:59:23,Nadia Iqbal,0,2000,2.708333333,16.25,20
1449,94871,51,Married,PhD,0,2,2017-06-02 10:59:23,Bilal Hussain,2,4200,2.531165312,103.7777778,240
1450,65148,62,Married,Graduation,0,1,2017-08-17 10:59:23,Hina Shah,0,2800,8.866359447,274.8571429,210
1451,39898,66,Together,Graduation,0,1,2017-11-13 10:59:23,Kamran Aslam,0,4200,2.416666667,38.66666667,90
1452,64857,64,Single,Master,0,0,2017-08-24 10:59:23,Rabia Noor,0,2400,13.86111111,499,210
1453,59892,50,Married,PhD,0,1,2018-08-03 10:59:23,Tariq Mehmood,0,1200,3.954545455,43.5,40
1454,41020,33,Single,Master,0,0,2018-07-29 10:59:23,Saima Gul,0,1800,3.697916667,59.16666667,90
1455,57072,59,Married,PhD,0,1,2018-10-25 10:59:23,Shahzad Anwar,1,2000,6.972222222,251,140
1456,60474,41,Single,Graduation,0,1,2017-12-31 10:59:23,Mariam Yousaf,0,4900,5.658263305,288.5714286,350
1457,62807,60,Together,Graduation,0,1,2017-06-01 10:59:23,Imran Qureshi,0,3500,7.912087912,205.7142857,175
1458,19414,39,Together,2n Cycle,1,0,2018-07-17 10:59:23,Bushra Ansari,0,4800,1.305555556,7.833333333,30
1459,19107,40,Married,Graduation,1,0,2018-05-23 10:59:23,Naveed Akhtar,0,4900,1.428571429,8.571428571,35
1460,75484,44,Together,2n Cycle,0,1,2017-05-03 10:59:23,Asma Zafar,0,2800,8.928571429,321.4285714,245
1461,70379,44,Single,Master,0,1,2017-12-02 10:59:23,Ali Khan,0,2800,7.852534562,243.4285714,210
1462,79419,50,Together,Master,0,0,2019-03-23 10:59:23,Ayesha Malik,0,1400,21.76870748,457.1428571,140
1463,64014,74,Together,PhD,2,1,2019-03-11 10:59:23,Hassan Raza,1,2800,2.658536585,109,160
1464,76998,65,Married,Graduation,0,1,2017-10-12 10:59:23,Fatima Javed,1,4200,4.599489796,257.5714286,385
1465,49854,48,Together,Master,1,0,2018-08-11 10:59:23,Zain Ahmed,0,3600,3.76344086,116.6666667,180
1466,60585,49,Married,PhD,1,1,2018-03-25 10:59:23,Sana Tariq,0,3000,6.425925926,231.3333333,210
1467,42873,70,Divorced,PhD,1,1,2017-10-22 10:59:23,Umar Farooq,0,4800,2.731182796,84.66666667,180
1468,87679,32,Together,Graduation,0,0,2018-04-27 10:59:23,Nadia Iqbal,3,2800,4.942460317,177.9285714,245
1469,57867,42,Together,Graduation,1,0,2018-07-02 10:59:23,Bilal Hussain,0,4200,4.722222222,170,245
1470,35765,30,Married,Graduation,1,0,2018-09-11 10:59:23,Hina Shah,0,3600,1.818181818,20,60
1471,65492,61,Married,Graduation,0,0,2018-10-27 10:59:23,Kamran Aslam,0,1400,13.57823129,285.1428571,140
1472,32952,43,Divorced,Graduation,1,0,2018-09-01 10:59:23,Rabia Noor,0,3500,1.945454545,21.4,50
1473,53374,51,Together,PhD,0,1,2017-05-17 10:59:23,Tariq Mehmood,1,5400,8.134920635,170.8333333,120
1474,71706,61,Together,Graduation,0,1,2017-08-14 10:59:23,Saima Gul,0,3500,8.875776398,408.2857143,315
1475,68487,32,Married,Graduation,0,0,2017-10-14 10:59:23,Shahzad Anwar,0,2400,8.93115942,410.8333333,270
1476,53253,45,Together,Master,1,1,2017-11-12 10:59:23,Mariam Yousaf,0,3000,4.865079365,102.1666667,120
1477,31163,47,Divorced,2n Cycle,1,0,2018-11-14 10:59:23,Imran Qureshi,0,3000,1.466666667,8.8,25
1478,42014,43,Married,Graduation,1,0,2017-05-18 10:59:23,Bushra Ansari,0,4800,3.50462963,126.1666667,210
1479,54108,47,Married,Master,1,1,2017-08-06 10:59:23,Naveed Akhtar,0,4800,5.260162602,215.6666667,240
1480,49667,65,Single,PhD,0,0,2017-05-21 10:59:23,Asma Zafar,1,5600,7.456043956,193.8571429,175
1481,63206,46,Married,Master,0,0,2018-12-19 10:59:23,Ali Khan,1,1200,7.126984127,149.6666667,120
1482,57136,48,Married,Master,1,1,2018-04-09 10:59:23,Ayesha Malik,0,3600,6.352564103,165.1666667,150
1483,46772,45,Together,2n Cycle,0,1,2017-08-08 10:59:23,Hassan Raza,1,5600,2.528061224,141.5714286,385
1484,78931,49,Married,PhD,0,0,2018-07-26 10:59:23,Fatima Javed,0,700,23.58441558,259.4285714,70
1485,53977,62,Together,Graduation,0,1,2018-03-09 10:59:23,Zain Ahmed,0,3000,10.57692308,275,150
1486,84219,32,Married,Graduation,0,0,2018-11-03 10:59:23,Sana Tariq,0,500,26.55,424.8,75
1487,46098,45,Single,Master,1,1,2017-05-19 10:59:23,Umar Farooq,0,3200,2.625,42,60
1488,73538,55,Married,Graduation,0,1,2017-08-26 10:59:23,Nadia Iqbal,0,4900,8.68907563,443.1428571,350
1489,79529,34,Married,Graduation,0,0,2019-01-26 10:59:23,Bilal Hussain,0,1200,21.30952381,447.5,120
1490,20981,43,Together,2n Cycle,0,0,2018-01-29 10:59:23,Hina Shah,0,4800,0.760416667,12.16666667,90
1491,51766,40,Single,Graduation,1,0,2018-12-10 10:59:23,Kamran Aslam,0,3000,3.150793651,66.16666667,120
1492,55759,58,Married,Graduation,0,1,2017-08-29 10:59:23,Rabia Noor,0,4800,5.078431373,259,300
1493,33039,42,Married,Graduation,1,0,2018-06-10 10:59:23,Tariq Mehmood,0,2000,2.363636364,26,40
1494,37787,48,Married,Master,1,0,2018-06-21 10:59:23,Saima Gul,0,4800,1.416666667,22.66666667,90
1495,27242,50,Single,Graduation,1,0,2017-08-12 10:59:23,Shahzad Anwar,0,6300,1.74025974,19.14285714,70
1496,87188,37,Single,PhD,0,0,2018-03-04 10:59:23,Mariam Yousaf,0,2100,10.46498599,533.7142857,350
1497,69930,49,Together,Graduation,0,0,2018-02-24 10:59:23,Imran Qureshi,0,2100,19.94557823,418.8571429,140
1498,37697,44,Single,Graduation,1,0,2018-11-08 10:59:23,Bushra Ansari,0,4200,1.974025974,21.71428571,70
1499,37401,47,Married,PhD,1,0,2019-02-04 10:59:23,Naveed Akhtar,0,2800,1.477272727,16.25,40
1500,3502,47,Single,Graduation,1,0,2018-01-12 10:59:23,Asma Zafar,0,4200,2,2,0
1501,58597,44,Married,Graduation,1,1,2017-08-21 10:59:23,Ali Khan,0,4200,6.592592593,237.3333333,210
1502,82032,72,Widow,PhD,0,0,2019-01-04 10:59:23,Ayesha Malik,0,700,16.01360544,336.2857143,140
1503,28087,62,Together,Graduation,1,1,2017-09-11 10:59:23,Hassan Raza,0,4200,2.757575758,30.33333333,60
1504,74004,33,Single,PhD,0,0,2018-11-25 10:59:23,Fatima Javed,2,1800,8.391534392,176.2222222,120
1505,19740,60,Together,Graduation,0,1,2017-12-23 10:59:23,Zain Ahmed,0,3500,1.666666667,10,35
1506,57036,45,Married,2n Cycle,0,1,2017-09-11 10:59:23,Sana Tariq,1,6300,6.755760369,209.4285714,210
1507,53083,62,Together,2n Cycle,1,1,2018-02-13 10:59:23,Umar Farooq,1,4200,1.653846154,43,150
1508,69283,45,Married,PhD,0,1,2019-03-15 10:59:23,Nadia Iqbal,0,3000,8.296296296,298.6666667,210
1509,46098,45,Single,Master,1,1,2017-05-19 10:59:23,Bilal Hussain,0,3200,2.625,42,60
1510,23331,32,Married,2n Cycle,1,0,2017-06-05 10:59:23,Hina Shah,0,4800,1.208333333,19.33333333,90
1511,23331,32,Single,2n Cycle,1,0,2017-07-06 10:59:23,Kamran Aslam,0,6300,2.901098901,75.42857143,175
1512,9255,31,Single,Graduation,1,0,2018-09-20 10:59:23,Rabia Noor,0,4000,1.2,7.2,25
1513,67786,61,Widow,PhD,0,0,2018-09-07 10:59:23,Tariq Mehmood,0,700,18.82142857,301.1428571,105
1514,71969,49,Married,PhD,0,1,2017-07-17 10:59:23,Saima Gul,1,3200,16.8125,269,60
1515,59235,53,Single,Master,1,0,2017-10-13 10:59:23,Shahzad Anwar,0,4200,6.172619048,345.6666667,330
1516,31928,31,Together,Graduation,1,0,2018-12-27 10:59:23,Mariam Yousaf,0,4200,1.354166667,21.66666667,90
1517,74881,59,Together,Master,1,1,2017-12-07 10:59:23,Imran Qureshi,0,3500,5.652173913,260,315
1518,65819,42,Married,Graduation,0,0,2017-08-30 10:59:23,Bushra Ansari,0,2100,14.50549451,377.1428571,175
1519,51411,67,Single,PhD,1,2,2018-02-24 10:59:23,Naveed Akhtar,0,2000,8.5,8.5,0
1520,51983,56,Divorced,Graduation,0,1,2017-06-01 10:59:23,Asma Zafar,0,4200,5.528985507,254.3333333,270
1521,42386,34,Together,Master,1,0,2017-10-14 10:59:23,Ali Khan,0,4000,2.175,34.8,75
1522,30390,33,Married,2n Cycle,0,0,2018-06-03 10:59:23,Ayesha Malik,0,3600,1.636363636,18,60
1523,30983,57,Single,Graduation,0,0,2017-08-10 10:59:23,Hassan Raza,0,5600,1.605442177,33.71428571,140
1524,66033,63,Widow,Graduation,0,1,2017-10-21 10:59:23,Fatima Javed,0,4900,4.264808362,174.8571429,280
1525,37284,45,Married,2n Cycle,1,1,2017-12-28 10:59:23,Zain Ahmed,0,2400,5,5,0
1526,57530,69,Divorced,Master,0,1,2018-07-13 10:59:23,Sana Tariq,0,600,5.027777778,30.16666667,30
1527,76800,55,Married,2n Cycle,0,0,2018-12-07 10:59:23,Umar Farooq,0,700,7.619047619,160,140
1528,63943,64,Married,Graduation,0,1,2017-06-03 10:59:23,Nadia Iqbal,0,3500,10,310,210
1529,76081,58,Together,Graduation,0,0,2019-02-21 10:59:23,Bilal Hussain,1,1400,5.666666667,119,140
1530,67445,46,Married,Graduation,0,1,2017-05-13 10:59:23,Hina Shah,0,3600,8.137681159,374.3333333,270
1531,37054,53,Married,Master,1,1,2018-06-16 10:59:23,Kamran Aslam,0,3500,1.3,7.8,25
1532,47175,58,Together,Master,1,1,2017-07-29 10:59:23,Rabia Noor,1,4800,1.746031746,36.66666667,120
1533,31859,44,Divorced,Graduation,1,0,2018-03-15 10:59:23,Tariq Mehmood,0,3500,0.9,5.4,25
1534,27215,59,Divorced,Graduation,2,1,2017-10-24 10:59:23,Saima Gul,0,4200,1.922077922,21.14285714,70
1535,70179,44,Divorced,PhD,0,1,2018-04-21 10:59:23,Shahzad Anwar,0,3500,7.150793651,257.4285714,245
1536,39922,37,Married,Graduation,1,0,2017-11-15 10:59:23,Mariam Yousaf,0,5600,2.142857143,34.28571429,105
1537,49681,44,Married,Master,0,2,2018-08-05 10:59:23,Imran Qureshi,0,2800,6.069444444,218.5,140
1538,24645,32,Married,Graduation,1,0,2017-08-02 10:59:23,Bushra Ansari,0,4000,1,6,25
1539,79865,66,Divorced,Graduation,0,1,2019-03-19 10:59:23,Naveed Akhtar,0,700,8.285714286,215.4285714,175
1540,44322,35,Married,Graduation,1,0,2019-03-17 10:59:23,Asma Zafar,0,3200,2.734375,43.75,60
1541,47958,68,Single,Graduation,0,1,2017-10-20 10:59:23,Ali Khan,0,3500,3.548387097,110,210
1542,63972,56,Single,Master,0,1,2017-09-02 10:59:23,Ayesha Malik,1,2000,9.623076923,250.2,125
1543,75315,66,Together,Graduation,0,1,2019-01-14 10:59:23,Hassan Raza,0,1400,8.901098901,231.4285714,175
1544,55517,70,Married,PhD,1,1,2017-06-28 10:59:23,Fatima Javed,0,4500,4.264285714,238.8,275
1545,75283,63,Married,PhD,1,2,2017-12-26 10:59:23,Zain Ahmed,0,2800,8.783410138,272.2857143,210
1546,82800,74,Single,PhD,0,0,2017-08-25 10:59:23,Sana Tariq,2,2100,3.35978836,120.952381,245
1547,38998,66,Married,Graduation,1,1,2017-08-04 10:59:23,Umar Farooq,0,4000,1.781818182,19.6,50
1548,90638,29,Single,Master,0,0,2018-11-14 10:59:23,Nadia Iqbal,1,700,21.6875,347,105
1549,27161,34,Married,Master,1,0,2018-07-29 10:59:23,Bilal Hussain,0,3500,2.5,15,25
1550,42014,43,Married,Graduation,1,0,2017-05-18 10:59:23,Hina Shah,0,4800,3.50462963,126.1666667,210
1551,38201,60,Together,PhD,0,1,2017-12-28 10:59:23,Kamran Aslam,0,3200,4.923076923,128,100
1552,45203,38,Together,Graduation,2,0,2018-12-22 10:59:23,Rabia Noor,0,4200,2.196428571,35.14285714,105
1553,81574,73,Together,PhD,0,0,2019-01-27 10:59:23,Tariq Mehmood,2,500,11.41587302,239.7333333,100
1554,34935,28,Married,Graduation,0,0,2018-03-22 10:59:23,Saima Gul,0,4900,3.038961039,33.42857143,70
1555,60482,44,Single,Master,0,1,2017-10-24 10:59:23,Shahzad Anwar,0,4900,3.833333333,138,245
1556,34633,64,Together,Graduation,2,1,2018-10-24 10:59:23,Mariam Yousaf,0,2400,1.125,6.75,20
1557,78093,73,Together,Master,0,0,2018-09-11 10:59:23,Imran Qureshi,0,700,14.89795918,312.8571429,140
1558,82460,70,Divorced,Graduation,0,0,2018-09-02 10:59:23,Bushra Ansari,0,700,10.53846154,274,175
1559,45903,54,Together,Master,0,1,2019-01-22 10:59:23,Naveed Akhtar,0,2400,1.757575758,19.33333333,60
1560,81361,33,Divorced,Graduation,0,0,2018-11-26 10:59:23,Asma Zafar,0,700,12.53571429,200.5714286,105
1561,35860,47,Divorced,PhD,1,1,2019-02-17 10:59:23,Ali Khan,1,3000,0.805555556,4.833333333,30
1562,40442,68,Together,Master,1,1,2017-05-20 10:59:23,Ayesha Malik,0,4900,2.785714286,44.57142857,105
1563,61482,55,Married,Graduation,0,0,2019-03-28 10:59:23,Hassan Raza,0,1400,4.571428571,73.14285714,105
1564,34968,40,Married,Graduation,1,0,2018-01-09 10:59:23,Fatima Javed,0,4200,4.541666667,72.66666667,90
1565,75794,33,Married,Graduation,0,0,2018-09-24 10:59:23,Zain Ahmed,1,2100,6.484126984,233.4285714,245
1566,31497,58,Together,PhD,0,1,2017-09-06 10:59:23,Sana Tariq,0,4800,3.135416667,50.16666667,90
1567,74268,65,Married,Graduation,0,0,2017-11-15 10:59:23,Umar Farooq,0,1400,11.57823129,243.1428571,140
1568,13724,32,Together,Basic,1,0,2017-06-01 10:59:23,Nadia Iqbal,1,5400,0.454545455,5,60
1569,45143,55,Together,Master,0,1,2018-05-27 10:59:23,Bilal Hussain,0,4200,3.166666667,98.16666667,180
1570,52569,53,Single,PhD,0,1,2019-01-04 10:59:23,Hina Shah,0,1200,4,44,40
1571,48432,47,Single,PhD,0,1,2017-07-19 10:59:23,Kamran Aslam,0,4800,3.523148148,126.8333333,210
1572,17144,60,Together,Master,1,1,2018-11-16 10:59:23,Rabia Noor,0,3500,1,16,75
1573,36108,36,Single,Graduation,1,0,2018-07-16 10:59:23,Tariq Mehmood,1,6300,1.158730159,41.71428571,245
1574,76445,49,Married,Graduation,1,0,2017-06-29 10:59:23,Saima Gul,0,4200,35.71428571,392.8571429,70
1575,36663,45,Married,PhD,1,0,2019-01-24 10:59:23,Shahzad Anwar,0,1000,1.9,11.4,25
1576,53843,55,Married,Master,0,1,2018-03-28 10:59:23,Mariam Yousaf,0,4200,3.975609756,163,240
1577,90226,64,Married,Master,0,0,2017-06-27 10:59:23,Imran Qureshi,1,1200,17.38095238,365,120
1578,70638,65,Divorced,Master,0,0,2018-03-02 10:59:23,Bushra Ansari,1,1800,10.03968254,210.8333333,120
1579,44512,60,Together,Graduation,1,1,2018-05-31 10:59:23,Naveed Akhtar,0,2000,2,12,25
1580,27116,59,Married,Graduation,1,1,2018-12-01 10:59:23,Asma Zafar,0,4200,1.121212121,12.33333333,60
1581,54072,57,Married,PhD,1,1,2018-04-27 10:59:23,Ali Khan,0,2400,2.363636364,26,30
1582,71855,43,Married,Graduation,0,1,2017-10-17 10:59:23,Ayesha Malik,0,1800,14.26923077,371,150
1583,51250,30,Single,2n Cycle,1,0,2017-12-29 10:59:23,Hassan Raza,1,5400,2.137254902,109,300
1584,60432,47,Married,Master,0,1,2018-12-08 10:59:23,Fatima Javed,0,3600,3.597222222,129.5,210
1585,65526,56,Married,PhD,0,1,2019-01-10 10:59:23,Zain Ahmed,0,1200,7.888888889,165.6666667,120
1586,68655,32,Single,Graduation,0,0,2017-05-11 10:59:23,Sana Tariq,0,2100,20.40816327,428.5714286,140
1587,12393,42,Married,2n Cycle,0,0,2017-09-04 10:59:23,Umar Farooq,0,6300,1.142857143,12.57142857,70
1588,64509,30,Single,Graduation,0,0,2018-05-18 10:59:23,Nadia Iqbal,1,2800,7.580645161,235,210
1589,33955,45,Single,Graduation,1,0,2018-05-10 10:59:23,Bilal Hussain,0,5600,2.857142857,74.28571429,175
1590,31353,43,Married,Graduation,1,1,2018-09-29 10:59:23,Hina Shah,0,4000,1.266666667,7.6,25
1591,55434,36,Married,Graduation,1,0,2018-07-06 10:59:23,Kamran Aslam,0,2800,8.857142857,230.2857143,175
1592,28359,37,Together,Graduation,1,0,2018-07-28 10:59:23,Rabia Noor,0,3500,0.866666667,5.2,25
1593,57100,33,Single,Graduation,1,0,2019-02-16 10:59:23,Tariq Mehmood,0,1800,6.010416667,96.16666667,90
1594,69139,55,Married,Graduation,0,1,2018-10-28 10:59:23,Saima Gul,0,2800,3.006802721,63.14285714,140
1595,52973,64,Married,Master,0,1,2017-08-09 10:59:23,Shahzad Anwar,0,4800,6.905797101,317.6666667,270
1596,51717,55,Together,PhD,0,1,2018-05-21 10:59:23,Mariam Yousaf,1,3500,1.45625,23.3,75
1597,18793,49,Married,Graduation,1,0,2017-10-13 10:59:23,Imran Qureshi,0,4000,1.709090909,18.8,50
1598,66664,38,Together,2n Cycle,0,0,2017-06-26 10:59:23,Bushra Ansari,0,1800,15.5,403,150
1599,50664,61,Single,Graduation,1,1,2017-10-17 10:59:23,Naveed Akhtar,0,6300,3.031358885,124.2857143,280
1600,54414,57,Together,Graduation,1,1,2017-10-24 10:59:23,Asma Zafar,0,2400,3.833333333,61.33333333,90
1601,54549,68,Married,PhD,0,1,2018-12-02 10:59:23,Ali Khan,0,3500,3.446153846,89.6,125
1602,47111,49,Widow,PhD,0,1,2017-06-09 10:59:23,Ayesha Malik,0,6300,18.76785714,300.2857143,105
1603,41003,57,Divorced,PhD,0,0,2017-12-16 10:59:23,Hassan Raza,0,4200,4.728110599,146.5714286,210
1604,19444,38,Together,Graduation,1,0,2018-11-23 10:59:23,Fatima Javed,0,4200,0.698412698,14.66666667,120
1605,36301,44,Together,2n Cycle,1,0,2018-07-26 10:59:23,Zain Ahmed,0,4200,1.25,20,90
1606,73059,73,Together,PhD,0,1,2018-06-01 10:59:23,Sana Tariq,0,2400,7.420289855,341.3333333,270
1607,42731,51,Together,PhD,1,0,2018-07-22 10:59:23,Umar Farooq,0,3000,3.476190476,73,120
1608,52854,61,Married,PhD,1,1,2018-12-23 10:59:23,Nadia Iqbal,0,2000,5.272727273,58,40
1609,22775,42,Together,Graduation,1,0,2018-03-20 10:59:23,Bilal Hussain,0,3200,1.125,6.75,20
1610,46681,72,Together,PhD,0,2,2018-07-09 10:59:23,Hina Shah,0,3000,6.023809524,126.5,120
1611,59821,65,Married,PhD,0,1,2018-01-11 10:59:23,Kamran Aslam,0,3200,6.241071429,349.5,220
1612,50002,66,Divorced,Graduation,0,1,2018-03-18 10:59:23,Rabia Noor,0,4900,3.87456446,158.8571429,280
1613,69755,75,Married,Graduation,0,0,2018-07-03 10:59:23,Tariq Mehmood,0,700,14.30357143,228.8571429,105
1614,44078,51,Married,Graduation,1,1,2019-03-20 10:59:23,Saima Gul,0,3000,1.121212121,12.33333333,60
1615,30560,44,Together,Master,1,0,2018-03-28 10:59:23,Shahzad Anwar,0,4200,1.194444444,7.166666667,30
1616,35924,51,Together,Master,1,1,2018-12-22 10:59:23,Mariam Yousaf,0,3000,1.5,9,30
1617,64140,56,Divorced,PhD,0,2,2018-06-24 10:59:23,Imran Qureshi,3,2500,13.95454545,153.5,50
1618,56386,39,Together,Graduation,1,1,2017-07-28 10:59:23,Bushra Ansari,0,6300,3.335403727,153.4285714,315
1619,24594,41,Together,Basic,1,0,2018-09-10 10:59:23,Naveed Akhtar,0,3000,1.111111111,6.666666667,30
1620,75774,39,Together,2n Cycle,1,0,2019-01-31 10:59:23,Asma Zafar,0,2800,6.087301587,219.1428571,245
1621,39228,60,Divorced,Master,0,0,2018-02-08 10:59:23,Ali Khan,0,2000,6.2,6.2,0
1622,58494,46,Married,Master,0,1,2018-09-12 10:59:23,Ayesha Malik,0,3600,4.053763441,125.6666667,180
1623,58684,39,Single,Graduation,0,0,2019-03-17 10:59:23,Hassan Raza,1,1400,4,104,175
1624,57136,53,Divorced,Graduation,0,0,2018-02-16 10:59:23,Fatima Javed,0,4200,8.349206349,300.5714286,245
1625,56551,70,Widow,PhD,1,1,2019-02-05 10:59:23,Zain Ahmed,0,2800,3.168831169,34.85714286,70
1626,22448,38,Married,Graduation,1,0,2018-11-27 10:59:23,Sana Tariq,0,2100,0.961038961,10.57142857,70
1627,82014,59,Single,Graduation,0,0,2017-05-21 10:59:23,Umar Farooq,0,4200,26.42857143,422.8571429,105
1628,34213,57,Widow,Graduation,1,1,2017-06-08 10:59:23,Nadia Iqbal,0,6300,1.625,26,105
1629,25358,73,Widow,PhD,0,1,2018-04-22 10:59:23,Bilal Hussain,0,2400,2,12,20
1630,35544,42,Single,Master,1,0,2018-12-07 10:59:23,Hina Shah,0,4200,1.848484848,20.33333333,60
1631,36634,66,Together,Master,0,1,2018-02-26 10:59:23,Kamran Aslam,0,4900,3.351648352,87.14285714,175
1632,62670,66,Married,PhD,0,1,2018-11-03 10:59:23,Rabia Noor,0,2100,8.648351648,224.8571429,175
1633,50334,48,Together,2n Cycle,0,1,2018-04-24 10:59:23,Tariq Mehmood,0,3600,5.111111111,184,210
1634,72066,39,Single,Graduation,0,0,2019-03-24 10:59:23,Saima Gul,2,1200,9.211640212,193.4444444,120
1635,50729,62,Single,PhD,1,1,2018-01-31 10:59:23,Shahzad Anwar,0,4200,4.092165899,126.8571429,210
1636,34916,52,Together,Graduation,2,0,2018-02-13 10:59:23,Mariam Yousaf,0,5400,2.423076923,63,150
1637,64892,44,Divorced,Graduation,0,1,2019-02-27 10:59:23,Imran Qureshi,0,2400,8.870967742,275,180
1638,43602,54,Single,Graduation,1,1,2018-10-11 10:59:23,Bushra Ansari,0,3600,0.822916667,13.16666667,90
1639,33996,31,Single,PhD,0,0,2018-06-12 10:59:23,Naveed Akhtar,0,2400,3.611111111,21.66666667,30
1640,41473,35,Single,2n Cycle,1,0,2018-03-20 10:59:23,Asma Zafar,0,4900,1.74025974,19.14285714,70
1641,63246,53,Married,PhD,0,2,2018-05-21 10:59:23,Ali Khan,0,2800,7.050691244,218.5714286,210
1642,36732,61,Married,PhD,1,1,2018-09-29 10:59:23,Ayesha Malik,0,1400,1.904761905,11.42857143,35
1643,69084,50,Married,PhD,1,0,2018-08-20 10:59:23,Hassan Raza,0,4800,14.26851852,513.6666667,210
1644,77766,53,Married,PhD,0,1,2017-11-23 10:59:23,Fatima Javed,1,3600,4.382440476,245.4166667,330
1645,37929,35,Single,PhD,0,0,2018-04-30 10:59:23,Zain Ahmed,2,4200,1.343915344,28.22222222,120
1646,86610,69,Together,Graduation,0,0,2018-06-06 10:59:23,Sana Tariq,0,1400,17.03296703,442.8571429,175
1647,80141,34,Married,Master,0,0,2017-10-12 10:59:23,Umar Farooq,1,3600,9.402777778,338.5,210
1648,72635,65,Married,2n Cycle,0,0,2018-03-04 10:59:23,Nadia Iqbal,1,2100,4.02764977,124.8571429,210
1649,69016,50,Married,Graduation,0,1,2017-08-23 10:59:23,Bilal Hussain,0,3500,9.56097561,392,280
1650,20193,29,Together,2n Cycle,0,0,2017-08-29 10:59:23,Hina Shah,0,2400,3.833333333,23,30
1651,27573,45,Married,Graduation,1,0,2017-12-24 10:59:23,Kamran Aslam,0,4000,3.292307692,85.6,125
1652,15862,41,Single,Basic,1,0,2018-03-28 10:59:23,Rabia Noor,0,4800,1.416666667,8.5,30
1653,49544,44,Married,PhD,1,0,2017-11-13 10:59:23,Tariq Mehmood,0,2800,7.326923077,190.5,100
1654,33228,40,Married,Graduation,1,0,2018-10-24 10:59:23,Saima Gul,0,4900,1.714285714,18.85714286,70
1655,70440,42,Together,Graduation,0,0,2018-07-09 10:59:23,Shahzad Anwar,1,2100,8.153846154,212,175
1656,38232,49,Together,Graduation,1,1,2018-10-18 10:59:23,Mariam Yousaf,0,3500,1.589285714,25.42857143,105
1657,22554,65,Married,PhD,1,1,2017-08-04 10:59:23,Imran Qureshi,0,2000,1.681818182,18.5,40
1658,23536,37,Married,PhD,1,0,2019-03-05 10:59:23,Bushra Ansari,0,1200,4.5,4.5,0
1659,49413,68,Married,Graduation,0,1,2018-07-26 10:59:23,Naveed Akhtar,0,3500,3.510204082,73.71428571,140
1660,42231,51,Married,Graduation,1,1,2018-12-24 10:59:23,Asma Zafar,0,2500,2.2,13.2,25
1661,78789,40,Divorced,Master,0,0,2017-05-09 10:59:23,Ali Khan,0,1200,25.86507937,543.1666667,120
1662,56534,52,Together,Graduation,0,1,2018-04-23 10:59:23,Ayesha Malik,2,4800,1.675381264,85.44444444,300
1663,58350,49,Single,Graduation,0,1,2017-10-05 10:59:23,Hassan Raza,0,3600,7.162601626,293.6666667,240
1664,81217,31,Single,Graduation,0,0,2018-04-19 10:59:23,Fatima Javed,0,700,19.16071429,306.5714286,105
1665,49090,69,Single,Graduation,0,1,2018-04-19 10:59:23,Zain Ahmed,0,4200,5.444444444,196,210
1666,61787,33,Divorced,Master,0,0,2018-04-06 10:59:23,Sana Tariq,0,3500,8.599303136,352.5714286,280
1667,18169,35,Married,PhD,1,0,2017-11-20 10:59:23,Umar Farooq,0,2400,1.166666667,7,15
1668,24336,39,Single,2n Cycle,1,0,2017-05-28 10:59:23,Nadia Iqbal,0,4200,1,6,30
1669,18222,30,Married,Graduation,0,0,2017-10-01 10:59:23,Bilal Hussain,0,4800,1.424242424,15.66666667,60
1670,62335,68,Divorced,Graduation,0,1,2018-02-21 10:59:23,Hina Shah,0,1400,12.17857143,194.8571429,105
1671,42033,49,Together,2n Cycle,1,1,2017-06-20 10:59:23,Kamran Aslam,0,3500,0.833333333,5,25
1672,86580,37,Married,PhD,0,0,2017-11-28 10:59:23,Rabia Noor,1,600,5.682539683,119.3333333,120
1673,41437,63,Divorced,PhD,1,1,2017-06-23 10:59:23,Tariq Mehmood,0,2800,2.583333333,15.5,20
1674,73705,69,Widow,Master,0,2,2018-12-04 10:59:23,Saima Gul,0,3000,11.11956522,511.5,270
1675,61064,44,Married,Graduation,0,1,2017-06-01 10:59:23,Shahzad Anwar,0,3600,7.317073171,300,240
1676,38452,65,Married,Master,1,1,2018-12-29 10:59:23,Mariam Yousaf,0,2800,2.1875,35,60
1677,18358,31,Single,Graduation,1,0,2018-08-21 10:59:23,Imran Qureshi,0,4200,1.0625,17,90
1678,55012,47,Together,PhD,0,1,2018-12-20 10:59:23,Bushra Ansari,0,2000,7.890243902,323.5,160
1679,9722,47,Together,Basic,1,0,2017-07-03 10:59:23,Naveed Akhtar,0,4000,1.25,20,75
1680,38175,36,Married,PhD,1,0,2018-06-24 10:59:23,Asma Zafar,0,4200,3.09375,49.5,90
1681,58656,64,Together,Master,0,1,2017-06-21 10:59:23,Ali Khan,1,3600,5.564814815,200.3333333,210
1682,52117,55,Together,Graduation,0,1,2017-05-17 10:59:23,Ayesha Malik,0,4200,3.320512821,86.33333333,150
1683,64813,42,Married,Graduation,1,0,2018-10-03 10:59:23,Hassan Raza,0,3000,6.416666667,231,210
1684,54222,47,Married,PhD,0,1,2018-11-30 10:59:23,Fatima Javed,0,1800,5.229166667,83.66666667,90
1685,83512,34,Married,Graduation,0,0,2019-03-18 10:59:23,Zain Ahmed,4,700,5.594557823,117.4857143,140
1686,77520,61,Married,Master,0,1,2018-05-29 10:59:23,Sana Tariq,3,2400,2.983739837,122.3333333,240
1687,41154,42,Together,Graduation,0,1,2018-01-08 10:59:23,Umar Farooq,0,3000,3.388888889,20.33333333,30
1688,80398,54,Married,Graduation,0,0,2017-08-11 10:59:23,Nadia Iqbal,1,2100,8.631868132,224.4285714,175
1689,18746,28,Single,Basic,1,0,2019-02-27 10:59:23,Bilal Hussain,0,4200,0.785714286,12.57142857,105
1690,35196,36,Together,Graduation,1,0,2017-08-14 10:59:23,Hina Shah,0,5600,2.857142857,88.57142857,210
1691,60230,64,Single,Graduation,0,1,2018-02-18 10:59:23,Kamran Aslam,0,3500,9.465437788,293.4285714,210
1692,22108,43,Married,Graduation,1,1,2019-02-06 10:59:23,Rabia Noor,0,4200,0.666666667,7.333333333,60
1693,44392,46,Together,Graduation,1,1,2018-06-06 10:59:23,Tariq Mehmood,0,4900,2.476190476,52,140
1694,55424,44,Married,PhD,0,1,2017-08-26 10:59:23,Saima Gul,1,4200,3.055555556,110,245
1695,17688,41,Married,Graduation,1,0,2017-10-14 10:59:23,Shahzad Anwar,0,3200,0.541666667,3.25,20
1696,92491,37,Married,PhD,0,0,2018-01-30 10:59:23,Mariam Yousaf,3,2100,3.992063492,143.7142857,245
1697,90273,29,Single,Graduation,0,0,2018-09-14 10:59:23,Imran Qureshi,3,1400,5.164835165,134.2857143,175
1698,82571,58,Widow,PhD,0,0,2019-01-01 10:59:23,Bushra Ansari,1,1400,7.405529954,229.5714286,210
1699,38513,38,Single,PhD,1,0,2018-10-29 10:59:23,Naveed Akhtar,0,4800,3.290322581,102,180
1700,16653,41,Single,Master,1,0,2019-01-17 10:59:23,Asma Zafar,0,3600,1.772727273,19.5,60
1701,42586,65,Together,Graduation,1,1,2017-07-30 10:59:23,Ali Khan,0,3200,6,126,80
1702,23529,55,Single,Basic,0,1,2017-10-08 10:59:23,Ayesha Malik,0,4200,1.619047619,9.714285714,35
1703,74881,59,Together,Master,1,1,2017-12-07 10:59:23,Hassan Raza,0,3500,5.652173913,260,315
1704,71107,69,Married,Graduation,0,1,2017-11-18 10:59:23,Fatima Javed,0,2800,8.984126984,323.4285714,245
1705,46910,56,Together,PhD,1,1,2018-12-22 10:59:23,Zain Ahmed,0,2400,2.818181818,31,40
1706,18690,61,Married,Graduation,0,0,2017-09-28 10:59:23,Sana Tariq,0,5600,1.952380952,11.71428571,35
1707,37244,65,Divorced,Graduation,1,1,2018-01-26 10:59:23,Umar Farooq,1,3500,1,6,25
1708,82427,54,Together,Graduation,0,0,2018-12-11 10:59:23,Nadia Iqbal,1,600,13.49479167,215.9166667,90
1709,75342,62,Single,2n Cycle,0,1,2018-02-04 10:59:23,Bilal Hussain,0,2400,6.262820513,162.8333333,150
1710,70044,66,Divorced,Graduation,0,1,2017-11-19 10:59:23,Hina Shah,0,2500,16.47777778,593.2,175
1711,79146,53,Single,Graduation,1,1,2019-01-23 10:59:23,Kamran Aslam,0,3600,4.390243902,180,240
1712,77437,57,Married,Graduation,0,0,2018-08-27 10:59:23,Rabia Noor,1,600,8.583333333,180.25,120
1713,54984,61,Married,Graduation,0,1,2019-02-22 10:59:23,Tariq Mehmood,1,4900,1.622119816,50.28571429,210
1714,42403,49,Married,PhD,1,0,2018-09-11 10:59:23,Saima Gul,0,4800,2.166666667,13,30
1715,55761,56,Together,Graduation,0,1,2019-01-23 10:59:23,Shahzad Anwar,1,3600,1.206349206,25.33333333,120
1716,37292,37,Together,Graduation,1,0,2018-01-17 10:59:23,Mariam Yousaf,0,4800,4.23655914,131.3333333,180
1717,45576,75,Single,PhD,0,0,2019-02-26 10:59:23,Imran Qureshi,0,5600,2.142857143,34.28571429,105
1718,70321,73,Together,Graduation,0,0,2017-10-17 10:59:23,Bushra Ansari,0,2800,10.92165899,338.5714286,210
1719,58086,51,Divorced,PhD,0,1,2017-10-21 10:59:23,Naveed Akhtar,0,4000,5.55,310.8,275
1720,81795,68,Married,Graduation,0,0,2017-07-27 10:59:23,Asma Zafar,0,1400,17.60544218,369.7142857,140
1721,28389,73,Together,Basic,0,0,2017-08-21 10:59:23,Ali Khan,0,4900,0.952380952,5.714285714,35
1722,66835,74,Married,Master,0,0,2018-06-29 10:59:23,Ayesha Malik,0,1400,8.221198157,254.8571429,210
1723,69901,51,Divorced,Graduation,0,1,2018-02-27 10:59:23,Hassan Raza,0,3500,5.817460317,209.4285714,245
1724,80360,71,Married,PhD,0,0,2017-12-02 10:59:23,Fatima Javed,3,1200,8.597222222,180.5416667,120
1725,63342,59,Together,PhD,0,1,2017-07-17 10:59:23,Zain Ahmed,1,3600,4.347560976,178.25,240
1726,44989,46,Married,Graduation,0,1,2017-06-13 10:59:23,Sana Tariq,0,3000,3.230769231,84,125
1727,31859,40,Single,2n Cycle,1,0,2018-11-28 10:59:23,Umar Farooq,0,4900,1.761904762,10.57142857,35
1728,51569,71,Widow,PhD,0,1,2017-11-13 10:59:23,Nadia Iqbal,1,4000,2.405555556,86.6,175
1729,30372,49,Widow,Graduation,1,1,2017-09-25 10:59:23,Bilal Hussain,0,3500,1.218181818,13.4,50
1730,16014,41,Single,Basic,1,1,2017-12-16 10:59:23,Hina Shah,0,1800,1.527777778,9.166666667,30
1731,41120,52,Married,Graduation,1,1,2018-08-07 10:59:23,Kamran Aslam,0,3000,1.636363636,18,50
1732,39763,49,Single,Master,1,0,2018-05-05 10:59:23,Rabia Noor,0,6300,1.659340659,43.14285714,175
1733,38725,65,Married,PhD,1,1,2019-02-08 10:59:23,Tariq Mehmood,0,2400,2.222222222,13.33333333,30
1734,77981,48,Married,Graduation,1,0,2018-02-24 10:59:23,Saima Gul,0,3500,4.793650794,172.5714286,245
1735,62905,56,Married,2n Cycle,0,1,2018-06-11 10:59:23,Shahzad Anwar,0,2800,4.468253968,160.8571429,245
1736,13533,41,Divorced,2n Cycle,1,0,2017-12-09 10:59:23,Mariam Yousaf,0,3500,0.981818182,10.8,50
1737,59481,45,Together,Graduation,0,1,2018-07-24 10:59:23,Imran Qureshi,0,1400,7.196428571,115.1428571,105
1738,72117,43,Married,Graduation,0,1,2018-05-21 10:59:23,Bushra Ansari,0,3500,6.354037267,292.2857143,315
1739,21955,34,Married,2n Cycle,1,0,2018-06-08 10:59:23,Naveed Akhtar,0,4200,1.142857143,12.57142857,70
1740,67131,64,Married,Graduation,0,1,2017-12-25 10:59:23,Asma Zafar,0,4200,5.677018634,261.1428571,315
1741,36802,40,Single,PhD,1,0,2019-03-17 10:59:23,Ali Khan,0,2000,1.541666667,9.25,20
1742,71853,38,Together,Graduation,0,0,2018-02-06 10:59:23,Ayesha Malik,0,700,29.01298701,319.1428571,70
1743,28249,59,Married,Basic,0,0,2019-03-16 10:59:23,Hassan Raza,0,4200,0.857142857,9.428571429,70
1744,47808,45,Married,Master,0,1,2018-07-21 10:59:23,Fatima Javed,1,4200,1.583333333,25.33333333,90
1745,25509,46,Divorced,PhD,1,0,2017-06-19 10:59:23,Zain Ahmed,0,6300,1.607142857,25.71428571,105
1746,51012,74,Married,PhD,0,0,2018-01-17 10:59:23,Sana Tariq,0,3600,2.865079365,60.16666667,120
1747,70596,35,Single,Graduation,0,0,2017-07-06 10:59:23,Umar Farooq,0,1200,19.625,314,90
1748,85431,68,Together,PhD,0,0,2018-03-09 10:59:23,Nadia Iqbal,0,0,38.50909091,423.6,50
1749,42664,53,Married,Graduation,0,1,2018-12-17 10:59:23,Bilal Hussain,0,1800,2.666666667,16,15
1750,42586,65,Together,Graduation,1,1,2017-07-30 10:59:23,Hina Shah,0,3200,6,126,80
1751,29760,35,Single,Graduation,1,0,2017-05-30 10:59:23,Kamran Aslam,0,5600,2.642857143,42.28571429,105
1752,28973,43,Married,PhD,0,0,2017-07-14 10:59:23,Rabia Noor,0,4800,3.294871795,85.66666667,150
1753,39435,47,Together,PhD,1,0,2018-05-07 10:59:23,Tariq Mehmood,0,2800,2.78125,44.5,60
1754,65370,36,Married,2n Cycle,0,0,2018-05-02 10:59:23,Saima Gul,0,700,11.22077922,123.4285714,70
1755,20194,41,Single,Basic,1,0,2017-09-17 10:59:23,Shahzad Anwar,0,3600,0.96969697,10.66666667,60
1756,42473,44,Single,PhD,1,1,2018-11-18 10:59:23,Mariam Yousaf,0,3000,3.606060606,39.66666667,60
1757,64590,52,Married,Graduation,0,0,2017-07-15 10:59:23,Imran Qureshi,0,4200,8.124223602,373.7142857,315
1758,71232,61,Together,Graduation,0,1,2018-08-29 10:59:23,Bushra Ansari,0,4200,5.306547619,297.1666667,330
1759,34600,49,Together,Graduation,1,1,2017-10-02 10:59:23,Naveed Akhtar,0,5600,3.32967033,86.57142857,175
1760,46904,53,Single,Graduation,1,1,2017-08-04 10:59:23,Asma Zafar,0,4800,2.846153846,74,150
1761,49094,47,Married,Graduation,0,1,2017-06-22 10:59:23,Ali Khan,0,3600,4.655913978,144.3333333,180
1762,36075,37,Together,Graduation,1,0,2018-09-09 10:59:23,Ayesha Malik,0,3000,2.690909091,29.6,50
1763,60839,41,Together,2n Cycle,1,1,2017-05-29 10:59:23,Hassan Raza,0,4800,32.06060606,352.6666667,60
1764,77298,41,Together,Graduation,0,1,2018-08-03 10:59:23,Fatima Javed,0,2100,8.202764977,254.2857143,210
1765,34026,70,Together,Graduation,1,1,2018-05-06 10:59:23,Zain Ahmed,0,3500,1.532467532,16.85714286,70
1766,48918,57,Single,PhD,1,1,2019-01-11 10:59:23,Sana Tariq,0,1600,5.083333333,30.5,20
1767,82122,58,Together,2n Cycle,0,0,2018-05-16 10:59:23,Umar Farooq,1,700,11.44642857,183.1428571,105
1768,37697,44,Single,Graduation,1,0,2018-11-08 10:59:23,Nadia Iqbal,0,4200,1.974025974,21.71428571,70
1769,34074,68,Together,Graduation,1,1,2018-04-13 10:59:23,Bilal Hussain,1,3600,1.953125,31.25,90
1770,28520,60,Married,Master,1,1,2018-03-15 10:59:23,Hina Shah,0,3000,1.533333333,9.2,25
1771,62535,65,Single,Graduation,0,1,2018-07-04 10:59:23,Kamran Aslam,0,1800,7.208333333,115.3333333,90
1772,36273,43,Single,Master,1,0,2019-01-15 10:59:23,Rabia Noor,0,3600,1.364583333,21.83333333,90
1773,63404,56,Together,Graduation,0,2,2019-03-07 10:59:23,Tariq Mehmood,1,2800,4.078341014,126.4285714,210
1774,75774,39,Together,2n Cycle,1,0,2019-01-31 10:59:23,Saima Gul,0,2800,6.087301587,219.1428571,245
1775,78416,44,Together,Graduation,0,1,2019-03-28 10:59:23,Shahzad Anwar,0,1800,9.046296296,325.6666667,210
1776,75702,46,Together,Graduation,0,1,2017-07-15 10:59:23,Mariam Yousaf,1,3000,7.315686275,373.1,250
1777,59385,69,Together,Master,1,1,2018-01-27 10:59:23,Imran Qureshi,0,2500,3.725,59.6,75
1778,37070,54,Single,Graduation,1,1,2017-12-19 10:59:23,Bushra Ansari,0,4900,4.32967033,112.5714286,175
1779,44689,69,Married,Graduation,1,1,2018-10-11 10:59:23,Naveed Akhtar,1,2800,0.958333333,5.75,20
1780,53977,62,Together,Graduation,0,1,2018-03-09 10:59:23,Asma Zafar,0,3000,10.57692308,275,150
1781,7144,54,Single,PhD,0,2,2018-09-07 10:59:23,Ali Khan,0,0,0.597701149,69.33333333,690
1782,18701,56,Single,Graduation,1,1,2018-03-05 10:59:23,Ayesha Malik,0,3000,0.878787879,9.666666667,60
1783,90369,64,Married,Graduation,0,0,2019-01-27 10:59:23,Hassan Raza,0,700,21.37414966,448.8571429,140
1784,63159,46,Single,PhD,0,0,2017-08-06 10:59:23,Fatima Javed,1,2100,15.71428571,251.4285714,105
1785,37758,54,Together,Graduation,1,1,2017-07-05 10:59:23,Zain Ahmed,0,4000,2.6,15.6,25
1786,46757,57,Single,PhD,0,1,2017-08-17 10:59:23,Sana Tariq,0,5400,16.20634921,340.3333333,120
1787,79734,51,Married,Master,0,0,2019-03-29 10:59:23,Umar Farooq,1,700,6.102040816,128.1428571,140
1788,63207,28,Together,Graduation,0,0,2017-10-21 10:59:23,Nadia Iqbal,1,4200,20.41666667,224.5833333,60
1789,72071,66,Divorced,Graduation,0,1,2017-11-15 10:59:23,Bilal Hussain,0,1200,14.26923077,371,150
1790,21840,37,Together,PhD,1,0,2018-04-21 10:59:23,Hina Shah,0,3600,2.166666667,13,20
1791,58582,38,Together,2n Cycle,0,1,2018-06-29 10:59:23,Kamran Aslam,1,3500,2.239130435,103,315
1792,72282,69,Single,Graduation,0,0,2018-04-19 10:59:23,Rabia Noor,0,4900,12.94505495,336.5714286,175
1793,50387,64,Married,Graduation,0,2,2018-06-01 10:59:23,Tariq Mehmood,0,3500,4.525345622,140.2857143,210
1794,32583,59,Together,PhD,1,1,2019-03-16 10:59:23,Saima Gul,0,2800,0.666666667,4,20
1795,62568,58,Together,Graduation,0,1,2019-01-06 10:59:23,Shahzad Anwar,1,2800,4.901098901,127.4285714,175
1796,44635,49,Divorced,Master,1,1,2018-07-12 10:59:23,Mariam Yousaf,0,2800,2.954545455,32.5,40
1797,33316,49,Single,Master,1,1,2018-07-05 10:59:23,Imran Qureshi,0,3600,3.545454545,39,60
1798,63967,52,Married,Graduation,0,1,2018-05-10 10:59:23,Bushra Ansari,0,1400,9.795918367,205.7142857,140
1799,52513,42,Together,2n Cycle,0,0,2017-06-05 10:59:23,Naveed Akhtar,0,4900,5.695652174,262,315
1800,25293,51,Married,Graduation,1,0,2018-06-16 10:59:23,Asma Zafar,0,4000,1.866666667,11.2,25
1801,54111,55,Widow,PhD,0,1,2018-05-26 10:59:23,Ali Khan,0,3500,3.714285714,96.57142857,175
1802,78394,34,Together,Graduation,0,0,2017-11-16 10:59:23,Ayesha Malik,0,1400,17.17006803,360.5714286,140
1803,80739,62,Married,Master,0,0,2018-02-21 10:59:23,Hassan Raza,0,500,37.375,598,75
1804,22669,45,Together,Master,1,0,2018-02-20 10:59:23,Fatima Javed,0,6300,1.700680272,35.71428571,140
1805,29236,33,Single,Graduation,1,0,2018-07-09 10:59:23,Zain Ahmed,0,5400,1.357142857,28.5,120
1806,44911,61,Together,Graduation,0,1,2017-12-14 10:59:23,Sana Tariq,0,4200,2.920634921,61.33333333,120
1807,54693,58,Married,PhD,0,1,2017-11-18 10:59:23,Umar Farooq,0,4200,8.239631336,255.4285714,210
1808,48186,46,Together,Graduation,1,0,2018-12-19 10:59:23,Nadia Iqbal,0,4900,2.517006803,52.85714286,140
1809,54809,43,Married,Graduation,1,1,2018-06-12 10:59:23,Bilal Hussain,0,2400,4.409090909,48.5,60
1810,41580,42,Together,Graduation,1,1,2017-09-10 10:59:23,Hina Shah,0,3000,2.696969697,29.66666667,60
1811,80336,50,Married,PhD,0,0,2018-06-10 10:59:23,Kamran Aslam,0,700,25.61038961,281.7142857,70
1812,47743,63,Married,Graduation,0,1,2017-12-21 10:59:23,Rabia Noor,1,3600,2.023809524,42.5,120
1813,62972,65,Married,2n Cycle,0,1,2017-05-04 10:59:23,Tariq Mehmood,0,3600,3.657407407,131.6666667,210
1814,57333,66,Divorced,PhD,0,1,2017-06-23 10:59:23,Saima Gul,0,4200,10.3554007,424.5714286,280
1815,32313,38,Together,PhD,1,0,2017-11-12 10:59:23,Shahzad Anwar,0,5400,2.380952381,50,120
1816,84953,67,Widow,Master,0,0,2018-03-04 10:59:23,Mariam Yousaf,3,1200,4.770833333,76.33333333,90
1817,27071,52,Divorced,Master,1,0,2019-01-22 10:59:23,Imran Qureshi,0,3000,1.109090909,12.2,50
1818,68148,63,Together,Master,0,0,2018-06-01 10:59:23,Bushra Ansari,0,1400,13.02040816,273.4285714,140
1819,65735,55,Together,Master,1,1,2018-09-07 10:59:23,Naveed Akhtar,0,4900,3.539170507,109.7142857,210
1820,86836,45,Married,PhD,0,0,2017-06-13 10:59:23,Asma Zafar,3,2500,1.559677419,48.35,150
1821,4023,57,Married,PhD,1,1,2019-03-24 10:59:23,Ali Khan,0,5700,4.333333333,4.333333333,0
1822,30093,30,Married,Graduation,0,0,2018-04-08 10:59:23,Ayesha Malik,0,4900,1.376623377,15.14285714,70
1823,57705,54,Married,PhD,0,1,2018-10-12 10:59:23,Hassan Raza,0,3600,3.62601626,148.6666667,240
1824,25008,32,Single,Graduation,1,0,2018-11-03 10:59:23,Fatima Javed,0,4800,1.166666667,7,30
1825,83257,25,Single,2n Cycle,0,0,2017-06-19 10:59:23,Zain Ahmed,2,4200,4.754578755,123.6190476,175
1826,22280,45,Together,Graduation,1,0,2018-02-17 10:59:23,Sana Tariq,0,4000,0.633333333,3.8,25
1827,72159,42,Married,PhD,0,0,2017-07-30 10:59:23,Umar Farooq,0,1200,20.97619048,440.5,120
1828,64260,59,Together,Graduation,0,0,2017-10-12 10:59:23,Nadia Iqbal,0,1800,24.50793651,514.6666667,120
1829,82733,36,Single,PhD,0,0,2018-06-11 10:59:23,Bilal Hussain,0,2400,10.29268293,422,240
1830,74290,49,Divorced,Master,0,1,2018-05-13 10:59:23,Hina Shah,2,2400,3.918300654,199.8333333,200
1831,58217,69,Single,Master,2,1,2017-08-18 10:59:23,Kamran Aslam,0,3600,2.53030303,27.83333333,60
1832,21024,44,Together,Master,0,0,2018-04-04 10:59:23,Rabia Noor,0,4200,1.727272727,19,60
1833,70116,48,Married,PhD,0,0,2017-10-27 10:59:23,Tariq Mehmood,0,700,39.14285714,430.5714286,70
1834,54006,35,Together,Graduation,1,0,2017-06-19 10:59:23,Saima Gul,0,4900,3.3728223,138.2857143,280
1835,69063,54,Married,PhD,0,1,2017-08-08 10:59:23,Shahzad Anwar,0,2100,9.912087912,257.7142857,175
1836,11448,45,Divorced,2n Cycle,0,0,2018-09-15 10:59:23,Mariam Yousaf,0,1200,0.666666667,4,10
1837,61825,41,Single,Graduation,0,1,2018-05-08 10:59:23,Imran Qureshi,0,2800,5.401360544,113.4285714,140
1838,70886,49,Married,Graduation,1,0,2018-07-15 10:59:23,Bushra Ansari,0,1400,9.967032967,259.1428571,175
1839,69109,38,Married,Graduation,0,0,2017-08-10 10:59:23,Naveed Akhtar,1,2800,6.728110599,208.5714286,210
1840,60208,47,Widow,Graduation,1,1,2017-07-08 10:59:23,Asma Zafar,1,4200,2.426829268,99.5,240
1841,32889,52,Together,Master,1,1,2018-06-07 10:59:23,Ali Khan,0,3000,1.424242424,15.66666667,60
1842,34738,36,Single,Graduation,1,0,2019-02-09 10:59:23,Ayesha Malik,0,2400,1.291666667,7.75,20
1843,30538,49,Together,Master,1,0,2017-07-02 10:59:23,Hassan Raza,0,6000,2.514492754,115.6666667,270
1844,82326,43,Together,2n Cycle,0,0,2018-12-09 10:59:23,Fatima Javed,3,1400,5.697802198,148.1428571,175
1845,26642,53,Divorced,PhD,1,0,2018-11-30 10:59:23,Zain Ahmed,0,3000,1.163636364,12.8,50
1846,69932,56,Divorced,Graduation,0,1,2018-03-13 10:59:23,Sana Tariq,0,2800,7.873015873,283.4285714,245
1847,44503,48,Single,Graduation,1,1,2019-01-15 10:59:23,Umar Farooq,0,2400,1.636363636,18,40
1848,60200,72,Single,PhD,0,1,2017-10-03 10:59:23,Nadia Iqbal,0,3600,7.086021505,219.6666667,180
1849,49638,68,Divorced,Graduation,0,1,2019-01-18 10:59:23,Bilal Hussain,0,1000,2.5,15,25
1850,23830,33,Single,2n Cycle,0,0,2018-11-08 10:59:23,Hina Shah,0,4200,1.277777778,7.666666667,30
1851,33051,61,Widow,Master,0,0,2017-05-17 10:59:23,Kamran Aslam,0,6300,3.826086957,176,315
1852,72905,62,Married,Graduation,0,0,2018-10-22 10:59:23,Rabia Noor,1,700,11.71428571,187.4285714,105
1853,69702,69,Together,PhD,0,1,2017-11-20 10:59:23,Tariq Mehmood,0,2800,7.793650794,280.5714286,245
1854,70300,45,Divorced,Graduation,1,0,2018-04-15 10:59:23,Saima Gul,0,4800,19.57692308,509,150
1855,70643,36,Married,PhD,0,0,2017-07-16 10:59:23,Shahzad Anwar,0,4200,19.72527473,512.8571429,175
1856,30396,51,Married,PhD,1,0,2019-01-29 10:59:23,Mariam Yousaf,1,3500,0.733333333,4.4,25
1857,50616,52,Divorced,PhD,0,1,2019-01-17 10:59:23,Imran Qureshi,0,3500,2.761904762,58,100
1858,62772,51,Single,Master,0,1,2018-02-17 10:59:23,Bushra Ansari,1,1400,4.604395604,119.7142857,175
1859,30298,35,Single,PhD,0,0,2019-02-17 10:59:23,Naveed Akhtar,0,1500,1.666666667,10,25
1860,52413,36,Single,Graduation,1,0,2017-08-04 10:59:23,Asma Zafar,0,4200,3.796296296,136.6666667,210
1861,44155,63,Married,PhD,1,1,2018-10-20 10:59:23,Ali Khan,0,2000,2.133333333,12.8,25
1862,86979,49,Divorced,PhD,0,0,2018-08-08 10:59:23,Ayesha Malik,1,1400,9.159340659,238.1428571,175
1863,76532,45,Together,Graduation,1,1,2018-06-10 10:59:23,Hassan Raza,0,3000,5.615942029,258.3333333,270
1864,42081,38,Married,Graduation,1,0,2017-11-27 10:59:23,Fatima Javed,1,4200,1.6359447,50.71428571,210
1865,67546,32,Married,PhD,0,0,2017-06-01 10:59:23,Zain Ahmed,0,2100,26.58503401,558.2857143,140
1866,88420,31,Together,Master,0,0,2019-01-31 10:59:23,Sana Tariq,3,600,7.299603175,153.2916667,120
1867,31158,35,Married,Graduation,1,0,2017-10-28 10:59:23,Umar Farooq,0,4800,2.03030303,22.33333333,60
1868,61671,52,Divorced,Graduation,0,1,2019-03-04 10:59:23,Nadia Iqbal,2,4000,1.840522876,93.86666667,250
1869,69719,46,Single,Graduation,0,0,2019-02-24 10:59:23,Bilal Hussain,0,700,19.68831169,216.5714286,70
1870,49160,71,Divorced,Graduation,0,1,2018-07-21 10:59:23,Hina Shah,0,4200,3.946428571,63.14285714,105
1871,24882,42,Together,Basic,1,0,2017-06-10 10:59:23,Kamran Aslam,1,3600,1.222222222,7.333333333,30
1872,90933,66,Single,PhD,0,0,2018-12-30 10:59:23,Rabia Noor,1,700,10.92517007,229.4285714,140
1873,113734,75,Single,PhD,0,0,2019-02-26 10:59:23,Tariq Mehmood,0,600,0.667892157,90.83333333,810
1874,59292,70,Together,PhD,0,1,2018-03-14 10:59:23,Saima Gul,0,1500,11.975,191.6,75
1875,45759,56,Married,PhD,1,1,2017-11-24 10:59:23,Shahzad Anwar,0,4200,1.939393939,21.33333333,60
1876,22148,37,Single,Graduation,0,0,2019-01-12 10:59:23,Mariam Yousaf,0,4200,2.111111111,12.66666667,30
1877,73395,33,Married,Master,0,0,2018-12-17 10:59:23,Imran Qureshi,0,1200,6.071428571,127.5,120
1878,29819,49,Divorced,Graduation,1,0,2018-07-25 10:59:23,Bushra Ansari,0,3000,0.8875,14.2,75
1879,45688,52,Married,Graduation,0,1,2018-10-26 10:59:23,Naveed Akhtar,1,1600,4.640625,74.25,60
1880,62820,66,Married,Graduation,0,0,2018-02-09 10:59:23,Asma Zafar,0,600,18.59375,297.5,90
1881,60491,49,Married,PhD,0,1,2018-06-07 10:59:23,Ali Khan,0,3500,8.774193548,272,210
1882,33235,34,Together,Graduation,1,0,2018-11-06 10:59:23,Ayesha Malik,0,4200,1.333333333,21.33333333,90
1883,35701,61,Married,Graduation,0,0,2017-12-18 10:59:23,Hassan Raza,0,4200,1.952380952,11.71428571,35
1884,31535,40,Married,Master,1,0,2018-06-27 10:59:23,Fatima Javed,1,2800,1.0625,6.375,20
1885,92556,60,Together,2n Cycle,0,0,2019-01-19 10:59:23,Zain Ahmed,0,0,22.05357143,352.8571429,105
1886,67384,50,Single,Graduation,0,1,2017-08-11 10:59:23,Sana Tariq,1,3500,5.488095238,197.5714286,245
1887,80573,49,Together,Master,0,0,2017-07-15 10:59:23,Umar Farooq,0,1400,21.07482993,442.5714286,140
1888,77870,53,Married,Graduation,0,1,2017-05-23 10:59:23,Nadia Iqbal,2,4800,7.081196581,184.1111111,150
1889,52278,57,Widow,PhD,0,1,2017-10-26 10:59:23,Bilal Hussain,0,3200,10.03921569,512,200
1890,57107,52,Single,Graduation,0,1,2017-05-25 10:59:23,Hina Shah,2,3200,2.214285714,46.5,80
1891,18929,30,Married,Graduation,0,0,2017-11-17 10:59:23,Kamran Aslam,0,3600,3.722222222,22.33333333,30
1892,36038,39,Single,PhD,1,0,2018-03-01 10:59:23,Rabia Noor,0,3000,1,16,75
1893,20180,44,Single,Graduation,0,0,2017-11-21 10:59:23,Tariq Mehmood,0,4200,3.333333333,36.66666667,60
1894,34230,55,Together,PhD,1,1,2017-09-26 10:59:23,Saima Gul,0,2800,1.583333333,9.5,20
1895,31878,43,Single,2n Cycle,0,1,2019-03-23 10:59:23,Shahzad Anwar,0,1500,2.2,13.2,25
1896,70932,48,Married,2n Cycle,0,1,2018-10-20 10:59:23,Mariam Yousaf,0,1800,6.790322581,210.5,180
1897,91249,64,Single,Graduation,0,0,2017-07-21 10:59:23,Imran Qureshi,4,2400,3.028703704,109.0333333,210
1898,77598,77,Single,Master,0,0,2018-07-02 10:59:23,Bushra Ansari,1,1800,7.803240741,280.9166667,210
1899,80982,61,Single,Graduation,1,1,2017-10-09 10:59:23,Naveed Akhtar,0,3000,6.892857143,386,330
1900,22701,43,Married,Master,1,0,2018-06-06 10:59:23,Asma Zafar,0,2500,1.133333333,6.8,25
1901,55212,51,Married,PhD,0,1,2017-08-24 10:59:23,Ali Khan,2,3200,9.111111111,191.3333333,80
1902,70617,50,Married,Graduation,0,0,2018-03-24 10:59:23,Ayesha Malik,0,1400,22.375,358,105
1903,64849,63,Single,Graduation,0,0,2017-08-14 10:59:23,Hassan Raza,0,3500,7.627329193,350.8571429,315
1904,62694,55,Married,Master,1,1,2018-03-18 10:59:23,Fatima Javed,0,4200,4.438405797,204.1666667,270
1905,61917,46,Married,PhD,1,1,2018-08-21 10:59:23,Zain Ahmed,0,3000,2.696969697,29.66666667,60
1906,67472,73,Married,PhD,0,1,2018-06-29 10:59:23,Sana Tariq,0,2100,4.693877551,98.57142857,140
1907,21059,38,Married,Master,1,0,2018-10-08 10:59:23,Umar Farooq,0,2400,0.90625,14.5,60
1908,29543,52,Married,Master,2,0,2018-12-31 10:59:23,Nadia Iqbal,0,3500,0.8625,13.8,75
1909,75903,69,Married,Graduation,0,1,2018-01-07 10:59:23,Bilal Hussain,0,2100,7.382488479,228.8571429,210
1910,34984,45,Together,2n Cycle,1,1,2017-06-07 10:59:23,Hina Shah,0,4200,1.861111111,11.16666667,30
1911,54998,64,Single,PhD,0,1,2017-12-09 10:59:23,Kamran Aslam,0,2800,6.081632653,127.7142857,140
1912,54356,71,Widow,PhD,0,1,2017-08-20 10:59:23,Rabia Noor,0,4000,5.535714286,310,275
1913,34242,61,Married,Master,0,1,2018-12-22 10:59:23,Tariq Mehmood,0,2500,5.6,5.6,0
1914,25410,47,Married,Graduation,1,0,2018-06-01 10:59:23,Saima Gul,0,1600,2.041666667,12.25,20
1915,73356,36,Married,PhD,0,0,2018-11-07 10:59:23,Shahzad Anwar,3,1000,5.357692308,139.3,125
1916,28320,70,Together,Graduation,0,1,2017-10-15 10:59:23,Mariam Yousaf,0,5600,1.857142857,11.14285714,35
1917,23763,43,Single,Graduation,1,0,2017-05-08 10:59:23,Imran Qureshi,0,2800,2.5,15,20
1918,72570,36,Married,Graduation,0,0,2019-01-24 10:59:23,Bushra Ansari,0,700,11.76870748,247.1428571,140
1919,34529,44,Married,Master,1,0,2017-06-15 10:59:23,Naveed Akhtar,0,4200,3.575757576,39.33333333,60
1920,70792,69,Widow,Graduation,0,0,2017-11-07 10:59:23,Asma Zafar,0,2100,20.67857143,330.8571429,105
1921,63211,38,Married,Graduation,0,0,2017-08-03 10:59:23,Ali Khan,0,1200,19.90625,318.5,90
1922,83891,46,Married,Master,0,1,2019-03-21 10:59:23,Ayesha Malik,0,700,10.89795918,228.8571429,140
1923,36065,52,Single,Graduation,1,1,2017-12-30 10:59:23,Hassan Raza,0,5600,1.267857143,20.28571429,105
1924,39898,66,Together,Graduation,0,1,2017-11-13 10:59:23,Fatima Javed,0,4200,2.416666667,38.66666667,90
1925,51141,80,Single,PhD,0,0,2018-04-08 10:59:23,Zain Ahmed,0,2000,4.71875,75.5,60
1926,56939,44,Married,Graduation,0,1,2018-06-19 10:59:23,Sana Tariq,0,2100,9.142857143,146.2857143,105
1927,80872,69,Single,Graduation,0,0,2019-02-10 10:59:23,Umar Farooq,0,700,16.70748299,350.8571429,140
1928,72335,44,Together,PhD,0,0,2017-05-14 10:59:23,Nadia Iqbal,0,4800,13.67320261,697.3333333,300
1929,61798,56,Single,PhD,0,0,2018-08-24 10:59:23,Bilal Hussain,0,2800,6.12244898,128.5714286,140
1930,76842,70,Widow,PhD,0,0,2019-02-01 10:59:23,Hina Shah,0,0,52.28571429,313.7142857,35
1931,29478,44,Together,Graduation,1,0,2018-10-18 10:59:23,Kamran Aslam,0,3000,1.233333333,7.4,25
1932,46998,64,Single,Graduation,0,1,2017-07-23 10:59:23,Rabia Noor,1,4900,1.923076923,50,175
1933,96843,30,Single,Graduation,0,0,2018-01-22 10:59:23,Tariq Mehmood,1,1200,8.163978495,253.0833333,180
1934,56551,70,Widow,PhD,1,1,2019-02-05 10:59:23,Saima Gul,0,2800,3.168831169,34.85714286,70
1935,70053,55,Married,Master,0,1,2018-04-03 10:59:23,Shahzad Anwar,0,3500,6.432055749,263.7142857,280
1936,71670,58,Widow,PhD,0,0,2018-04-09 10:59:23,Mariam Yousaf,3,3000,6.176923077,160.6,125
1937,44359,42,Married,Graduation,1,1,2019-03-18 10:59:23,Imran Qureshi,0,1800,1.333333333,14.66666667,60
1938,40887,68,Single,Graduation,1,1,2018-02-04 10:59:23,Bushra Ansari,0,5400,2.354166667,37.66666667,90
1939,48877,54,Divorced,Graduation,0,1,2018-10-06 10:59:23,Naveed Akhtar,0,4200,2.5,40,90
1940,74485,73,Together,Graduation,0,0,2018-05-25 10:59:23,Asma Zafar,0,1800,17.85483871,553.5,180
1941,64474,48,Together,Graduation,0,1,2018-07-23 10:59:23,Ali Khan,0,3500,5.087108014,208.5714286,280
1942,77226,57,Together,Graduation,0,1,2018-11-29 10:59:23,Ayesha Malik,0,2100,10.29493088,319.1428571,210
1943,72643,71,Widow,Graduation,0,0,2017-11-28 10:59:23,Hassan Raza,1,1400,12.28571429,196.5714286,105
1944,85738,42,Together,Master,0,0,2018-10-24 10:59:23,Fatima Javed,2,600,9.340277778,149.4444444,90
1945,55686,54,Divorced,Graduation,0,1,2017-11-15 10:59:23,Zain Ahmed,1,2400,5.139784946,159.3333333,180
1946,39062,37,Single,Graduation,1,0,2018-12-24 10:59:23,Sana Tariq,1,1600,1.333333333,8,20
1947,34600,49,Together,Graduation,1,1,2017-10-02 10:59:23,Umar Farooq,0,5600,3.32967033,86.57142857,175
1948,40794,45,Married,Graduation,0,1,2018-01-06 10:59:23,Nadia Iqbal,0,4200,4.005376344,124.1666667,180
1949,54690,49,Married,2n Cycle,1,1,2018-08-08 10:59:23,Bilal Hussain,0,2100,3.214285714,51.42857143,105
1950,4428,51,Married,Graduation,0,1,2018-07-06 10:59:23,Hina Shah,0,500,0.563492063,71,625
1951,32632,57,Married,2n Cycle,0,0,2017-05-03 10:59:23,Kamran Aslam,0,3500,7.115646259,149.4285714,140
1952,38236,52,Single,PhD,1,1,2018-06-21 10:59:23,Rabia Noor,0,3500,1.95,31.2,75
1953,36781,41,Married,Graduation,1,0,2019-01-09 10:59:23,Tariq Mehmood,0,4800,1.515151515,16.66666667,60
1954,31385,36,Single,Master,1,0,2017-09-05 10:59:23,Saima Gul,1,4000,0.45,2.7,25
1955,24570,36,Married,Graduation,1,0,2017-11-28 10:59:23,Shahzad Anwar,0,6300,2.027210884,42.57142857,140
1956,25509,46,Divorced,PhD,1,0,2017-06-19 10:59:23,Mariam Yousaf,0,6300,1.607142857,25.71428571,105
1957,94642,69,Married,Graduation,0,0,2018-11-13 10:59:23,Imran Qureshi,2,500,9.871794872,256.6666667,125
1958,58646,58,Married,Master,0,1,2018-03-11 10:59:23,Bushra Ansari,0,2800,3.064935065,33.71428571,70
1959,53201,45,Single,Graduation,1,1,2017-11-13 10:59:23,Naveed Akhtar,0,4200,4.172043011,129.3333333,180
1960,21994,63,Together,Graduation,0,1,2017-09-24 10:59:23,Asma Zafar,0,2500,7,7,0
1961,57113,42,Married,Graduation,1,1,2017-11-07 10:59:23,Ali Khan,0,4200,3.507936508,73.66666667,120
1962,51373,29,Married,Graduation,0,0,2018-03-23 10:59:23,Ayesha Malik,0,2800,4.928571429,78.85714286,105
1963,23477,34,Married,Graduation,1,0,2018-07-22 10:59:23,Hassan Raza,0,5600,2.107142857,33.71428571,105
1964,58116,64,Married,Graduation,0,1,2019-01-12 10:59:23,Fatima Javed,0,1400,7,112,105
1965,72968,57,Divorced,PhD,0,0,2018-09-16 10:59:23,Zain Ahmed,1,1800,12.08012821,314.0833333,150
1966,39791,49,Married,Master,0,1,2017-12-27 10:59:23,Sana Tariq,0,4200,3.052083333,48.83333333,90
1967,91712,73,Single,Master,0,0,2018-07-18 10:59:23,Umar Farooq,1,2100,6.736024845,309.8571429,315
1968,94472,62,Single,Graduation,0,1,2019-01-02 10:59:23,Nadia Iqbal,2,3500,6.135531136,159.5238095,175
1969,13672,60,Together,Graduation,1,1,2018-01-16 10:59:23,Bilal Hussain,0,4800,1.055555556,6.333333333,30
1970,96547,40,Married,2n Cycle,0,0,2019-02-21 10:59:23,Hina Shah,3,1400,1.482142857,53.35714286,245
1971,79205,45,Married,Graduation,0,0,2017-05-30 10:59:23,Kamran Aslam,1,2800,3.921658986,121.5714286,210
1972,56559,45,Together,PhD,0,1,2017-09-25 10:59:23,Rabia Noor,0,2400,6.944444444,145.8333333,120
1973,32644,47,Married,PhD,1,0,2017-10-17 10:59:23,Tariq Mehmood,1,4800,1.805555556,65,210
1974,67506,40,Single,2n Cycle,0,1,2018-10-03 10:59:23,Saima Gul,0,1800,3.658730159,76.83333333,120
1975,24206,50,Single,Graduation,1,0,2017-12-07 10:59:23,Shahzad Anwar,0,3000,1.3,7.8,25
1976,28420,53,Divorced,PhD,1,0,2018-09-24 10:59:23,Mariam Yousaf,0,2400,1,6,20
1977,22979,50,Married,Graduation,1,0,2017-06-07 10:59:23,Imran Qureshi,0,5600,1.660714286,26.57142857,105
1978,33279,54,Single,Graduation,0,0,2019-03-13 10:59:23,Bushra Ansari,0,900,9.666666667,9.666666667,0
1979,46423,48,Single,Master,1,1,2018-06-19 10:59:23,Naveed Akhtar,0,2800,3.818181818,42,40
1980,30368,43,Married,Graduation,0,1,2018-08-08 10:59:23,Asma Zafar,0,3200,2.227272727,24.5,40
1981,63684,50,Married,Graduation,0,1,2017-08-27 10:59:23,Ali Khan,0,3000,10.92682927,448,240
1982,41638,56,Divorced,Graduation,0,1,2017-11-14 10:59:23,Ayesha Malik,1,4000,2.692307692,70,125
1983,68805,61,Divorced,PhD,0,1,2018-06-18 10:59:23,Hassan Raza,0,1400,4.696428571,75.14285714,105
1984,65814,54,Together,PhD,0,1,2018-12-01 10:59:23,Fatima Javed,0,3000,5.731707317,235,240
1985,71964,62,Divorced,Graduation,0,0,2018-02-18 10:59:23,Zain Ahmed,0,2100,19.6043956,509.7142857,175
1986,39146,34,Single,Graduation,1,0,2017-11-15 10:59:23,Sana Tariq,0,4800,2.333333333,49,120
1987,96876,43,Together,Graduation,0,0,2018-05-07 10:59:23,Umar Farooq,3,1400,3.80952381,137.1428571,245
1988,34445,39,Married,Basic,0,0,2017-10-28 10:59:23,Nadia Iqbal,0,5400,4.452380952,249.3333333,330
1989,68281,62,Single,Graduation,0,0,2017-05-08 10:59:23,Bilal Hussain,0,3500,41.92207792,461.1428571,70
1990,37284,45,Married,2n Cycle,1,1,2017-12-28 10:59:23,Hina Shah,0,2400,5,5,0
1991,36790,37,Married,Graduation,0,0,2017-11-30 10:59:23,Kamran Aslam,0,5400,1.651515152,18.16666667,60
1992,27943,53,Together,Graduation,1,1,2018-01-14 10:59:23,Rabia Noor,0,4800,1.015151515,11.16666667,60
1993,22263,69,Divorced,Graduation,1,1,2018-12-29 10:59:23,Tariq Mehmood,0,1200,1.583333333,9.5,10
1994,30261,48,Together,Graduation,1,2,2017-06-26 10:59:23,Saima Gul,0,4000,6.4,6.4,0
1995,28587,42,Together,Graduation,1,0,2018-11-13 10:59:23,Shahzad Anwar,0,4200,1.688311688,18.57142857,70
1996,43815,38,Married,Master,1,0,2018-01-04 10:59:23,Mariam Yousaf,0,4200,1.662337662,18.28571429,70
1997,48195,64,Married,Graduation,1,1,2018-10-22 10:59:23,Imran Qureshi,0,4200,3.537414966,74.28571429,140
1998,77027,68,Married,Master,0,1,2018-11-06 10:59:23,Bushra Ansari,0,2400,9.463414634,388,240
1999,71322,55,Married,PhD,0,1,2017-11-17 10:59:23,Naveed Akhtar,0,2800,7.672473868,314.5714286,280
2000,32765,41,Married,Master,1,0,2018-11-24 10:59:23,Asma Zafar,0,2500,1.454545455,16,50
2001,29672,55,Together,Graduation,1,1,2017-12-11 10:59:23,Ali Khan,0,3000,5,5,0
2002,23272,67,Divorced,Graduation,0,0,2018-07-18 10:59:23,Ayesha Malik,0,2800,1.619047619,9.714285714,35
2003,49912,71,Together,Master,0,1,2017-06-08 10:59:23,Hassan Raza,1,5600,2.330532213,118.8571429,350
2004,7500,35,Together,2n Cycle,1,0,2017-05-02 10:59:23,Fatima Javed,0,5400,1.742424242,19.16666667,60
2005,68117,73,Widow,PhD,0,1,2017-12-09 10:59:23,Zain Ahmed,1,3600,2.660714286,149,330
2006,67225,65,Married,Graduation,0,1,2018-08-27 10:59:23,Sana Tariq,0,3500,5.753968254,207.1428571,245
2007,17649,44,Married,Graduation,1,0,2018-08-13 10:59:23,Umar Farooq,0,4000,1.0875,17.4,75
2008,55914,45,Together,Graduation,0,1,2018-01-28 10:59:23,Nadia Iqbal,0,4900,5.244897959,293.7142857,385
2009,40059,36,Married,Graduation,1,0,2018-06-29 10:59:23,Bilal Hussain,1,5600,1.239631336,38.42857143,210
2010,60905,70,Together,Graduation,0,1,2018-09-05 10:59:23,Hina Shah,0,1200,7.197916667,115.1666667,90
2011,75330,43,Married,Graduation,1,1,2017-07-05 10:59:23,Kamran Aslam,0,3600,6.650326797,339.1666667,300
2012,60689,69,Single,Graduation,0,1,2018-03-02 10:59:23,Rabia Noor,0,2100,8.367346939,175.7142857,140
2013,38680,36,Married,Graduation,1,0,2017-12-27 10:59:23,Tariq Mehmood,0,4200,2.03030303,22.33333333,60
2014,61416,38,Together,Graduation,0,0,2017-11-09 10:59:23,Saima Gul,1,4200,4.445378151,226.7142857,350
2015,49767,29,Single,Graduation,0,0,2018-01-31 10:59:23,Shahzad Anwar,0,2800,5.967032967,155.1428571,175
2016,83273,50,Single,Graduation,1,2,2017-06-26 10:59:23,Mariam Yousaf,0,4200,19.66666667,413,120
2017,29009,39,Married,Graduation,1,0,2018-08-30 10:59:23,Imran Qureshi,0,3600,1.181818182,13,60
2018,45057,41,Married,Master,1,0,2018-09-01 10:59:23,Bushra Ansari,0,2000,2.068181818,22.75,40
2019,37150,49,Married,Graduation,1,0,2017-06-12 10:59:23,Naveed Akhtar,0,4900,4.775510204,100.2857143,140
2020,43020,50,Single,Graduation,1,0,2018-08-31 10:59:23,Asma Zafar,0,4200,2.448979592,51.42857143,140
2021,53154,61,Married,Graduation,0,1,2019-03-10 10:59:23,Ali Khan,0,2000,3.775,60.4,75
2022,65308,47,Married,Graduation,0,0,2018-06-12 10:59:23,Ayesha Malik,2,2400,3.632716049,130.7777778,210
2023,76467,50,Single,Graduation,1,0,2017-05-18 10:59:23,Hassan Raza,0,4200,39.4025974,433.4285714,70
2024,81044,73,Married,2n Cycle,0,0,2018-09-27 10:59:23,Fatima Javed,0,600,14.98717949,389.6666667,150
2025,32871,69,Married,Graduation,1,1,2017-12-08 10:59:23,Zain Ahmed,0,2000,2.466666667,14.8,25
2026,55801,45,Single,Graduation,1,1,2018-06-23 10:59:23,Sana Tariq,1,4200,1.990740741,71.66666667,210
2027,76320,61,Widow,Graduation,0,1,2019-03-23 10:59:23,Umar Farooq,0,1200,9.456989247,293.1666667,180
2028,36927,65,Single,Master,1,1,2019-03-03 10:59:23,Nadia Iqbal,0,3200,2.09375,33.5,60
2029,48794,67,Together,Graduation,1,1,2019-03-27 10:59:23,Bilal Hussain,0,2000,2.6,15.6,25
2030,23478,55,Single,Graduation,0,0,2017-12-18 10:59:23,Hina Shah,0,5600,1.607142857,25.71428571,105
2031,71128,47,Divorced,Graduation,1,0,2017-07-07 10:59:23,Kamran Aslam,0,4200,48,528,60
2032,70179,44,Divorced,PhD,0,1,2018-04-21 10:59:23,Rabia Noor,0,3500,7.150793651,257.4285714,245
2033,59462,70,Married,Graduation,0,1,2017-10-06 10:59:23,Tariq Mehmood,0,4200,6.463768116,297.3333333,270
2034,38361,51,Together,Graduation,1,0,2018-09-27 10:59:23,Saima Gul,0,4200,2.5625,41,90
2035,70038,38,Together,PhD,0,0,2018-07-26 10:59:23,Shahzad Anwar,0,1200,17.25396825,362.3333333,120
2036,42554,42,Together,Graduation,1,1,2017-10-13 10:59:23,Mariam Yousaf,0,1600,1.863636364,20.5,40
2037,67445,46,Married,Graduation,0,1,2017-05-13 10:59:23,Imran Qureshi,0,3600,8.137681159,374.3333333,270
2038,67046,69,Widow,Graduation,0,1,2017-10-07 10:59:23,Bushra Ansari,0,1400,12.05442177,253.1428571,140
2039,42192,72,Married,Graduation,0,0,2018-06-07 10:59:23,Naveed Akhtar,0,2400,2.590909091,28.5,60
2040,77610,68,Married,PhD,0,1,2017-07-30 10:59:23,Asma Zafar,0,4200,26.15079365,549.1666667,120
2041,31761,36,Married,Graduation,1,0,2019-01-04 10:59:23,Ali Khan,0,3500,1.25,20,105
2042,34350,41,Together,Graduation,1,0,2018-07-20 10:59:23,Ayesha Malik,0,4900,1.761904762,10.57142857,35
2043,54591,71,Together,Graduation,0,1,2018-05-06 10:59:23,Hassan Raza,0,3500,4.562211982,141.4285714,210
2044,71866,64,Married,Graduation,0,1,2018-09-25 10:59:23,Fatima Javed,0,1800,6.376344086,197.6666667,180
2045,25293,51,Married,Graduation,1,0,2018-06-16 10:59:23,Zain Ahmed,0,4000,1.866666667,11.2,25
2046,42000,33,Single,PhD,0,0,2017-10-11 10:59:23,Sana Tariq,0,3500,6.791208791,176.5714286,175
2047,69520,37,Married,Graduation,0,0,2018-04-07 10:59:23,Umar Farooq,0,3500,8.459627329,389.1428571,315
2048,64713,50,Divorced,Graduation,1,0,2018-11-08 10:59:23,Nadia Iqbal,0,2400,6.679487179,173.6666667,150
2049,27889,43,Married,Master,1,0,2018-04-05 10:59:23,Bilal Hussain,0,2400,1.5,9,20
2050,22123,60,Widow,Basic,0,0,2018-12-26 10:59:23,Hina Shah,0,3000,2.106060606,23.16666667,60
2051,27803,47,Married,Graduation,1,0,2017-05-27 10:59:23,Kamran Aslam,0,5600,2.267857143,36.28571429,105
2052,51651,60,Married,Graduation,0,1,2017-08-08 10:59:23,Rabia Noor,0,4800,3.634408602,112.6666667,180
2053,68487,32,Married,Graduation,0,0,2017-10-14 10:59:23,Tariq Mehmood,0,2400,8.93115942,410.8333333,270
2054,56796,51,Married,Graduation,0,1,2017-11-17 10:59:23,Saima Gul,0,4900,6.717770035,275.4285714,280
2055,87000,28,Married,2n Cycle,0,0,2017-09-15 10:59:23,Shahzad Anwar,0,1400,12.40816327,260.5714286,140
2056,79823,61,Married,Graduation,0,1,2018-12-30 10:59:23,Mariam Yousaf,1,1200,7.733870968,239.75,180
2057,30828,40,Single,Graduation,1,0,2018-07-05 10:59:23,Imran Qureshi,0,1800,2.444444444,14.66666667,30
2058,34109,49,Married,Master,0,1,2018-08-07 10:59:23,Bushra Ansari,0,2400,5.833333333,5.833333333,0
2059,53367,46,Divorced,Master,1,1,2018-06-01 10:59:23,Naveed Akhtar,0,4900,4.274725275,111.1428571,175
2060,22390,51,Together,Basic,0,0,2018-07-22 10:59:23,Asma Zafar,0,3500,1.366666667,8.2,25
2061,71322,44,Together,Graduation,0,1,2019-01-31 10:59:23,Ali Khan,0,1200,4.698412698,98.66666667,120
2062,79244,27,Single,Graduation,0,0,2017-09-19 10:59:23,Ayesha Malik,2,700,4.403628118,92.47619048,140
2063,49912,71,Together,Master,0,1,2017-06-08 10:59:23,Hassan Raza,1,5600,2.330532213,118.8571429,350
2064,48699,70,Married,PhD,1,1,2018-02-19 10:59:23,Fatima Javed,0,2500,2.566666667,15.4,25
2065,80144,45,Together,Graduation,0,0,2018-07-01 10:59:23,Zain Ahmed,0,700,22.48214286,359.7142857,105
2066,54252,64,Single,Graduation,1,1,2018-02-26 10:59:23,Sana Tariq,0,3600,3.46031746,72.66666667,120
2067,81929,44,Married,Master,1,0,2017-06-30 10:59:23,Umar Farooq,2,3600,9.883597884,207.5555556,120
2068,76068,45,Married,Graduation,0,1,2017-08-30 10:59:23,Nadia Iqbal,2,3600,13.07070707,143.7777778,60
2069,53204,44,Married,Master,1,1,2018-12-19 10:59:23,Bilal Hussain,0,2000,2.6,15.6,25
2070,67911,71,Together,PhD,0,1,2019-02-20 10:59:23,Hina Shah,0,1500,12.59354839,390.4,150
2071,14796,36,Married,2n Cycle,1,0,2017-06-18 10:59:23,Kamran Aslam,0,6300,1.666666667,10,35
2072,78128,46,Married,PhD,0,1,2018-11-20 10:59:23,Rabia Noor,2,1800,3.295392954,135.1111111,240
2073,14188,48,Married,Basic,0,0,2017-11-29 10:59:23,Tariq Mehmood,0,4200,1.246753247,13.71428571,70
2074,20425,34,Married,Basic,1,0,2017-07-30 10:59:23,Saima Gul,0,4900,1.038961039,11.42857143,70
2075,58646,58,Married,Master,0,1,2018-03-11 10:59:23,Shahzad Anwar,0,2800,3.064935065,33.71428571,70
2076,72967,50,Divorced,Graduation,0,1,2017-09-15 10:59:23,Mariam Yousaf,1,2500,2.066666667,74.4,175
2077,48150,71,Married,Master,0,1,2018-03-09 10:59:23,Imran Qureshi,0,4200,2.794871795,72.66666667,150
2078,82332,59,Single,Graduation,0,0,2017-06-18 10:59:23,Bushra Ansari,1,1400,10.91758242,283.8571429,175
2079,58275,65,Widow,Graduation,1,1,2018-03-03 10:59:23,Naveed Akhtar,0,4900,3.839721254,157.4285714,280
2080,44953,39,Together,PhD,0,0,2017-09-21 10:59:23,Asma Zafar,1,4200,3.55952381,128.1428571,245
2081,34587,67,Together,Graduation,1,1,2019-02-14 10:59:23,Ali Khan,0,1600,1.5,9,20
2082,43018,46,Together,Master,0,1,2018-08-02 10:59:23,Ayesha Malik,0,3500,1.792207792,19.71428571,70
2083,45736,66,Married,Master,0,1,2018-04-24 10:59:23,Hassan Raza,0,4200,3.634259259,130.8333333,210
2084,66476,51,Together,Master,0,1,2018-09-04 10:59:23,Fatima Javed,0,2800,8.811059908,273.1428571,210
2085,27733,39,Married,2n Cycle,1,0,2018-05-27 10:59:23,Zain Ahmed,0,4200,1.212121212,13.33333333,60
2086,69805,68,Together,PhD,0,1,2018-10-22 10:59:23,Sana Tariq,0,1400,9.382488479,290.8571429,210
2087,72217,58,Single,Master,0,0,2018-01-09 10:59:23,Umar Farooq,0,1400,25.33928571,405.4285714,105
2088,25818,49,Divorced,Graduation,1,0,2017-07-19 10:59:23,Nadia Iqbal,0,3500,6.8,6.8,0
2089,37509,44,Together,Master,1,0,2017-06-13 10:59:23,Bilal Hussain,0,4200,2.40625,38.5,90
2090,25176,44,Together,2n Cycle,1,1,2018-05-11 10:59:23,Hina Shah,0,2100,0.666666667,4,15
2091,43586,40,Married,Graduation,0,1,2017-05-31 10:59:23,Kamran Aslam,0,4800,2.416666667,38.66666667,90
2092,53230,64,Married,2n Cycle,0,1,2017-05-04 10:59:23,Rabia Noor,0,3500,5.527472527,143.7142857,175
2093,50116,63,Together,Graduation,1,1,2019-03-21 10:59:23,Tariq Mehmood,1,2000,2.666666667,16,20
2094,84906,48,Together,Graduation,0,0,2018-07-05 10:59:23,Saima Gul,3,1400,4.271978022,111.0714286,175
2095,61286,54,Married,Graduation,0,1,2018-05-03 10:59:23,Shahzad Anwar,0,3000,4.546296296,163.6666667,210
2096,82333,34,Married,PhD,0,0,2017-12-29 10:59:23,Mariam Yousaf,1,1200,14.32539683,300.8333333,120
2097,65220,55,Together,PhD,0,0,2017-06-04 10:59:23,Imran Qureshi,0,3600,10.32520325,423.3333333,240
2098,33590,46,Together,Graduation,2,1,2018-08-04 10:59:23,Bushra Ansari,0,1400,0.5,3,10
2099,30992,44,Divorced,Graduation,1,0,2018-01-21 10:59:23,Naveed Akhtar,0,4200,2.277777778,13.66666667,30
2100,72309,44,Single,Master,0,0,2017-12-10 10:59:23,Asma Zafar,1,1500,14.85384615,386.2,125
2101,16005,40,Married,Basic,1,0,2017-05-15 10:59:23,Ali Khan,0,5600,1.454545455,16,70
2102,65487,63,Single,Master,0,0,2018-10-11 10:59:23,Ayesha Malik,0,1200,20.95833333,335.3333333,90
2103,58692,55,Married,Graduation,0,1,2019-01-05 10:59:23,Hassan Raza,0,4200,3.077235772,126.1666667,240
2104,40590,51,Widow,Graduation,1,1,2018-07-03 10:59:23,Fatima Javed,1,3600,2.302083333,36.83333333,90
2105,20587,50,Single,Graduation,1,0,2019-02-09 10:59:23,Zain Ahmed,0,4900,0.761904762,4.571428571,35
2106,62637,66,Divorced,Master,0,1,2018-11-30 10:59:23,Sana Tariq,0,1200,5.272727273,58,60
2107,29435,54,Divorced,Master,1,1,2017-05-07 10:59:23,Umar Farooq,0,6300,2.071428571,33.14285714,105
2108,19346,46,Divorced,Graduation,1,0,2018-10-31 10:59:23,Nadia Iqbal,0,4000,1.266666667,7.6,25
2109,35788,49,Married,Graduation,1,1,2018-10-24 10:59:23,Bilal Hussain,0,4200,1.038961039,11.42857143,70
2110,36997,52,Divorced,Graduation,1,1,2017-11-02 10:59:23,Hina Shah,0,3000,2.03030303,22.33333333,60
2111,23539,63,Married,Graduation,0,0,2018-11-29 10:59:23,Kamran Aslam,0,4200,1.454545455,16,70
2112,65333,47,Single,Graduation,0,1,2018-10-18 10:59:23,Rabia Noor,2,3600,1.855072464,85.33333333,270
2113,78499,63,Single,Graduation,0,0,2018-08-24 10:59:23,Tariq Mehmood,1,2800,3.155612245,176.7142857,385
2114,29732,49,Together,PhD,1,0,2018-12-24 10:59:23,Saima Gul,0,4500,1.236363636,13.6,50
2115,41275,60,Together,Master,1,2,2018-12-23 10:59:23,Shahzad Anwar,0,3000,1.083333333,17.33333333,90
2116,63516,47,Together,PhD,1,1,2018-04-06 10:59:23,Mariam Yousaf,0,3500,4.013605442,84.28571429,140
2117,42769,58,Married,PhD,0,1,2018-07-13 10:59:23,Imran Qureshi,0,2000,5.866666667,35.2,25
2118,49572,62,Married,Master,1,1,2018-09-15 10:59:23,Bushra Ansari,0,2800,2.363636364,26,40
2119,69209,48,Married,Graduation,0,0,2017-06-18 10:59:23,Naveed Akhtar,1,2800,9.087912088,236.2857143,175
2120,17148,44,Married,Graduation,1,0,2018-10-29 10:59:23,Asma Zafar,0,4800,0.989583333,15.83333333,90
2121,40590,51,Widow,Graduation,1,1,2018-07-03 10:59:23,Ali Khan,1,3600,2.302083333,36.83333333,90
2122,30560,44,Together,Master,1,0,2018-03-28 10:59:23,Ayesha Malik,0,4200,1.194444444,7.166666667,30
2123,32146,37,Married,2n Cycle,1,0,2019-02-10 10:59:23,Hassan Raza,0,3600,1.863636364,20.5,60
2124,41713,56,Divorced,2n Cycle,1,1,2019-01-28 10:59:23,Fatima Javed,0,3600,3,48,90
2125,34176,45,Together,Master,0,1,2018-10-23 10:59:23,Zain Ahmed,0,1500,1.6,9.6,25
2126,58482,65,Married,PhD,0,1,2018-12-11 10:59:23,Sana Tariq,1,3000,3.983333333,143.4,175
2127,59686,55,Single,Graduation,0,1,2018-10-26 10:59:23,Umar Farooq,0,2400,3.563492063,74.83333333,120
2128,60896,56,Married,PhD,0,1,2017-07-12 10:59:23,Nadia Iqbal,0,4200,9.614906832,442.2857143,315
2129,62994,40,Together,Graduation,1,0,2018-12-03 10:59:23,Bilal Hussain,0,3000,3.716129032,115.2,150
2130,47320,63,Together,Graduation,0,1,2018-05-02 10:59:23,Hina Shah,0,3600,4.942307692,128.5,150
2131,74859,71,Widow,2n Cycle,0,0,2018-03-04 10:59:23,Kamran Aslam,1,1800,7.825268817,242.5833333,180
2132,15253,28,Single,Basic,1,0,2018-07-29 10:59:23,Rabia Noor,0,2800,1.041666667,6.25,20
2133,31560,46,Single,PhD,1,0,2018-03-25 10:59:23,Tariq Mehmood,0,4800,2.636363636,29,60
2134,72071,66,Divorced,Graduation,0,1,2017-11-15 10:59:23,Saima Gul,0,1200,14.26923077,371,150
2135,91172,30,Single,Master,0,0,2017-12-26 10:59:23,Shahzad Anwar,4,1500,3.893333333,81.76,100
2136,90000,36,Married,Graduation,0,0,2018-09-23 10:59:23,Mariam Yousaf,3,700,4.210884354,88.42857143,140
2137,41967,39,Single,Graduation,1,1,2018-08-24 10:59:23,Imran Qureshi,0,2400,2.166666667,13,30
2138,69263,55,Single,Graduation,0,1,2018-12-04 10:59:23,Bushra Ansari,1,3600,1.972826087,90.75,270
2139,65706,50,Divorced,2n Cycle,0,0,2018-03-29 10:59:23,Naveed Akhtar,3,3500,1.795535714,100.55,275
2140,60934,45,Together,Graduation,0,1,2018-10-18 10:59:23,Asma Zafar,0,2400,7.97311828,247.1666667,180
2141,71965,69,Married,Graduation,0,1,2018-04-29 10:59:23,Ali Khan,0,2100,8.894009217,275.7142857,210
2142,65210,65,Married,Graduation,0,1,2018-12-09 10:59:23,Ayesha Malik,2,3000,2.037681159,93.73333333,225
2143,79174,45,Married,PhD,0,0,2017-10-12 10:59:23,Hassan Raza,2,1400,7.010989011,182.2857143,175
2144,81380,53,Divorced,Master,0,0,2017-09-22 10:59:23,Fatima Javed,0,1200,27.87301587,585.3333333,120
2145,48432,47,Single,PhD,0,1,2017-07-19 10:59:23,Zain Ahmed,0,4800,3.523148148,126.8333333,210
2146,52914,49,Married,Graduation,0,1,2017-10-08 10:59:23,Sana Tariq,1,4200,1.587962963,57.16666667,210
2147,38946,65,Together,Graduation,0,1,2018-07-25 10:59:23,Umar Farooq,0,2500,5.25,84,75
2148,26067,46,Married,Graduation,1,0,2018-08-05 10:59:23,Nadia Iqbal,0,4000,1.075,17.2,75
2149,44325,48,Married,PhD,0,1,2017-12-06 10:59:23,Bilal Hussain,1,3200,3.274390244,134.25,160
2150,42523,56,Married,Graduation,0,0,2019-01-22 10:59:23,Hina Shah,0,1400,4.285714286,25.71428571,35
2151,26487,42,Single,Basic,1,0,2018-02-18 10:59:23,Kamran Aslam,0,3000,1.045454545,11.5,60
2152,53233,63,Married,2n Cycle,0,1,2018-12-17 10:59:23,Rabia Noor,0,1600,3.333333333,20,20
2153,67716,60,Married,Graduation,0,1,2017-10-11 10:59:23,Tariq Mehmood,1,3500,3.80952381,137.1428571,245
2154,76234,48,Married,Master,0,1,2018-11-07 10:59:23,Saima Gul,1,1800,3.520325203,144.3333333,240
2155,84117,64,Married,PhD,0,0,2019-02-09 10:59:23,Shahzad Anwar,1,1400,6.111111111,220,245
2156,65487,63,Together,Master,0,0,2018-10-11 10:59:23,Mariam Yousaf,0,1200,20.95833333,335.3333333,90
2157,25224,48,Married,Basic,1,0,2018-12-15 10:59:23,Imran Qureshi,0,2100,1.80952381,10.85714286,35
2158,89616,37,Single,Master,0,0,2017-11-26 10:59:23,Bushra Ansari,0,1400,12.92857143,465.4285714,245
2159,40851,49,Divorced,Graduation,1,1,2017-11-22 10:59:23,Naveed Akhtar,0,4200,1.944444444,11.66666667,30
2160,27469,73,Married,Graduation,0,0,2017-05-03 10:59:23,Asma Zafar,0,3000,6.4,6.4,0
2161,82347,63,Married,2n Cycle,0,0,2017-08-07 10:59:23,Ali Khan,2,2100,4.735449735,170.4761905,245
2162,73803,63,Married,Graduation,0,1,2017-05-02 10:59:23,Ayesha Malik,1,4200,4.204968944,193.4285714,315
2163,8820,68,Single,Master,1,1,2017-12-21 10:59:23,Hassan Raza,0,4000,0.725,11.6,75
2164,43322,46,Single,Graduation,0,0,2019-01-20 10:59:23,Fatima Javed,0,4900,2.196428571,35.14285714,105
2165,55593,47,Together,Graduation,0,1,2018-05-22 10:59:23,Zain Ahmed,1,4200,2.02764977,62.85714286,210
2166,50501,66,Married,Graduation,1,1,2018-03-19 10:59:23,Sana Tariq,1,3000,2.676923077,69.6,125
2167,37085,45,Married,Graduation,1,1,2019-03-27 10:59:23,Umar Farooq,0,4800,1.208333333,19.33333333,90
2168,16185,30,Single,Basic,1,0,2018-05-06 10:59:23,Nadia Iqbal,0,4800,1.606060606,17.66666667,60
2169,57731,51,Single,Graduation,0,1,2017-08-24 10:59:23,Bilal Hussain,0,4200,4.599303136,188.5714286,280
2170,48432,47,Single,PhD,0,1,2017-07-19 10:59:23,Hina Shah,0,4800,3.523148148,126.8333333,210
2171,73807,42,Married,Graduation,0,1,2017-10-03 10:59:23,Kamran Aslam,0,1400,8.736263736,227.1428571,175
2172,18929,30,Married,Graduation,0,0,2017-11-17 10:59:23,Rabia Noor,0,3600,3.722222222,22.33333333,30
2173,35893,52,Single,Graduation,1,1,2017-07-16 10:59:23,Tariq Mehmood,0,3200,5.65625,90.5,60
2174,61014,40,Married,Graduation,0,1,2017-05-12 10:59:23,Saima Gul,0,4900,6.944099379,319.4285714,315
2175,32144,66,Together,Graduation,1,1,2018-12-22 10:59:23,Shahzad Anwar,1,2800,1.159090909,12.75,40
2176,14918,57,Together,Basic,0,1,2017-09-07 10:59:23,Mariam Yousaf,0,2400,1.458333333,8.75,20
2177,45146,57,Divorced,Graduation,1,1,2018-04-15 10:59:23,Imran Qureshi,0,1600,3.166666667,19,20
2178,41769,65,Divorced,2n Cycle,0,1,2017-11-14 10:59:23,Bushra Ansari,0,4800,4.016260163,164.6666667,240
2179,88325,39,Together,Graduation,0,0,2018-11-06 10:59:23,Naveed Akhtar,0,1400,14.47004608,448.5714286,210
2180,38054,70,Divorced,Master,1,1,2019-01-30 10:59:23,Asma Zafar,0,3500,1.6,17.6,50
2181,80617,25,Single,2n Cycle,0,0,2017-07-13 10:59:23,Ali Khan,0,1400,19.08843537,400.8571429,140
2182,5305,44,Married,Graduation,0,1,2018-04-30 10:59:23,Ayesha Malik,0,9100,1.285714286,7.714285714,35
2183,36807,66,Together,Graduation,1,1,2017-09-20 10:59:23,Hassan Raza,0,2400,0.708333333,4.25,20
2184,28427,37,Together,Graduation,1,0,2017-12-20 10:59:23,Fatima Javed,0,4000,1.563636364,17.2,50
2185,82032,72,Widow,PhD,0,0,2019-01-04 10:59:23,Zain Ahmed,0,700,16.01360544,336.2857143,140
2186,22775,42,Together,Graduation,1,0,2018-03-20 10:59:23,Sana Tariq,0,3200,1.125,6.75,20
2187,40101,35,Together,Master,1,0,2017-07-15 10:59:23,Umar Farooq,0,4900,3.253456221,100.8571429,210
2188,58025,41,Married,Graduation,0,1,2018-08-27 10:59:23,Nadia Iqbal,0,2800,8,128,105
2189,75777,38,Single,Master,0,0,2018-04-04 10:59:23,Bilal Hussain,2,700,8.083333333,129.3333333,105
2190,7500,41,Together,2n Cycle,1,0,2018-02-05 10:59:23,Hina Shah,0,3500,0.5625,9,75
2191,33562,57,Married,Master,1,2,2019-03-26 10:59:23,Kamran Aslam,0,1600,1.840909091,20.25,40
2192,57642,50,Single,PhD,0,1,2018-10-10 10:59:23,Rabia Noor,1,2400,3.018518519,108.6666667,210
2193,58554,52,Together,Graduation,1,1,2017-06-27 10:59:23,Tariq Mehmood,0,4200,4.048780488,166,240
2194,63777,41,Married,Graduation,1,1,2017-12-23 10:59:23,Saima Gul,0,5600,3.06122449,171.4285714,385
2195,57967,58,Single,Graduation,0,1,2017-12-02 10:59:23,Shahzad Anwar,0,3000,5.984126984,125.6666667,120
2196,24434,48,Married,Graduation,2,0,2019-02-16 10:59:23,Mariam Yousaf,0,4200,1,11,60
2197,11012,36,Single,Graduation,1,0,2017-12-15 10:59:23,Imran Qureshi,1,6300,0.544642857,8.714285714,105
2198,44802,50,Single,Master,0,0,2017-05-22 10:59:23,Bushra Ansari,0,4800,7.420289855,341.3333333,270
2199,26816,34,Single,Graduation,0,0,2017-05-18 10:59:23,Naveed Akhtar,0,2400,5.833333333,5.833333333,0
2200,34421,46,Married,Graduation,1,0,2018-04-01 10:59:23,Asma Zafar,0,4200,1.083333333,6.5,30
2201,61223,53,Married,Graduation,0,1,2018-03-14 10:59:23,Ali Khan,0,3500,6.795031056,312.5714286,315
2202,64014,74,Together,PhD,2,1,2019-03-11 10:59:23,Ayesha Malik,1,2800,2.658536585,109,160
2203,56981,39,Divorced,Graduation,0,0,2018-10-26 10:59:23,Hassan Raza,1,4200,15.80519481,173.8571429,70
2204,69245,64,Together,Master,0,1,2018-10-25 10:59:23,Fatima Javed,0,1800,8.247311828,255.6666667,180
2205,52869,66,Married,PhD,1,1,2017-07-16 10:59:23,Zain Ahmed,0,4900,2.696428571,43.14285714,105
