Spending_ID,Customer_ID,Product_Category_ID,Amount_Spent,Total_Products
1,1,1,635,1529
2,1,2,88,1529
3,1,3,546,1529
4,1,4,172,1529
5,1,5,88,1529
6,1,6,88,1529
7,1,7,1441,1529
8,2,1,11,21
9,2,2,1,21
10,2,3,6,21
11,2,4,2,21
12,2,5,1,21
13,2,6,6,21
14,2,7,15,21
15,3,1,426,734
16,3,2,49,734
17,3,3,127,734
18,3,4,111,734
19,3,5,21,734
20,3,6,42,734
21,3,7,692,734
22,4,1,11,48
23,4,2,4,48
24,4,3,20,48
25,4,4,10,48
26,4,5,3,48
27,4,6,5,48
28,4,7,43,48
29,5,1,173,407
30,5,2,43,407
31,5,3,118,407
32,5,4,46,407
33,5,5,27,407
34,5,6,15,407
35,5,7,392,407
36,6,1,520,702
37,6,2,42,702
38,6,3,98,702
39,6,5,42,702
40,6,6,14,702
41,6,7,688,702
42,7,1,235,563
43,7,2,65,563
44,7,3,164,563
45,7,4,50,563
46,7,5,49,563
47,7,6,27,563
48,7,7,536,563
49,8,1,76,146
50,8,2,10,146
51,8,3,56,146
52,8,4,3,146
53,8,5,1,146
54,8,6,23,146
55,8,7,123,146
56,9,1,14,44
57,9,3,24,44
58,9,4,3,44
59,9,5,3,44
60,9,6,2,44
61,9,7,42,44
62,10,1,28,36
63,10,3,6,36
64,10,4,1,36
65,10,5,1,36
66,10,6,13,36
67,10,7,23,36
68,11,1,6,45
69,11,2,16,45
70,11,3,11,45
71,11,4,11,45
72,11,5,1,45
73,11,6,16,45
74,11,7,29,45
75,12,1,194,1072
76,12,2,61,1072
77,12,3,480,1072
78,12,4,225,1072
79,12,5,112,1072
80,12,6,30,1072
81,12,7,1042,1072
82,13,1,233,296
83,13,2,2,296
84,13,3,53,296
85,13,4,3,296
86,13,5,5,296
87,13,6,14,296
88,13,7,282,296
89,14,1,3,41
90,14,2,14,41
91,14,3,17,41
92,14,4,6,41
93,14,5,1,41
94,14,6,5,41
95,14,7,36,41
96,15,1,1006,1270
97,15,2,22,1270
98,15,3,115,1270
99,15,4,59,1270
100,15,5,68,1270
101,15,6,45,1270
102,15,7,1225,1270
103,16,1,53,92
104,16,2,5,92
105,16,3,19,92
106,16,4,2,92
107,16,5,13,92
108,16,6,4,92
109,16,7,88,92
110,17,1,84,289
111,17,2,5,289
112,17,3,38,289
113,17,4,150,289
114,17,5,12,289
115,17,6,28,289
116,17,7,261,289
117,18,1,1012,1606
118,18,2,80,1606
119,18,3,498,1606
120,18,5,16,1606
121,18,6,176,1606
122,18,7,1430,1606
123,19,1,4,94
124,19,2,17,94
125,19,3,19,94
126,19,4,30,94
127,19,5,24,94
128,19,6,39,94
129,19,7,55,94
130,20,1,86,268
131,20,2,2,268
132,20,3,73,268
133,20,4,69,268
134,20,5,38,268
135,20,6,48,268
136,20,7,220,268
137,21,1,1,1729
138,21,2,1,1729
139,21,3,1725,1729
140,21,4,1,1729
141,21,5,1,1729
142,21,6,1,1729
143,21,7,1728,1729
144,22,1,867,953
145,22,3,86,953
146,22,6,19,953
147,22,7,934,953
148,23,1,384,539
149,23,3,102,539
150,23,4,21,539
151,23,5,32,539
152,23,6,5,539
153,23,7,534,539
154,24,1,270,345
155,24,2,3,345
156,24,3,27,345
157,24,4,39,345
158,24,5,6,345
159,24,6,99,345
160,24,7,246,345
161,25,1,6,62
162,25,2,4,62
163,25,3,25,62
164,25,4,15,62
165,25,5,12,62
166,25,6,13,62
167,25,7,49,62
168,26,1,173,216
169,26,2,4,216
170,26,3,30,216
171,26,4,3,216
172,26,5,6,216
173,26,6,41,216
174,26,7,175,216
175,27,1,36,121
176,27,2,2,121
177,27,3,42,121
178,27,4,20,121
179,27,5,21,121
180,27,6,10,121
181,27,7,111,121
182,28,1,684,1672
183,28,2,100,1672
184,28,3,801,1672
185,28,4,21,1672
186,28,5,66,1672
187,28,7,1672,1672
188,29,1,8,26
189,29,2,4,26
190,29,3,10,26
191,29,4,2,26
192,29,5,2,26
193,29,6,4,26
194,29,7,22,26
195,30,1,112,229
196,30,2,17,229
197,30,3,44,229
198,30,4,34,229
199,30,5,22,229
200,30,6,89,229
201,30,7,140,229
202,31,1,110,117
203,31,3,5,117
204,31,4,2,117
205,31,6,3,117
206,31,7,114,117
207,32,1,96,259
208,32,2,12,259
209,32,3,96,259
210,32,4,33,259
211,32,5,22,259
212,32,6,43,259
213,32,7,216,259
214,33,1,482,1174
215,33,2,34,1174
216,33,3,471,1174
217,33,4,119,1174
218,33,5,68,1174
219,33,6,22,1174
220,33,7,1152,1174
221,34,1,40,62
222,34,3,19,62
223,34,4,2,62
224,34,5,1,62
225,34,6,3,62
226,34,7,59,62
227,35,1,702,878
228,35,2,17,878
229,35,3,151,878
230,35,5,8,878
231,35,6,35,878
232,35,7,843,878
233,36,1,6,45
234,36,2,3,45
235,36,3,14,45
236,36,4,15,45
237,36,5,7,45
238,36,6,36,45
239,36,7,9,45
240,37,1,55,63
241,37,3,6,63
242,37,4,2,63
243,37,6,4,63
244,37,7,59,63
245,38,1,437,860
246,38,2,8,860
247,38,3,206,860
248,38,4,160,860
249,38,5,49,860
250,38,6,42,860
251,38,7,818,860
252,39,1,421,1293
253,39,2,76,1293
254,39,3,536,1293
255,39,4,82,1293
256,39,5,178,1293
257,39,6,102,1293
258,39,7,1191,1293
259,40,1,13,46
260,40,2,1,46
261,40,3,29,46
262,40,4,3,46
263,40,6,7,46
264,40,7,39,46
265,41,1,9,19
266,41,3,6,19
267,41,4,3,19
268,41,5,1,19
269,41,6,3,19
270,41,7,16,19
271,42,1,3,19
272,42,2,1,19
273,42,3,10,19
274,42,4,3,19
275,42,5,2,19
276,42,6,12,19
277,42,7,7,19
278,43,1,123,810
279,43,2,164,810
280,43,3,266,810
281,43,4,227,810
282,43,5,30,810
283,43,6,174,810
284,43,7,636,810
285,44,1,3,72
286,44,2,18,72
287,44,3,14,72
288,44,4,15,72
289,44,5,22,72
290,44,6,50,72
291,44,7,22,72
292,45,1,13,42
293,45,2,6,42
294,45,3,15,42
295,45,4,3,42
296,45,5,5,42
297,45,6,13,42
298,45,7,29,42
299,46,1,826,1281
300,46,2,50,1281
301,46,3,317,1281
302,46,4,50,1281
303,46,5,38,1281
304,46,6,38,1281
305,46,7,1243,1281
306,47,1,245,493
307,47,2,19,493
308,47,3,125,493
309,47,4,37,493
310,47,5,67,493
311,47,6,14,493
312,47,7,479,493
313,48,1,650,1661
314,48,2,37,1661
315,48,3,780,1661
316,48,4,27,1661
317,48,5,167,1661
318,48,6,32,1661
319,48,7,1629,1661
320,49,1,12,69
321,49,2,6,69
322,49,3,20,69
323,49,4,30,69
324,49,5,1,69
325,49,6,3,69
326,49,7,66,69
327,50,1,510,1376
328,50,2,120,1376
329,50,3,550,1376
330,50,4,156,1376
331,50,5,40,1376
332,50,6,241,1376
333,50,7,1135,1376
334,51,1,328,497
335,51,2,9,497
336,51,3,124,497
337,51,4,12,497
338,51,5,24,497
339,51,6,109,497
340,51,7,388,497
341,52,1,984,1767
342,52,2,51,1767
343,52,3,432,1767
344,52,4,180,1767
345,52,5,120,1767
346,52,6,190,1767
347,52,7,1577,1767
348,53,1,295,1053
349,53,2,35,1053
350,53,3,482,1053
351,53,4,121,1053
352,53,5,120,1053
353,53,6,40,1053
354,53,7,1013,1053
355,54,1,13,24
356,54,3,8,24
357,54,4,2,24
358,54,5,1,24
359,54,6,5,24
360,54,7,19,24
361,55,1,447,475
362,55,3,28,475
363,55,6,43,475
364,55,7,432,475
365,56,1,712,1358
366,56,2,26,1358
367,56,3,538,1358
368,56,4,69,1358
369,56,5,13,1358
370,56,6,80,1358
371,56,7,1278,1358
372,57,1,452,606
373,57,2,18,606
374,57,3,102,606
375,57,4,16,606
376,57,5,18,606
377,57,6,6,606
378,57,7,600,606
379,58,1,523,715
380,58,2,7,715
381,58,3,134,715
382,58,4,37,715
383,58,5,14,715
384,58,6,169,715
385,58,7,546,715
386,59,1,546,600
387,59,3,48,600
388,59,5,6,600
389,59,6,6,600
390,59,7,594,600
391,60,1,398,1046
392,60,2,40,1046
393,60,3,367,1046
394,60,4,119,1046
395,60,5,122,1046
396,60,6,30,1046
397,60,7,1016,1046
398,61,1,1,19
399,61,2,3,19
400,61,3,6,19
401,61,4,3,19
402,61,5,6,19
403,61,6,15,19
404,61,7,4,19
405,62,1,10,11
406,62,3,1,11
407,62,7,11,11
408,63,1,688,1236
409,63,2,14,1236
410,63,3,309,1236
411,63,4,201,1236
412,63,5,24,1236
413,63,6,38,1236
414,63,7,1198,1236
415,64,1,247,544
416,64,2,49,544
417,64,3,159,544
418,64,4,7,544
419,64,5,82,544
420,64,6,109,544
421,64,7,435,544
422,65,1,856,1489
423,65,2,59,1489
424,65,3,487,1489
425,65,4,58,1489
426,65,5,29,1489
427,65,6,73,1489
428,65,7,1416,1489
429,66,1,496,1241
430,66,2,36,1241
431,66,3,460,1241
432,66,4,189,1241
433,66,5,60,1241
434,66,6,12,1241
435,66,7,1229,1241
436,67,1,258,777
437,67,2,107,777
438,67,3,291,777
439,67,4,84,777
440,67,5,37,777
441,67,6,86,777
442,67,7,691,777
443,68,1,565,642
444,68,2,6,642
445,68,3,65,642
446,68,5,6,642
447,68,6,19,642
448,68,7,623,642
449,69,1,14,56
450,69,2,10,56
451,69,3,13,56
452,69,4,4,56
453,69,5,15,56
454,69,6,9,56
455,69,7,47,56
456,70,1,2,12
457,70,2,1,12
458,70,3,6,12
459,70,4,2,12
460,70,5,1,12
461,70,6,1,12
462,70,7,11,12
463,71,1,721,1872
464,71,2,111,1872
465,71,3,925,1872
466,71,4,97,1872
467,71,5,18,1872
468,71,6,18,1872
469,71,7,1854,1872
470,72,1,1032,2158
471,72,2,105,2158
472,72,3,779,2158
473,72,4,137,2158
474,72,5,105,2158
475,72,6,51,2158
476,72,7,2107,2158
477,73,1,1,9
478,73,3,5,9
479,73,5,3,9
480,73,6,9,9
481,74,1,577,641
482,74,3,64,641
483,74,6,51,641
484,74,7,590,641
485,75,1,64,148
486,75,2,4,148
487,75,3,68,148
488,75,4,7,148
489,75,5,5,148
490,75,6,17,148
491,75,7,131,148
492,76,1,4,12
493,76,2,1,12
494,76,3,5,12
495,76,4,2,12
496,76,6,4,12
497,76,7,8,12
498,77,1,25,56
499,77,2,5,56
500,77,3,19,56
501,77,4,7,56
502,77,6,23,56
503,77,7,33,56
504,78,1,112,229
505,78,2,17,229
506,78,3,44,229
507,78,4,34,229
508,78,5,22,229
509,78,6,89,229
510,78,7,140,229
511,79,1,163,702
512,79,2,23,702
513,79,3,424,702
514,79,4,27,702
515,79,5,65,702
516,79,6,76,702
517,79,7,626,702
518,80,1,17,53
519,80,2,8,53
520,80,3,14,53
521,80,4,10,53
522,80,5,4,53
523,80,6,3,53
524,80,7,50,53
525,81,1,130,146
526,81,3,16,146
527,81,6,5,146
528,81,7,141,146
529,82,1,292,338
530,82,2,6,338
531,82,3,37,338
532,82,5,3,338
533,82,6,34,338
534,82,7,304,338
535,83,1,350,1221
536,83,2,60,1221
537,83,3,568,1221
538,83,4,110,1221
539,83,5,133,1221
540,83,6,145,1221
541,83,7,1076,1221
542,84,1,135,187
543,84,2,9,187
544,84,3,39,187
545,84,4,4,187
546,84,6,7,187
547,84,7,180,187
548,85,1,15,28
549,85,2,2,28
550,85,3,10,28
551,85,5,1,28
552,85,6,4,28
553,85,7,24,28
554,86,1,27,43
555,86,2,2,43
556,86,3,14,43
557,86,7,43,43
558,87,1,5,36
559,87,2,3,36
560,87,3,11,36
561,87,4,12,36
562,87,5,5,36
563,87,6,9,36
564,87,7,27,36
565,88,1,505,531
566,88,3,26,531
567,88,6,75,531
568,88,7,456,531
569,89,1,51,61
570,89,2,2,61
571,89,3,7,61
572,89,5,1,61
573,89,6,2,61
574,89,7,59,61
575,90,1,207,755
576,90,2,26,755
577,90,3,447,755
578,90,4,75,755
579,90,6,223,755
580,90,7,532,755
581,91,1,135,399
582,91,2,46,399
583,91,3,92,399
584,91,4,65,399
585,91,5,61,399
586,91,6,11,399
587,91,7,388,399
588,92,1,53,62
589,92,2,1,62
590,92,3,5,62
591,92,4,2,62
592,92,5,1,62
593,92,6,10,62
594,92,7,52,62
595,93,1,41,50
596,93,2,1,50
597,93,3,6,50
598,93,4,2,50
599,93,6,5,50
600,93,7,45,50
601,94,1,386,1058
602,94,2,172,1058
603,94,3,183,1058
604,94,4,185,1058
605,94,5,132,1058
606,94,6,111,1058
607,94,7,947,1058
608,95,1,562,1039
609,95,2,81,1039
610,95,3,276,1039
611,95,4,80,1039
612,95,5,40,1039
613,95,6,81,1039
614,95,7,958,1039
615,96,1,217,1059
616,96,2,76,1059
617,96,3,690,1059
618,96,4,50,1059
619,96,5,26,1059
620,96,6,38,1059
621,96,7,1021,1059
622,97,1,1,20
623,97,2,3,20
624,97,3,6,20
625,97,4,10,20
626,97,6,9,20
627,97,7,11,20
628,98,1,144,180
629,98,2,1,180
630,98,3,32,180
631,98,4,2,180
632,98,5,1,180
633,98,6,7,180
634,98,7,173,180
635,99,1,295,845
636,99,2,106,845
637,99,3,271,845
638,99,4,75,845
639,99,5,98,845
640,99,6,65,845
641,99,7,780,845
642,100,1,76,118
643,100,2,3,118
644,100,3,31,118
645,100,4,4,118
646,100,5,4,118
647,100,6,27,118
648,100,7,91,118
649,101,1,454,807
650,101,2,194,807
651,101,3,106,807
652,101,4,31,807
653,101,5,22,807
654,101,6,43,807
655,101,7,764,807
656,102,1,425,890
657,102,2,115,890
658,102,3,292,890
659,102,4,23,890
660,102,5,35,890
661,102,6,79,890
662,102,7,811,890
663,103,1,1332,1734
664,103,2,17,1734
665,103,3,311,1734
666,103,4,23,1734
667,103,5,51,1734
668,103,6,86,1734
669,103,7,1648,1734
670,104,1,527,548
671,104,3,21,548
672,104,6,60,548
673,104,7,488,548
674,105,1,490,708
675,105,2,44,708
676,105,3,125,708
677,105,4,29,708
678,105,5,20,708
679,105,6,22,708
680,105,7,686,708
681,106,1,378,479
682,106,3,101,479
683,106,6,72,479
684,106,7,407,479
685,107,1,64,87
686,107,2,1,87
687,107,3,21,87
688,107,5,1,87
689,107,6,27,87
690,107,7,60,87
691,108,1,547,1691
692,108,2,99,1691
693,108,3,812,1691
694,108,4,151,1691
695,108,5,82,1691
696,108,6,33,1691
697,108,7,1658,1691
698,109,1,47,457
699,109,2,90,457
700,109,3,94,457
701,109,4,123,457
702,109,5,103,457
703,109,6,120,457
704,109,7,337,457
705,110,1,12,51
706,110,2,5,51
707,110,3,25,51
708,110,5,9,51
709,110,6,30,51
710,110,7,21,51
711,111,1,1,30
712,111,2,6,30
713,111,3,7,30
714,111,4,11,30
715,111,5,5,30
716,111,6,3,30
717,111,7,27,30
718,112,1,320,612
719,112,2,48,612
720,112,3,133,612
721,112,4,39,612
722,112,5,72,612
723,112,6,48,612
724,112,7,564,612
725,113,1,34,70
726,113,2,3,70
727,113,3,29,70
728,113,5,4,70
729,113,6,10,70
730,113,7,60,70
731,114,1,9,23
732,114,3,7,23
733,114,4,3,23
734,114,5,4,23
735,114,6,7,23
736,114,7,16,23
737,115,1,17,41
738,115,3,14,41
739,115,4,7,41
740,115,5,3,41
741,115,6,2,41
742,115,7,39,41
743,116,1,722,967
744,116,2,27,967
745,116,3,102,967
746,116,4,44,967
747,116,5,72,967
748,116,6,168,967
749,116,7,799,967
750,117,1,162,387
751,117,2,33,387
752,117,3,124,387
753,117,4,40,387
754,117,5,28,387
755,117,6,172,387
756,117,7,215,387
757,118,1,450,1707
758,118,2,133,1707
759,118,3,951,1707
760,118,4,173,1707
761,118,6,216,1707
762,118,7,1491,1707
763,119,1,70,86
764,119,3,16,86
765,119,6,4,86
766,119,7,82,86
767,120,1,492,649
768,120,2,19,649
769,120,3,110,649
770,120,4,16,649
771,120,5,12,649
772,120,6,12,649
773,120,7,637,649
774,121,1,120,405
775,121,2,58,405
776,121,3,73,405
777,121,4,65,405
778,121,5,89,405
779,121,6,58,405
780,121,7,347,405
781,122,1,534,591
782,122,2,5,591
783,122,3,47,591
784,122,5,5,591
785,122,6,41,591
786,122,7,550,591
787,123,1,236,595
788,123,2,106,595
789,123,3,189,595
790,123,4,23,595
791,123,5,41,595
792,123,6,130,595
793,123,7,465,595
794,124,1,220,256
795,124,3,33,256
796,124,4,3,256
797,124,6,23,256
798,124,7,233,256
799,125,1,796,1482
800,125,2,14,1482
801,125,3,590,1482
802,125,4,38,1482
803,125,5,44,1482
804,125,7,1482,1482
805,126,2,1,20
806,126,3,3,20
807,126,4,10,20
808,126,5,6,20
809,126,6,9,20
810,126,7,11,20
811,127,1,53,90
812,127,2,1,90
813,127,3,34,90
814,127,4,2,90
815,127,6,16,90
816,127,7,74,90
817,128,1,15,29
818,128,3,8,29
819,128,4,4,29
820,128,5,2,29
821,128,6,20,29
822,128,7,9,29
823,129,1,17,34
824,129,2,1,34
825,129,3,12,34
826,129,4,3,34
827,129,5,1,34
828,129,6,4,34
829,129,7,30,34
830,130,1,962,2057
831,130,2,61,2057
832,130,3,921,2057
833,130,4,52,2057
834,130,5,61,2057
835,130,6,20,2057
836,130,7,2037,2057
837,131,1,738,1003
838,131,3,232,1003
839,131,4,13,1003
840,131,5,20,1003
841,131,6,50,1003
842,131,7,953,1003
843,132,1,399,1259
844,132,2,28,1259
845,132,3,756,1259
846,132,4,36,1259
847,132,5,40,1259
848,132,6,126,1259
849,132,7,1133,1259
850,133,1,614,838
851,133,2,16,838
852,133,3,132,838
853,133,4,43,838
854,133,5,33,838
855,133,6,33,838
856,133,7,805,838
857,134,1,32,196
858,134,2,34,196
859,134,3,41,196
860,134,4,73,196
861,134,5,16,196
862,134,6,116,196
863,134,7,80,196
864,135,1,598,828
865,135,2,16,828
866,135,3,141,828
867,135,4,32,828
868,135,5,41,828
869,135,6,49,828
870,135,7,779,828
871,136,1,2,52
872,136,2,1,52
873,136,3,18,52
874,136,4,20,52
875,136,5,11,52
876,136,6,16,52
877,136,7,36,52
878,137,1,6,18
879,137,2,1,18
880,137,3,10,18
881,137,5,1,18
882,137,6,4,18
883,137,7,14,18
884,138,1,73,179
885,138,2,3,179
886,138,3,90,179
887,138,4,12,179
888,138,5,1,179
889,138,6,32,179
890,138,7,147,179
891,139,1,42,119
892,139,2,16,119
893,139,3,29,119
894,139,4,12,119
895,139,5,20,119
896,139,6,8,119
897,139,7,111,119
898,140,1,295,446
899,140,2,21,446
900,140,3,78,446
901,140,4,39,446
902,140,5,13,446
903,140,6,13,446
904,140,7,433,446
905,141,1,346,447
906,141,2,17,447
907,141,3,48,447
908,141,4,23,447
909,141,5,13,447
910,141,6,13,447
911,141,7,434,447
912,142,1,233,338
913,142,2,20,338
914,142,3,57,338
915,142,4,8,338
916,142,5,20,338
917,142,6,91,338
918,142,7,247,338
919,143,1,5,69
920,143,2,7,69
921,143,3,24,69
922,143,4,19,69
923,143,5,14,69
924,143,6,20,69
925,143,7,49,69
926,144,1,888,945
927,144,3,57,945
928,144,6,76,945
929,144,7,869,945
930,145,1,997,1339
931,145,2,26,1339
932,145,3,269,1339
933,145,4,34,1339
934,145,5,13,1339
935,145,6,42,1339
936,145,7,1297,1339
937,146,1,212,303
938,146,2,6,303
939,146,3,69,303
940,146,4,4,303
941,146,5,12,303
942,146,6,3,303
943,146,7,300,303
944,147,1,8,18
945,147,2,1,18
946,147,3,7,18
947,147,4,2,18
948,147,7,18,18
949,148,1,42,148
950,148,2,11,148
951,148,3,57,148
952,148,4,10,148
953,148,5,28,148
954,148,6,14,148
955,148,7,134,148
956,149,1,536,1174
957,149,2,11,1174
958,149,3,387,1174
959,149,4,149,1174
960,149,5,91,1174
961,149,6,57,1174
962,149,7,1117,1174
963,150,1,5,8
964,150,3,3,8
965,150,6,5,8
966,150,7,3,8
967,151,1,1349,1673
968,151,2,16,1673
969,151,3,249,1673
970,151,4,43,1673
971,151,5,16,1673
972,151,6,33,1673
973,151,7,1640,1673
974,152,1,53,116
975,152,2,3,116
976,152,3,49,116
977,152,4,7,116
978,152,5,4,116
979,152,6,5,116
980,152,7,111,116
981,153,1,1001,1281
982,153,2,12,1281
983,153,3,240,1281
984,153,4,16,1281
985,153,5,12,1281
986,153,6,12,1281
987,153,7,1269,1281
988,154,1,18,60
989,154,2,1,60
990,154,3,32,60
991,154,4,6,60
992,154,5,3,60
993,154,6,28,60
994,154,7,32,60
995,155,1,125,394
996,155,2,16,394
997,155,3,98,394
998,155,4,134,394
999,155,5,21,394
1000,155,6,27,394
1001,155,7,367,394
1002,156,1,212,257
1003,156,2,5,257
1004,156,3,33,257
1005,156,4,7,257
1006,156,6,2,257
1007,156,7,255,257
1008,157,1,277,993
1009,157,2,162,993
1010,157,3,305,993
1011,157,4,173,993
1012,157,5,76,993
1013,157,6,124,993
1014,157,7,869,993
1015,158,1,15,69
1016,158,2,10,69
1017,158,3,19,69
1018,158,4,8,69
1019,158,5,17,69
1020,158,6,20,69
1021,158,7,49,69
1022,159,1,7,29
1023,159,2,3,29
1024,159,3,10,29
1025,159,4,8,29
1026,159,5,1,29
1027,159,6,7,29
1028,159,7,22,29
1029,160,1,12,41
1030,160,2,4,41
1031,160,3,6,41
1032,160,4,11,41
1033,160,5,8,41
1034,160,6,16,41
1035,160,7,25,41
1036,161,1,85,121
1037,161,2,7,121
1038,161,3,24,121
1039,161,4,2,121
1040,161,5,3,121
1041,161,6,27,121
1042,161,7,94,121
1043,162,1,81,87
1044,162,3,6,87
1045,162,6,6,87
1046,162,7,81,87
1047,163,1,59,71
1048,163,3,12,71
1049,163,6,48,71
1050,163,7,23,71
1051,164,1,1149,1809
1052,164,2,71,1809
1053,164,3,449,1809
1054,164,4,69,1809
1055,164,5,71,1809
1056,164,6,26,1809
1057,164,7,1783,1809
1058,165,1,847,1207
1059,165,2,66,1207
1060,165,3,119,1207
1061,165,4,86,1207
1062,165,5,89,1207
1063,165,6,111,1207
1064,165,7,1096,1207
1065,166,1,29,43
1066,166,3,14,43
1067,166,6,2,43
1068,166,7,41,43
1069,167,1,2,9
1070,167,3,5,9
1071,167,4,2,9
1072,167,6,1,9
1073,167,7,8,9
1074,168,1,207,755
1075,168,2,26,755
1076,168,3,447,755
1077,168,4,75,755
1078,168,6,223,755
1079,168,7,532,755
1080,169,1,152,184
1081,169,2,3,184
1082,169,3,22,184
1083,169,4,2,184
1084,169,5,5,184
1085,169,6,7,184
1086,169,7,177,184
1087,170,1,12,48
1088,170,2,11,48
1089,170,3,10,48
1090,170,4,3,48
1091,170,5,12,48
1092,170,6,9,48
1093,170,7,39,48
1094,171,1,620,892
1095,171,2,26,892
1096,171,3,195,892
1097,171,4,34,892
1098,171,5,17,892
1099,171,6,141,892
1100,171,7,751,892
1101,172,1,47,54
1102,172,2,1,54
1103,172,3,6,54
1104,172,6,12,54
1105,172,7,42,54
1106,173,1,1,33
1107,173,2,9,33
1108,173,3,7,33
1109,173,4,2,33
1110,173,5,14,33
1111,173,6,10,33
1112,173,7,23,33
1113,174,1,10,43
1114,174,2,1,43
1115,174,3,18,43
1116,174,4,10,43
1117,174,5,4,43
1118,174,6,7,43
1119,174,7,36,43
1120,175,1,35,37
1121,175,3,2,37
1122,175,6,2,37
1123,175,7,35,37
1124,176,1,356,491
1125,176,3,107,491
1126,176,4,19,491
1127,176,5,9,491
1128,176,6,117,491
1129,176,7,374,491
1130,177,1,783,1566
1131,177,2,30,1566
1132,177,3,537,1566
1133,177,4,140,1566
1134,177,5,76,1566
1135,177,6,15,1566
1136,177,7,1551,1566
1137,178,1,42,64
1138,178,2,1,64
1139,178,3,18,64
1140,178,4,3,64
1141,178,6,4,64
1142,178,7,60,64
1143,179,1,1,44
1144,179,2,4,44
1145,179,3,10,44
1146,179,4,29,44
1147,179,6,36,44
1148,179,7,8,44
1149,180,1,466,1180
1150,180,2,22,1180
1151,180,3,432,1180
1152,180,4,147,1180
1153,180,5,113,1180
1154,180,6,102,1180
1155,180,7,1078,1180
1156,181,1,23,69
1157,181,2,3,69
1158,181,3,21,69
1159,181,4,3,69
1160,181,5,19,69
1161,181,6,22,69
1162,181,7,47,69
1163,182,1,235,303
1164,182,2,6,303
1165,182,3,45,303
1166,182,4,8,303
1167,182,5,9,303
1168,182,6,12,303
1169,182,7,291,303
1170,183,1,10,24
1171,183,3,10,24
1172,183,4,3,24
1173,183,5,1,24
1174,183,6,7,24
1175,183,7,17,24
1176,184,1,656,826
1177,184,2,16,826
1178,184,3,106,826
1179,184,4,32,826
1180,184,5,16,826
1181,184,6,8,826
1182,184,7,818,826
1183,185,1,519,1549
1184,185,2,17,1549
1185,185,3,813,1549
1186,185,4,27,1549
1187,185,5,173,1549
1188,185,6,51,1549
1189,185,7,1498,1549
1190,186,1,344,1098
1191,186,2,189,1098
1192,186,3,482,1098
1193,186,4,50,1098
1194,186,5,33,1098
1195,186,6,172,1098
1196,186,7,926,1098
1197,187,1,96,184
1198,187,2,1,184
1199,187,3,79,184
1200,187,4,7,184
1201,187,5,1,184
1202,187,6,79,184
1203,187,7,105,184
1204,188,1,448,496
1205,188,2,4,496
1206,188,3,34,496
1207,188,4,6,496
1208,188,5,4,496
1209,188,6,39,496
1210,188,7,457,496
1211,189,1,265,1203
1212,189,2,138,1203
1213,189,3,553,1203
1214,189,4,224,1203
1215,189,5,23,1203
1216,189,6,92,1203
1217,189,7,1111,1203
1218,190,1,587,1096
1219,190,2,43,1096
1220,190,3,337,1096
1221,190,4,42,1096
1222,190,5,87,1096
1223,190,6,54,1096
1224,190,7,1042,1096
1225,191,1,763,1182
1226,191,2,29,1182
1227,191,3,138,1182
1228,191,4,76,1182
1229,191,5,176,1182
1230,191,6,58,1182
1231,191,7,1124,1182
1232,192,1,22,35
1233,192,3,13,35
1234,192,6,3,35
1235,192,7,32,35
1236,193,1,6,20
1237,193,2,4,20
1238,193,3,1,20
1239,193,4,7,20
1240,193,5,2,20
1241,193,6,15,20
1242,193,7,5,20
1243,194,1,7,39
1244,194,2,6,39
1245,194,3,13,39
1246,194,4,7,39
1247,194,5,6,39
1248,194,6,14,39
1249,194,7,25,39
1250,195,1,81,272
1251,195,2,18,272
1252,195,3,113,272
1253,195,4,47,272
1254,195,5,13,272
1255,195,6,21,272
1256,195,7,251,272
1257,196,1,54,61
1258,196,3,7,61
1259,196,6,4,61
1260,196,7,57,61
1261,197,1,1170,1612
1262,197,2,48,1612
1263,197,3,320,1612
1264,197,4,42,1612
1265,197,5,32,1612
1266,197,6,192,1612
1267,197,7,1420,1612
1268,198,1,72,233
1269,198,2,24,233
1270,198,3,68,233
1271,198,4,65,233
1272,198,5,4,233
1273,198,6,8,233
1274,198,7,225,233
1275,199,1,613,1089
1276,199,2,22,1089
1277,199,3,319,1089
1278,199,4,33,1089
1279,199,5,102,1089
1280,199,6,12,1089
1281,199,7,1077,1089
1282,200,1,224,254
1283,200,3,30,254
1284,200,6,10,254
1285,200,7,244,254
1286,201,1,410,497
1287,201,3,59,497
1288,201,4,19,497
1289,201,5,9,497
1290,201,6,44,497
1291,201,7,453,497
1292,202,1,239,1144
1293,202,2,10,1144
1294,202,3,554,1144
1295,202,4,254,1144
1296,202,5,87,1144
1297,202,6,54,1144
1298,202,7,1090,1144
1299,203,1,171,393
1300,203,2,7,393
1301,203,3,171,393
1302,203,4,25,393
1303,203,5,19,393
1304,203,6,89,393
1305,203,7,304,393
1306,204,1,12,16
1307,204,3,4,16
1308,204,6,1,16
1309,204,7,15,16
1310,205,1,1076,1599
1311,205,2,16,1599
1312,205,3,417,1599
1313,205,4,42,1599
1314,205,5,48,1599
1315,205,6,16,1599
1316,205,7,1583,1599
1317,206,1,182,219
1318,206,2,4,219
1319,206,3,33,219
1320,206,6,66,219
1321,206,7,153,219
1322,207,1,824,1092
1323,207,2,32,1092
1324,207,3,162,1092
1325,207,4,42,1092
1326,207,5,32,1092
1327,207,6,43,1092
1328,207,7,1049,1092
1329,208,1,30,96
1330,208,2,11,96
1331,208,3,25,96
1332,208,4,29,96
1333,208,5,1,96
1334,208,6,18,96
1335,208,7,78,96
1336,209,1,377,1037
1337,209,2,10,1037
1338,209,3,540,1037
1339,209,4,80,1037
1340,209,5,30,1037
1341,209,6,10,1037
1342,209,7,1027,1037
1343,210,1,520,700
1344,210,2,7,700
1345,210,3,154,700
1346,210,4,19,700
1347,210,6,14,700
1348,210,7,686,700
1349,211,1,155,182
1350,211,2,1,182
1351,211,3,25,182
1352,211,5,1,182
1353,211,6,3,182
1354,211,7,179,182
1355,212,1,897,1153
1356,212,2,23,1153
1357,212,3,207,1153
1358,212,4,15,1153
1359,212,5,11,1153
1360,212,6,92,1153
1361,212,7,1061,1153
1362,213,1,131,150
1363,213,3,16,150
1364,213,4,2,150
1365,213,5,1,150
1366,213,6,39,150
1367,213,7,111,150
1368,214,1,297,394
1369,214,2,7,394
1370,214,3,79,394
1371,214,5,11,394
1372,214,6,182,394
1373,214,7,212,394
1374,215,1,787,1011
1375,215,2,20,1011
1376,215,3,204,1011
1377,215,6,92,1011
1378,215,7,919,1011
1379,216,1,792,1736
1380,216,2,86,1736
1381,216,3,740,1736
1382,216,4,67,1736
1383,216,5,51,1736
1384,216,6,17,1736
1385,216,7,1719,1736
1386,217,1,4,17
1387,217,2,1,17
1388,217,3,9,17
1389,217,4,3,17
1390,217,7,17,17
1391,218,1,231,394
1392,218,2,7,394
1393,218,3,137,394
1394,218,4,4,394
1395,218,5,15,394
1396,218,6,39,394
1397,218,7,355,394
1398,219,1,983,1561
1399,219,2,76,1561
1400,219,3,184,1561
1401,219,4,180,1561
1402,219,5,138,1561
1403,219,6,27,1561
1404,219,7,1534,1561
1405,220,1,3,19
1406,220,2,1,19
1407,220,3,8,19
1408,220,4,4,19
1409,220,5,3,19
1410,220,6,3,19
1411,220,7,16,19
1412,221,2,4,15
1413,221,3,5,15
1414,221,4,6,15
1415,221,6,4,15
1416,221,7,11,15
1417,222,1,562,1085
1418,222,2,21,1085
1419,222,3,464,1085
1420,222,4,28,1085
1421,222,5,10,1085
1422,222,6,32,1085
1423,222,7,1053,1085
1424,223,1,5,48
1425,223,2,9,48
1426,223,3,20,48
1427,223,4,6,48
1428,223,5,8,48
1429,223,6,21,48
1430,223,7,27,48
1431,224,1,18,22
1432,224,3,4,22
1433,224,6,1,22
1434,224,7,21,22
1435,225,1,415,594
1436,225,2,5,594
1437,225,3,124,594
1438,225,4,15,594
1439,225,5,35,594
1440,225,6,11,594
1441,225,7,583,594
1442,226,1,5,37
1443,226,2,3,37
1444,226,3,10,37
1445,226,4,12,37
1446,226,5,7,37
1447,226,6,20,37
1448,226,7,17,37
1449,227,1,901,2068
1450,227,2,61,2068
1451,227,3,757,2068
1452,227,4,186,2068
1453,227,5,163,2068
1454,227,6,20,2068
1455,227,7,2048,2068
1456,228,1,382,971
1457,228,2,114,971
1458,228,3,276,971
1459,228,4,75,971
1460,228,5,124,971
1461,228,6,38,971
1462,228,7,933,971
1463,229,1,14,25
1464,229,2,1,25
1465,229,3,7,25
1466,229,4,2,25
1467,229,5,1,25
1468,229,6,1,25
1469,229,7,24,25
1470,230,1,559,1446
1471,230,2,153,1446
1472,230,3,503,1446
1473,230,4,218,1446
1474,230,5,13,1446
1475,230,6,181,1446
1476,230,7,1265,1446
1477,231,1,789,950
1478,231,3,133,950
1479,231,5,28,950
1480,231,6,152,950
1481,231,7,798,950
1482,232,1,11,16
1483,232,3,5,16
1484,232,6,1,16
1485,232,7,15,16
1486,233,1,1218,1610
1487,233,2,16,1610
1488,233,3,272,1610
1489,233,4,104,1610
1490,233,6,80,1610
1491,233,7,1530,1610
1492,234,1,925,1313
1493,234,2,64,1313
1494,234,3,179,1313
1495,234,4,133,1313
1496,234,5,12,1313
1497,234,6,77,1313
1498,234,7,1236,1313
1499,235,1,864,1954
1500,235,2,134,1954
1501,235,3,768,1954
1502,235,4,150,1954
1503,235,5,38,1954
1504,235,6,172,1954
1505,235,7,1782,1954
1506,236,1,960,1461
1507,236,2,28,1461
1508,236,3,183,1461
1509,236,4,220,1461
1510,236,5,70,1461
1511,236,6,70,1461
1512,236,7,1391,1461
1513,237,1,16,51
1514,237,2,3,51
1515,237,3,25,51
1516,237,4,6,51
1517,237,5,1,51
1518,237,6,13,51
1519,237,7,38,51
1520,238,1,3,15
1521,238,2,3,15
1522,238,3,7,15
1523,238,5,2,15
1524,238,6,11,15
1525,238,7,4,15
1526,239,1,168,964
1527,239,2,148,964
1528,239,3,444,964
1529,239,4,32,964
1530,239,5,172,964
1531,239,6,148,964
1532,239,7,816,964
1533,240,1,45,185
1534,240,2,47,185
1535,240,3,52,185
1536,240,4,21,185
1537,240,5,20,185
1538,240,6,25,185
1539,240,7,160,185
1540,241,1,650,1118
1541,241,2,28,1118
1542,241,3,353,1118
1543,241,4,45,1118
1544,241,5,42,1118
1545,241,6,30,1118
1546,241,7,1088,1118
1547,242,1,24,32
1548,242,3,8,32
1549,242,6,1,32
1550,242,7,31,32
1551,243,1,918,1080
1552,243,2,21,1080
1553,243,3,118,1080
1554,243,4,13,1080
1555,243,5,10,1080
1556,243,6,21,1080
1557,243,7,1059,1080
1558,244,1,138,310
1559,244,2,33,310
1560,244,3,87,310
1561,244,4,28,310
1562,244,5,24,310
1563,244,6,12,310
1564,244,7,298,310
1565,245,1,12,34
1566,245,2,4,34
1567,245,3,2,34
1568,245,4,10,34
1569,245,5,6,34
1570,245,6,10,34
1571,245,7,24,34
1572,246,1,11,15
1573,246,3,4,15
1574,246,6,2,15
1575,246,7,13,15
1576,247,1,1,18
1577,247,2,2,18
1578,247,3,8,18
1579,247,4,4,18
1580,247,5,3,18
1581,247,6,13,18
1582,247,7,5,18
1583,248,1,554,821
1584,248,2,41,821
1585,248,3,215,821
1586,248,4,11,821
1587,248,6,24,821
1588,248,7,797,821
1589,249,1,167,268
1590,249,2,2,268
1591,249,3,62,268
1592,249,4,24,268
1593,249,5,13,268
1594,249,6,7,268
1595,249,7,261,268
1596,250,1,9,20
1597,250,3,6,20
1598,250,4,4,20
1599,250,5,1,20
1600,250,6,5,20
1601,250,7,15,20
1602,251,1,177,255
1603,251,2,2,255
1604,251,3,71,255
1605,251,4,3,255
1606,251,5,2,255
1607,251,6,20,255
1608,251,7,235,255
1609,252,1,38,70
1610,252,2,4,70
1611,252,3,22,70
1612,252,4,4,70
1613,252,5,2,70
1614,252,6,20,70
1615,252,7,50,70
1616,253,1,483,1254
1617,253,2,84,1254
1618,253,3,398,1254
1619,253,4,205,1254
1620,253,5,84,1254
1621,253,6,241,1254
1622,253,7,1013,1254
1623,254,1,77,115
1624,254,2,2,115
1625,254,3,35,115
1626,254,5,1,115
1627,254,6,69,115
1628,254,7,46,115
1629,255,1,182,865
1630,255,2,74,865
1631,255,3,298,865
1632,255,4,162,865
1633,255,5,149,865
1634,255,6,116,865
1635,255,7,749,865
1636,256,1,10,46
1637,256,2,7,46
1638,256,3,19,46
1639,256,4,8,46
1640,256,5,2,46
1641,256,6,21,46
1642,256,7,25,46
1643,257,1,778,1489
1644,257,2,44,1489
1645,257,3,499,1489
1646,257,4,95,1489
1647,257,5,73,1489
1648,257,6,146,1489
1649,257,7,1343,1489
1650,258,1,16,54
1651,258,2,7,54
1652,258,3,23,54
1653,258,5,8,54
1654,258,6,6,54
1655,258,7,48,54
1656,259,1,167,218
1657,259,3,43,218
1658,259,4,6,218
1659,259,5,2,218
1660,259,6,13,218
1661,259,7,205,218
1662,260,1,13,44
1663,260,2,2,44
1664,260,3,14,44
1665,260,4,8,44
1666,260,5,7,44
1667,260,6,4,44
1668,260,7,40,44
1669,261,1,33,89
1670,261,2,6,89
1671,261,3,40,89
1672,261,4,3,89
1673,261,5,7,89
1674,261,6,10,89
1675,261,7,79,89
1676,262,1,625,763
1677,262,2,7,763
1678,262,3,99,763
1679,262,4,10,763
1680,262,5,22,763
1681,262,6,7,763
1682,262,7,756,763
1683,263,1,216,795
1684,263,2,162,795
1685,263,3,224,795
1686,263,4,101,795
1687,263,5,92,795
1688,263,6,162,795
1689,263,7,633,795
1690,264,1,68,803
1691,264,2,129,803
1692,264,3,396,803
1693,264,4,188,803
1694,264,5,22,803
1695,264,6,15,803
1696,264,7,788,803
1697,265,1,196,871
1698,265,3,512,871
1699,265,4,33,871
1700,265,5,130,871
1701,265,6,54,871
1702,265,7,817,871
1703,266,1,635,777
1704,266,2,15,777
1705,266,3,100,777
1706,266,4,20,777
1707,266,5,7,777
1708,266,6,131,777
1709,266,7,646,777
1710,267,1,4,85
1711,267,2,19,85
1712,267,3,9,85
1713,267,4,28,85
1714,267,5,25,85
1715,267,6,17,85
1716,267,7,68,85
1717,268,1,297,394
1718,268,2,7,394
1719,268,3,79,394
1720,268,5,11,394
1721,268,6,182,394
1722,268,7,212,394
1723,269,1,84,289
1724,269,2,5,289
1725,269,3,38,289
1726,269,4,150,289
1727,269,5,12,289
1728,269,6,28,289
1729,269,7,261,289
1730,270,1,204,395
1731,270,2,7,395
1732,270,3,149,395
1733,270,4,20,395
1734,270,5,15,395
1735,270,6,66,395
1736,270,7,329,395
1737,271,1,26,34
1738,271,3,8,34
1739,271,6,3,34
1740,271,7,31,34
1741,272,1,15,50
1742,272,2,6,50
1743,272,3,20,50
1744,272,4,4,50
1745,272,5,5,50
1746,272,6,20,50
1747,272,7,30,50
1748,273,1,304,856
1749,273,2,98,856
1750,273,3,230,856
1751,273,4,150,856
1752,273,5,74,856
1753,273,6,74,856
1754,273,7,782,856
1755,274,1,285,724
1756,274,2,28,724
1757,274,3,242,724
1758,274,4,55,724
1759,274,5,114,724
1760,274,6,135,724
1761,274,7,589,724
1762,275,1,395,1450
1763,275,2,183,1450
1764,275,3,565,1450
1765,275,4,166,1450
1766,275,5,141,1450
1767,275,6,28,1450
1768,275,7,1422,1450
1769,276,1,248,339
1770,276,2,3,339
1771,276,3,81,339
1772,276,4,4,339
1773,276,5,3,339
1774,276,6,51,339
1775,276,7,288,339
1776,277,1,20,40
1777,277,2,6,40
1778,277,3,5,40
1779,277,5,9,40
1780,277,6,12,40
1781,277,7,28,40
1782,278,1,39,123
1783,278,3,56,123
1784,278,4,20,123
1785,278,5,8,123
1786,278,6,14,123
1787,278,7,109,123
1788,279,1,777,1716
1789,279,2,129,1716
1790,279,3,573,1716
1791,279,4,216,1716
1792,279,5,21,1716
1793,279,6,203,1716
1794,279,7,1513,1716
1795,280,1,8,55
1796,280,2,3,55
1797,280,3,22,55
1798,280,4,21,55
1799,280,5,1,55
1800,280,6,13,55
1801,280,7,42,55
1802,281,1,9,17
1803,281,2,1,17
1804,281,3,3,17
1805,281,5,4,17
1806,281,6,8,17
1807,281,7,9,17
1808,282,1,1241,1334
1809,282,3,80,1334
1810,282,5,13,1334
1811,282,6,40,1334
1812,282,7,1294,1334
1813,283,1,6,24
1814,283,2,4,24
1815,283,3,7,24
1816,283,4,4,24
1817,283,5,3,24
1818,283,6,8,24
1819,283,7,16,24
1820,284,1,65,89
1821,284,2,4,89
1822,284,3,16,89
1823,284,5,4,89
1824,284,6,11,89
1825,284,7,78,89
1826,285,1,395,787
1827,285,2,15,787
1828,285,3,263,787
1829,285,4,60,787
1830,285,5,54,787
1831,285,6,38,787
1832,285,7,749,787
1833,286,1,801,881
1834,286,3,80,881
1835,286,6,35,881
1836,286,7,846,881
1837,287,1,36,52
1838,287,3,12,52
1839,287,4,2,52
1840,287,5,2,52
1841,287,6,10,52
1842,287,7,42,52
1843,288,1,513,700
1844,288,2,14,700
1845,288,3,154,700
1846,288,4,19,700
1847,288,6,28,700
1848,288,7,672,700
1849,289,1,37,90
1850,289,3,46,90
1851,289,4,4,90
1852,289,5,3,90
1853,289,7,90,90
1854,290,1,80,221
1855,290,2,15,221
1856,290,3,93,221
1857,290,4,20,221
1858,290,5,13,221
1859,290,6,52,221
1860,290,7,169,221
1861,291,1,14,41
1862,291,2,1,41
1863,291,3,21,41
1864,291,4,2,41
1865,291,5,3,41
1866,291,6,25,41
1867,291,7,16,41
1868,292,1,525,1150
1869,292,2,147,1150
1870,292,3,112,1150
1871,292,4,219,1150
1872,292,5,147,1150
1873,292,6,63,1150
1874,292,7,1087,1150
1875,293,1,1,92
1876,293,2,26,92
1877,293,3,25,92
1878,293,4,17,92
1879,293,5,23,92
1880,293,6,15,92
1881,293,7,77,92
1882,294,1,675,1146
1883,294,2,11,1146
1884,294,3,400,1146
1885,294,4,15,1146
1886,294,5,45,1146
1887,294,6,11,1146
1888,294,7,1135,1146
1889,295,1,509,536
1890,295,3,27,536
1891,295,6,10,536
1892,295,7,526,536
1893,296,1,154,226
1894,296,2,2,226
1895,296,3,46,226
1896,296,4,20,226
1897,296,5,4,226
1898,296,6,15,226
1899,296,7,211,226
1900,297,1,3,36
1901,297,2,5,36
1902,297,3,14,36
1903,297,4,2,36
1904,297,5,12,36
1905,297,6,17,36
1906,297,7,19,36
1907,298,1,25,35
1908,298,3,8,35
1909,298,4,2,35
1910,298,6,2,35
1911,298,7,33,35
1912,299,1,768,1494
1913,299,2,44,1494
1914,299,3,561,1494
1915,299,4,77,1494
1916,299,5,44,1494
1917,299,6,14,1494
1918,299,7,1480,1494
1919,300,1,185,218
1920,300,3,28,218
1921,300,4,3,218
1922,300,5,2,218
1923,300,6,17,218
1924,300,7,201,218
1925,301,1,24,31
1926,301,3,7,31
1927,301,6,1,31
1928,301,7,30,31
1929,302,1,44,75
1930,302,2,4,75
1931,302,3,21,75
1932,302,4,6,75
1933,302,6,27,75
1934,302,7,48,75
1935,303,1,91,351
1936,303,2,64,351
1937,303,3,128,351
1938,303,4,65,351
1939,303,5,3,351
1940,303,6,50,351
1941,303,7,301,351
1942,304,1,11,22
1943,304,3,7,22
1944,304,4,3,22
1945,304,5,1,22
1946,304,6,6,22
1947,304,7,16,22
1948,305,1,412,603
1949,305,2,5,603
1950,305,3,119,603
1951,305,4,38,603
1952,305,5,29,603
1953,305,6,77,603
1954,305,7,526,603
1955,306,1,3,21
1956,306,2,3,21
1957,306,3,7,21
1958,306,4,6,21
1959,306,5,2,21
1960,306,6,9,21
1961,306,7,12,21
1962,307,1,16,19
1963,307,3,3,19
1964,307,6,1,19
1965,307,7,18,19
1966,308,1,731,1234
1967,308,2,60,1234
1968,308,3,353,1234
1969,308,4,78,1234
1970,308,5,12,1234
1971,308,6,73,1234
1972,308,7,1161,1234
1973,309,1,424,589
1974,309,2,17,589
1975,309,3,118,589
1976,309,4,7,589
1977,309,5,23,589
1978,309,6,41,589
1979,309,7,548,589
1980,310,1,792,1157
1981,310,3,275,1157
1982,310,4,45,1157
1983,310,5,45,1157
1984,310,6,126,1157
1985,310,7,1031,1157
1986,311,1,21,56
1987,311,2,2,56
1988,311,3,28,56
1989,311,4,3,56
1990,311,5,2,56
1991,311,6,9,56
1992,311,7,47,56
1993,312,1,22,35
1994,312,2,1,35
1995,312,3,11,35
1996,312,5,1,35
1997,312,6,2,35
1998,312,7,33,35
1999,313,1,33,38
2000,313,3,5,38
2001,313,7,38,38
2002,314,1,68,149
2003,314,2,7,149
2004,314,3,59,149
2005,314,4,10,149
2006,314,5,5,149
2007,314,6,11,149
2008,314,7,138,149
2009,315,1,9,19
2010,315,2,1,19
2011,315,3,6,19
2012,315,4,3,19
2013,315,6,4,19
2014,315,7,15,19
2015,316,1,40,65
2016,316,2,2,65
2017,316,3,15,65
2018,316,4,8,65
2019,316,6,6,65
2020,316,7,59,65
2021,317,1,909,1138
2022,317,2,11,1138
2023,317,3,218,1138
2024,317,6,23,1138
2025,317,7,1115,1138
2026,318,1,23,41
2027,318,2,1,41
2028,318,3,13,41
2029,318,4,2,41
2030,318,5,2,41
2031,318,6,18,41
2032,318,7,23,41
2033,319,1,11,25
2034,319,2,2,25
2035,319,3,9,25
2036,319,4,3,25
2037,319,6,8,25
2038,319,7,17,25
2039,320,1,317,807
2040,320,2,46,807
2041,320,3,247,807
2042,320,4,151,807
2043,320,5,46,807
2044,320,6,139,807
2045,320,7,668,807
2046,321,1,797,1412
2047,321,2,153,1412
2048,321,3,293,1412
2049,321,4,72,1412
2050,321,5,97,1412
2051,321,6,30,1412
2052,321,7,1382,1412
2053,322,1,10,41
2054,322,2,2,41
2055,322,3,16,41
2056,322,4,11,41
2057,322,5,2,41
2058,322,6,21,41
2059,322,7,20,41
2060,323,1,856,1552
2061,323,2,61,1552
2062,323,3,570,1552
2063,323,4,40,1552
2064,323,5,25,1552
2065,323,6,122,1552
2066,323,7,1430,1552
2067,324,1,456,1500
2068,324,2,19,1500
2069,324,3,832,1500
2070,324,4,75,1500
2071,324,5,118,1500
2072,324,6,38,1500
2073,324,7,1462,1500
2074,325,1,37,121
2075,325,2,32,121
2076,325,3,38,121
2077,325,4,11,121
2078,325,5,3,121
2079,325,6,18,121
2080,325,7,103,121
2081,326,1,1103,1148
2082,326,3,45,1148
2083,326,6,34,1148
2084,326,7,1114,1148
2085,327,1,378,493
2086,327,2,14,493
2087,327,3,68,493
2088,327,4,19,493
2089,327,5,14,493
2090,327,6,14,493
2091,327,7,479,493
2092,328,1,1,15
2093,328,2,6,15
2094,328,3,7,15
2095,328,5,1,15
2096,328,6,3,15
2097,328,7,12,15
2098,329,1,204,767
2099,329,2,34,767
2100,329,3,204,767
2101,329,4,172,767
2102,329,5,153,767
2103,329,6,173,767
2104,329,7,594,767
2105,330,1,30,39
2106,330,3,9,39
2107,330,6,3,39
2108,330,7,36,39
2109,331,1,189,972
2110,331,2,104,972
2111,331,3,379,972
2112,331,4,111,972
2113,331,5,189,972
2114,331,6,218,972
2115,331,7,754,972
2116,332,1,15,37
2117,332,3,12,37
2118,332,4,7,37
2119,332,5,3,37
2120,332,6,7,37
2121,332,7,30,37
2122,333,1,9,12
2123,333,3,3,12
2124,333,6,4,12
2125,333,7,8,12
2126,334,1,495,827
2127,334,2,33,827
2128,334,3,255,827
2129,334,4,11,827
2130,334,5,33,827
2131,334,6,8,827
2132,334,7,819,827
2133,335,1,656,1350
2134,335,2,80,1350
2135,335,3,455,1350
2136,335,4,52,1350
2137,335,5,107,1350
2138,335,6,93,1350
2139,335,7,1257,1350
2140,336,1,452,1029
2141,336,2,20,1029
2142,336,3,514,1029
2143,336,4,13,1029
2144,336,5,30,1029
2145,336,7,1029,1029
2146,337,1,546,1166
2147,337,2,91,1166
2148,337,3,410,1166
2149,337,4,119,1166
2150,337,6,22,1166
2151,337,7,1144,1166
2152,338,1,1048,1265
2153,338,3,217,1265
2154,338,6,12,1265
2155,338,7,1253,1265
2156,339,1,22,39
2157,339,2,2,39
2158,339,3,14,39
2159,339,5,1,39
2160,339,6,10,39
2161,339,7,29,39
2162,340,1,78,89
2163,340,3,11,89
2164,340,6,10,89
2165,340,7,79,89
2166,341,1,561,1622
2167,341,2,64,1622
2168,341,3,785,1622
2169,341,4,84,1622
2170,341,5,128,1622
2171,341,6,48,1622
2172,341,7,1574,1622
2173,342,1,629,892
2174,342,2,17,892
2175,342,3,177,892
2176,342,4,69,892
2177,342,6,8,892
2178,342,7,884,892
2179,343,1,269,387
2180,343,2,15,387
2181,343,3,69,387
2182,343,4,15,387
2183,343,5,19,387
2184,343,6,38,387
2185,343,7,349,387
2186,344,1,736,2092
2187,344,2,163,2092
2188,344,3,818,2092
2189,344,4,212,2092
2190,344,5,163,2092
2191,344,6,61,2092
2192,344,7,2031,2092
2193,345,1,512,595
2194,345,3,83,595
2195,345,6,41,595
2196,345,7,554,595
2197,346,1,19,51
2198,346,2,3,51
2199,346,3,10,51
2200,346,4,11,51
2201,346,5,8,51
2202,346,6,6,51
2203,346,7,45,51
2204,347,1,9,20
2205,347,3,6,20
2206,347,4,4,20
2207,347,5,1,20
2208,347,6,5,20
2209,347,7,15,20
2210,348,1,247,429
2211,348,2,8,429
2212,348,3,160,429
2213,348,4,6,429
2214,348,5,8,429
2215,348,6,65,429
2216,348,7,364,429
2217,349,1,404,551
2218,349,3,92,551
2219,349,4,28,551
2220,349,5,27,551
2221,349,6,142,551
2222,349,7,409,551
2223,350,1,333,1319
2224,350,3,815,1319
2225,350,4,129,1319
2226,350,5,42,1319
2227,350,6,29,1319
2228,350,7,1290,1319
2229,351,1,2,42
2230,351,2,3,42
2231,351,3,20,42
2232,351,4,6,42
2233,351,5,11,42
2234,351,6,9,42
2235,351,7,33,42
2236,352,1,833,1699
2237,352,2,33,1699
2238,352,3,549,1699
2239,352,4,151,1699
2240,352,5,133,1699
2241,352,6,233,1699
2242,352,7,1466,1699
2243,353,1,789,952
2244,353,3,142,952
2245,353,4,12,952
2246,353,5,9,952
2247,353,6,38,952
2248,353,7,914,952
2249,354,1,10,27
2250,354,2,4,27
2251,354,3,7,27
2252,354,5,6,27
2253,354,6,3,27
2254,354,7,24,27
2255,355,1,159,216
2256,355,2,4,216
2257,355,3,45,216
2258,355,4,6,216
2259,355,5,2,216
2260,355,6,38,216
2261,355,7,178,216
2262,356,1,7,18
2263,356,2,1,18
2264,356,3,6,18
2265,356,4,3,18
2266,356,5,1,18
2267,356,6,11,18
2268,356,7,7,18
2269,357,1,977,1270
2270,357,2,12,1270
2271,357,3,253,1270
2272,357,4,16,1270
2273,357,5,12,1270
2274,357,6,101,1270
2275,357,7,1169,1270
2276,358,1,38,70
2277,358,2,4,70
2278,358,3,22,70
2279,358,4,3,70
2280,358,5,3,70
2281,358,6,3,70
2282,358,7,67,70
2283,359,1,57,84
2284,359,3,27,84
2285,359,6,36,84
2286,359,7,48,84
2287,360,1,3,42
2288,360,2,9,42
2289,360,3,15,42
2290,360,4,13,42
2291,360,5,2,42
2292,360,6,39,42
2293,360,7,3,42
2294,361,1,10,36
2295,361,2,4,36
2296,361,3,14,36
2297,361,4,4,36
2298,361,5,4,36
2299,361,6,1,36
2300,361,7,35,36
2301,362,1,1043,1220
2302,362,2,24,1220
2303,362,3,97,1220
2304,362,4,32,1220
2305,362,5,24,1220
2306,362,6,157,1220
2307,362,7,1063,1220
2308,363,1,3,39
2309,363,2,9,39
2310,363,3,13,39
2311,363,4,2,39
2312,363,5,12,39
2313,363,6,12,39
2314,363,7,27,39
2315,364,1,11,16
2316,364,3,5,16
2317,364,6,1,16
2318,364,7,15,16
2319,365,1,3,16
2320,365,2,6,16
2321,365,3,5,16
2322,365,5,2,16
2323,365,6,6,16
2324,365,7,10,16
2325,366,1,43,269
2326,366,2,12,269
2327,366,3,96,269
2328,366,4,78,269
2329,366,5,40,269
2330,366,6,55,269
2331,366,7,214,269
2332,367,1,73,179
2333,367,2,3,179
2334,367,3,90,179
2335,367,4,12,179
2336,367,5,1,179
2337,367,6,32,179
2338,367,7,147,179
2339,368,1,12,13
2340,368,3,1,13
2341,368,6,6,13
2342,368,7,7,13
2343,369,1,4,28
2344,369,2,7,28
2345,369,3,7,28
2346,369,4,6,28
2347,369,5,4,28
2348,369,6,13,28
2349,369,7,15,28
2350,370,1,314,385
2351,370,2,11,385
2352,370,3,53,385
2353,370,4,4,385
2354,370,5,3,385
2355,370,6,107,385
2356,370,7,278,385
2357,371,1,571,846
2358,371,2,50,846
2359,371,3,142,846
2360,371,4,33,846
2361,371,5,50,846
2362,371,6,159,846
2363,371,7,687,846
2364,372,1,70,91
2365,372,3,11,91
2366,372,4,2,91
2367,372,5,8,91
2368,372,6,23,91
2369,372,7,68,91
2370,373,1,866,1087
2371,373,2,21,1087
2372,373,3,151,1087
2373,373,4,28,1087
2374,373,5,21,1087
2375,373,6,86,1087
2376,373,7,1001,1087
2377,374,1,594,1681
2378,374,2,134,1681
2379,374,3,786,1681
2380,374,4,33,1681
2381,374,5,134,1681
2382,374,6,57,1681
2383,374,7,1624,1681
2384,375,1,140,218
2385,375,2,4,218
2386,375,3,61,218
2387,375,5,13,218
2388,375,6,4,218
2389,375,7,214,218
2390,376,1,375,1046
2391,376,2,152,1046
2392,376,3,335,1046
2393,376,4,93,1046
2394,376,5,91,1046
2395,376,6,81,1046
2396,376,7,965,1046
2397,377,1,102,185
2398,377,2,9,185
2399,377,3,63,185
2400,377,4,2,185
2401,377,5,9,185
2402,377,6,24,185
2403,377,7,161,185
2404,378,1,554,709
2405,378,2,35,709
2406,378,3,113,709
2407,378,5,7,709
2408,378,6,78,709
2409,378,7,631,709
2410,379,1,919,1553
2411,379,3,505,1553
2412,379,4,99,1553
2413,379,5,30,1553
2414,379,6,45,1553
2415,379,7,1508,1553
2416,380,1,96,154
2417,380,2,1,154
2418,380,3,42,154
2419,380,4,12,154
2420,380,5,3,154
2421,380,6,32,154
2422,380,7,122,154
2423,381,1,5,28
2424,381,2,2,28
2425,381,3,16,28
2426,381,4,3,28
2427,381,5,2,28
2428,381,6,19,28
2429,381,7,9,28
2430,382,1,2,22
2431,382,3,6,22
2432,382,4,8,22
2433,382,5,6,22
2434,382,6,5,22
2435,382,7,17,22
2436,383,1,6,61
2437,383,2,4,61
2438,383,3,9,61
2439,383,4,6,61
2440,383,5,36,61
2441,383,6,35,61
2442,383,7,26,61
2443,384,1,23,57
2444,384,2,1,57
2445,384,3,25,57
2446,384,5,8,57
2447,384,6,7,57
2448,384,7,50,57
2449,385,1,610,1019
2450,385,2,105,1019
2451,385,3,125,1019
2452,385,4,137,1019
2453,385,5,42,1019
2454,385,6,21,1019
2455,385,7,998,1019
2456,386,1,67,144
2457,386,2,5,144
2458,386,3,61,144
2459,386,4,3,144
2460,386,5,8,144
2461,386,6,19,144
2462,386,7,125,144
2463,387,1,65,233
2464,387,2,36,233
2465,387,3,74,233
2466,387,4,38,233
2467,387,5,20,233
2468,387,6,110,233
2469,387,7,123,233
2470,388,1,416,442
2471,388,3,26,442
2472,388,6,4,442
2473,388,7,438,442
2474,389,1,23,39
2475,389,3,11,39
2476,389,4,3,39
2477,389,5,2,39
2478,389,6,2,39
2479,389,7,37,39
2480,390,1,19,67
2481,390,2,3,67
2482,390,3,26,67
2483,390,4,10,67
2484,390,5,9,67
2485,390,6,3,67
2486,390,7,64,67
2487,391,1,155,262
2488,391,2,7,262
2489,391,3,80,262
2490,391,4,13,262
2491,391,5,7,262
2492,391,6,10,262
2493,391,7,252,262
2494,392,1,14,44
2495,392,3,24,44
2496,392,4,3,44
2497,392,5,3,44
2498,392,6,2,44
2499,392,7,42,44
2500,393,1,370,486
2501,393,2,9,486
2502,393,3,92,486
2503,393,4,6,486
2504,393,5,9,486
2505,393,6,4,486
2506,393,7,482,486
2507,394,1,4,47
2508,394,2,22,47
2509,394,3,11,47
2510,394,4,3,47
2511,394,5,7,47
2512,394,6,32,47
2513,394,7,15,47
2514,395,1,407,889
2515,395,2,53,889
2516,395,3,221,889
2517,395,4,58,889
2518,395,5,150,889
2519,395,6,26,889
2520,395,7,863,889
2521,396,1,1200,1471
2522,396,3,204,1471
2523,396,4,38,1471
2524,396,5,29,1471
2525,396,6,14,1471
2526,396,7,1457,1471
2527,397,1,85,363
2528,397,2,44,363
2529,397,3,54,363
2530,397,4,102,363
2531,397,5,78,363
2532,397,6,6,363
2533,397,7,357,363
2534,398,1,583,948
2535,398,2,34,948
2536,398,3,309,948
2537,398,5,22,948
2538,398,6,125,948
2539,398,7,823,948
2540,399,1,483,1230
2541,399,3,591,1230
2542,399,4,156,1230
2543,399,6,12,1230
2544,399,7,1218,1230
2545,400,1,2,50
2546,400,2,5,50
2547,400,3,9,50
2548,400,4,28,50
2549,400,5,6,50
2550,400,6,28,50
2551,400,7,22,50
2552,401,1,966,1352
2553,401,2,26,1352
2554,401,3,282,1352
2555,401,4,52,1352
2556,401,5,26,1352
2557,401,6,26,1352
2558,401,7,1326,1352
2559,402,1,822,1360
2560,402,2,114,1360
2561,402,3,108,1360
2562,402,4,179,1360
2563,402,5,137,1360
2564,402,6,114,1360
2565,402,7,1246,1360
2566,403,1,604,723
2567,403,3,100,723
2568,403,4,19,723
2569,403,6,28,723
2570,403,7,695,723
2571,404,1,19,45
2572,404,2,3,45
2573,404,3,19,45
2574,404,4,3,45
2575,404,5,1,45
2576,404,6,3,45
2577,404,7,42,45
2578,405,1,5,36
2579,405,2,3,36
2580,405,3,11,36
2581,405,4,12,36
2582,405,5,5,36
2583,405,6,9,36
2584,405,7,27,36
2585,406,1,2,9
2586,406,2,2,9
2587,406,3,2,9
2588,406,4,2,9
2589,406,5,1,9
2590,406,6,1,9
2591,406,7,8,9
2592,407,1,1076,1367
2593,407,2,68,1367
2594,407,3,103,1367
2595,407,4,29,1367
2596,407,5,91,1367
2597,407,6,68,1367
2598,407,7,1299,1367
2599,408,1,1285,2098
2600,408,2,42,2098
2601,408,3,716,2098
2602,408,4,55,2098
2603,408,6,21,2098
2604,408,7,2077,2098
2605,409,1,10,19
2606,409,3,7,19
2607,409,4,2,19
2608,409,6,1,19
2609,409,7,18,19
2610,410,1,551,1762
2611,410,2,137,1762
2612,410,3,792,1762
2613,410,4,179,1762
2614,410,5,103,1762
2615,410,6,33,1762
2616,410,7,1729,1762
2617,411,1,800,1131
2618,411,3,297,1131
2619,411,5,34,1131
2620,411,6,57,1131
2621,411,7,1074,1131
2622,412,1,2,31
2623,412,2,2,31
2624,412,3,11,31
2625,412,4,10,31
2626,412,5,6,31
2627,412,6,12,31
2628,412,7,19,31
2629,413,1,378,836
2630,413,3,189,836
2631,413,4,97,836
2632,413,5,172,836
2633,413,6,172,836
2634,413,7,664,836
2635,414,1,1248,1672
2636,414,2,16,1672
2637,414,3,349,1672
2638,414,4,43,1672
2639,414,5,16,1672
2640,414,6,16,1672
2641,414,7,1656,1672
2642,415,1,235,493
2643,415,3,235,493
2644,415,4,19,493
2645,415,5,4,493
2646,415,6,191,493
2647,415,7,302,493
2648,416,1,515,987
2649,416,2,47,987
2650,416,3,181,987
2651,416,4,149,987
2652,416,5,95,987
2653,416,6,95,987
2654,416,7,892,987
2655,417,1,438,954
2656,417,2,66,954
2657,417,3,400,954
2658,417,4,12,954
2659,417,5,38,954
2660,417,6,114,954
2661,417,7,840,954
2662,418,1,25,52
2663,418,3,22,52
2664,418,4,2,52
2665,418,5,3,52
2666,418,6,5,52
2667,418,7,47,52
2668,419,1,31,40
2669,419,3,7,40
2670,419,4,2,40
2671,419,6,6,40
2672,419,7,34,40
2673,420,1,357,719
2674,420,2,35,719
2675,420,3,271,719
2676,420,4,28,719
2677,420,5,28,719
2678,420,6,14,719
2679,420,7,705,719
2680,421,1,400,445
2681,421,2,4,445
2682,421,3,35,445
2683,421,4,6,445
2684,421,6,22,445
2685,421,7,423,445
2686,422,1,99,117
2687,422,3,15,117
2688,422,4,2,117
2689,422,5,1,117
2690,422,6,5,117
2691,422,7,112,117
2692,423,1,1,27
2693,423,2,11,27
2694,423,3,5,27
2695,423,4,4,27
2696,423,5,6,27
2697,423,6,9,27
2698,423,7,18,27
2699,424,1,5,30
2700,424,2,4,30
2701,424,3,13,30
2702,424,4,8,30
2703,424,6,4,30
2704,424,7,26,30
2705,425,1,77,152
2706,425,2,28,152
2707,425,3,31,152
2708,425,4,16,152
2709,425,6,4,152
2710,425,7,148,152
2711,426,1,3,13
2712,426,2,1,13
2713,426,3,2,13
2714,426,4,4,13
2715,426,5,3,13
2716,426,6,1,13
2717,426,7,12,13
2718,427,1,10,36
2719,427,2,4,36
2720,427,3,14,36
2721,427,4,4,36
2722,427,5,4,36
2723,427,6,1,36
2724,427,7,35,36
2725,428,2,6,22
2726,428,3,3,22
2727,428,4,7,22
2728,428,5,6,22
2729,428,6,12,22
2730,428,7,10,22
2731,429,3,1,15
2732,429,4,2,15
2733,429,5,12,15
2734,429,6,5,15
2735,429,7,10,15
2736,430,1,76,182
2737,430,2,14,182
2738,430,3,74,182
2739,430,4,13,182
2740,430,5,5,182
2741,430,6,10,182
2742,430,7,172,182
2743,431,1,398,1342
2744,431,2,190,1342
2745,431,3,537,1342
2746,431,4,61,1342
2747,431,5,156,1342
2748,431,6,37,1342
2749,431,7,1305,1342
2750,432,1,14,43
2751,432,2,7,43
2752,432,3,11,43
2753,432,4,11,43
2754,432,6,5,43
2755,432,7,38,43
2756,433,1,208,393
2757,433,2,7,393
2758,433,3,82,393
2759,433,4,30,393
2760,433,5,66,393
2761,433,6,35,393
2762,433,7,358,393
2763,434,1,430,835
2764,434,2,16,835
2765,434,3,322,835
2766,434,4,43,835
2767,434,5,24,835
2768,434,6,33,835
2769,434,7,802,835
2770,435,1,656,964
2771,435,2,38,964
2772,435,3,161,964
2773,435,4,62,964
2774,435,5,47,964
2775,435,6,37,964
2776,435,7,927,964
2777,436,1,14,56
2778,436,2,2,56
2779,436,3,30,56
2780,436,4,8,56
2781,436,5,2,56
2782,436,6,3,56
2783,436,7,53,56
2784,437,1,141,408
2785,437,2,70,408
2786,437,3,106,408
2787,437,4,72,408
2788,437,5,19,408
2789,437,6,23,408
2790,437,7,385,408
2791,438,1,507,962
2792,438,2,19,962
2793,438,3,364,962
2794,438,4,25,962
2795,438,5,47,962
2796,438,6,9,962
2797,438,7,953,962
2798,439,1,164,306
2799,439,2,24,306
2800,439,3,103,306
2801,439,4,12,306
2802,439,5,3,306
2803,439,6,42,306
2804,439,7,264,306
2805,440,1,606,1995
2806,440,2,24,1995
2807,440,3,974,1995
2808,440,4,197,1995
2809,440,5,194,1995
2810,440,6,64,1995
2811,440,7,1931,1995
2812,441,1,116,219
2813,441,2,11,219
2814,441,3,72,219
2815,441,4,3,219
2816,441,5,17,219
2817,441,6,46,219
2818,441,7,173,219
2819,442,1,143,265
2820,442,2,15,265
2821,442,3,60,265
2822,442,4,24,265
2823,442,5,23,265
2824,442,6,5,265
2825,442,7,260,265
2826,443,1,398,1257
2827,443,2,96,1257
2828,443,3,447,1257
2829,443,4,220,1257
2830,443,5,96,1257
2831,443,6,32,1257
2832,443,7,1225,1257
2833,444,1,522,827
2834,444,3,257,827
2835,444,4,32,827
2836,444,5,16,827
2837,444,6,66,827
2838,444,7,761,827
2839,445,1,161,804
2840,445,3,253,804
2841,445,4,199,804
2842,445,5,191,804
2843,445,6,122,804
2844,445,7,682,804
2845,446,1,112,121
2846,446,3,6,121
2847,446,4,2,121
2848,446,5,1,121
2849,446,6,14,121
2850,446,7,107,121
2851,447,1,483,1254
2852,447,2,84,1254
2853,447,3,398,1254
2854,447,4,205,1254
2855,447,5,84,1254
2856,447,6,241,1254
2857,447,7,1013,1254
2858,448,1,7,83
2859,448,2,5,83
2860,448,3,39,83
2861,448,4,17,83
2862,448,5,15,83
2863,448,6,37,83
2864,448,7,46,83
2865,449,1,789,1288
2866,449,2,25,1288
2867,449,3,420,1288
2868,449,4,16,1288
2869,449,5,38,1288
2870,449,7,1288,1288
2871,450,1,1239,1726
2872,450,2,17,1726
2873,450,3,413,1726
2874,450,4,23,1726
2875,450,5,34,1726
2876,450,6,17,1726
2877,450,7,1709,1726
2878,451,1,4,12
2879,451,2,1,12
2880,451,3,5,12
2881,451,4,2,12
2882,451,6,3,12
2883,451,7,9,12
2884,452,1,335,537
2885,452,2,42,537
2886,452,3,127,537
2887,452,4,28,537
2888,452,5,5,537
2889,452,6,5,537
2890,452,7,532,537
2891,453,1,639,832
2892,453,2,8,832
2893,453,3,166,832
2894,453,4,11,832
2895,453,5,8,832
2896,453,6,58,832
2897,453,7,774,832
2898,454,1,563,1299
2899,454,2,76,1299
2900,454,3,384,1299
2901,454,4,84,1299
2902,454,5,192,1299
2903,454,6,89,1299
2904,454,7,1210,1299
2905,455,1,2,14
2906,455,3,8,14
2907,455,4,2,14
2908,455,5,2,14
2909,455,6,3,14
2910,455,7,11,14
2911,456,1,746,898
2912,456,2,8,898
2913,456,3,125,898
2914,456,4,11,898
2915,456,5,8,898
2916,456,6,8,898
2917,456,7,890,898
2918,457,1,22,40
2919,457,2,1,40
2920,457,3,13,40
2921,457,4,4,40
2922,457,6,4,40
2923,457,7,36,40
2924,458,1,4,16
2925,458,2,1,16
2926,458,3,6,16
2927,458,4,4,16
2928,458,5,1,16
2929,458,6,9,16
2930,458,7,7,16
2931,459,1,478,856
2932,459,3,193,856
2933,459,4,110,856
2934,459,5,75,856
2935,459,6,117,856
2936,459,7,739,856
2937,460,1,20,29
2938,460,2,3,29
2939,460,3,4,29
2940,460,4,2,29
2941,460,6,2,29
2942,460,7,27,29
2943,461,1,451,494
2944,461,3,39,494
2945,461,5,4,494
2946,461,6,24,494
2947,461,7,470,494
2948,462,1,371,438
2949,462,2,22,438
2950,462,3,39,438
2951,462,4,6,438
2952,462,6,92,438
2953,462,7,346,438
2954,463,1,281,387
2955,463,2,7,387
2956,463,3,84,387
2957,463,4,15,387
2958,463,6,119,387
2959,463,7,268,387
2960,464,1,19,46
2961,464,2,7,46
2962,464,3,19,46
2963,464,5,1,46
2964,464,6,24,46
2965,464,7,22,46
2966,465,1,26,54
2967,465,2,3,54
2968,465,3,13,54
2969,465,4,2,54
2970,465,5,10,54
2971,465,7,54,54
2972,466,1,138,224
2973,466,2,15,224
2974,466,3,35,224
2975,466,4,25,224
2976,466,5,11,224
2977,466,6,72,224
2978,466,7,152,224
2979,467,1,213,261
2980,467,2,2,261
2981,467,3,44,261
2982,467,5,2,261
2983,467,6,5,261
2984,467,7,256,261
2985,468,1,407,729
2986,468,2,28,729
2987,468,3,100,729
2988,468,4,120,729
2989,468,5,74,729
2990,468,6,18,729
2991,468,7,711,729
2992,469,1,483,877
2993,469,2,74,877
2994,469,3,114,877
2995,469,4,169,877
2996,469,5,37,877
2997,469,6,18,877
2998,469,7,859,877
2999,470,1,738,1003
3000,470,3,232,1003
3001,470,4,13,1003
3002,470,5,20,1003
3003,470,6,50,1003
3004,470,7,953,1003
3005,471,1,502,645
3006,471,2,12,645
3007,471,3,109,645
3008,471,4,16,645
3009,471,5,6,645
3010,471,6,90,645
3011,471,7,555,645
3012,472,1,11,19
3013,472,3,5,19
3014,472,4,2,19
3015,472,5,1,19
3016,472,6,1,19
3017,472,7,18,19
3018,473,1,24,191
3019,473,2,1,191
3020,473,3,108,191
3021,473,4,29,191
3022,473,5,29,191
3023,473,6,14,191
3024,473,7,177,191
3025,474,1,1170,1958
3026,474,2,19,1958
3027,474,3,594,1958
3028,474,4,99,1958
3029,474,5,76,1958
3030,474,6,134,1958
3031,474,7,1824,1958
3032,475,1,185,295
3033,475,2,2,295
3034,475,3,88,295
3035,475,4,15,295
3036,475,5,5,295
3037,475,6,14,295
3038,475,7,281,295
3039,476,1,983,1682
3040,476,2,20,1682
3041,476,3,389,1682
3042,476,4,240,1682
3043,476,5,50,1682
3044,476,6,40,1682
3045,476,7,1642,1682
3046,477,1,691,770
3047,477,3,69,770
3048,477,4,10,770
3049,477,6,130,770
3050,477,7,640,770
3051,478,1,504,656
3052,478,2,13,656
3053,478,3,131,656
3054,478,4,8,656
3055,478,6,26,656
3056,478,7,630,656
3057,479,1,317,651
3058,479,2,25,651
3059,479,3,265,651
3060,479,4,25,651
3061,479,5,19,651
3062,479,6,12,651
3063,479,7,639,651
3064,480,1,29,41
3065,480,2,1,41
3066,480,3,9,41
3067,480,4,2,41
3068,480,6,2,41
3069,480,7,39,41
3070,481,1,1396,1799
3071,481,3,322,1799
3072,481,4,46,1799
3073,481,5,35,1799
3074,481,6,17,1799
3075,481,7,1782,1799
3076,482,1,529,976
3077,482,3,356,976
3078,482,4,63,976
3079,482,5,28,976
3080,482,7,976,976
3081,483,1,388,725
3082,483,2,14,725
3083,483,3,218,725
3084,483,4,91,725
3085,483,5,14,725
3086,483,6,21,725
3087,483,7,704,725
3088,484,1,13,40
3089,484,2,2,40
3090,484,3,21,40
3091,484,4,4,40
3092,484,6,24,40
3093,484,7,16,40
3094,485,1,28,32
3095,485,3,4,32
3096,485,7,32,32
3097,486,1,16,155
3098,486,2,36,155
3099,486,3,21,155
3100,486,4,20,155
3101,486,5,62,155
3102,486,6,108,155
3103,486,7,47,155
3104,487,1,1047,1292
3105,487,3,140,1292
3106,487,4,67,1292
3107,487,5,38,1292
3108,487,6,153,1292
3109,487,7,1139,1292
3110,488,1,31,40
3111,488,3,7,40
3112,488,4,2,40
3113,488,6,6,40
3114,488,7,34,40
3115,489,1,815,1102
3116,489,2,10,1102
3117,489,3,239,1102
3118,489,4,28,1102
3119,489,5,10,1102
3120,489,6,108,1102
3121,489,7,994,1102
3122,490,1,225,916
3123,490,2,162,916
3124,490,3,387,916
3125,490,4,106,916
3126,490,5,36,916
3127,490,6,29,916
3128,490,7,887,916
3129,491,1,493,1073
3130,491,2,70,1073
3131,491,3,324,1073
3132,491,4,146,1073
3133,491,5,40,1073
3134,491,6,84,1073
3135,491,7,989,1073
3136,492,1,34,117
3137,492,2,4,117
3138,492,3,66,117
3139,492,4,3,117
3140,492,5,10,117
3141,492,6,20,117
3142,492,7,97,117
3143,493,1,382,671
3144,493,2,138,671
3145,493,3,65,671
3146,493,4,60,671
3147,493,5,26,671
3148,493,6,59,671
3149,493,7,612,671
3150,494,1,127,185
3151,494,2,1,185
3152,494,3,56,185
3153,494,5,1,185
3154,494,6,31,185
3155,494,7,154,185
3156,495,1,325,852
3157,495,2,83,852
3158,495,3,300,852
3159,495,4,86,852
3160,495,5,58,852
3161,495,6,91,852
3162,495,7,761,852
3163,496,1,238,341
3164,496,2,17,341
3165,496,3,68,341
3166,496,4,8,341
3167,496,5,10,341
3168,496,6,6,341
3169,496,7,335,341
3170,497,1,1168,1869
3171,497,2,92,1869
3172,497,3,408,1869
3173,497,4,72,1869
3174,497,5,129,1869
3175,497,6,55,1869
3176,497,7,1814,1869
3177,498,1,284,345
3178,498,3,55,345
3179,498,5,6,345
3180,498,6,52,345
3181,498,7,293,345
3182,499,1,1288,2062
3183,499,2,20,2062
3184,499,3,613,2062
3185,499,4,80,2062
3186,499,5,61,2062
3187,499,6,27,2062
3188,499,7,2035,2062
3189,500,1,65,118
3190,500,3,46,118
3191,500,4,4,118
3192,500,5,3,118
3193,500,6,20,118
3194,500,7,98,118
3195,501,1,11,31
3196,501,2,7,31
3197,501,3,9,31
3198,501,4,3,31
3199,501,5,1,31
3200,501,6,11,31
3201,501,7,20,31
3202,502,1,227,702
3203,502,2,23,702
3204,502,3,389,702
3205,502,4,42,702
3206,502,5,21,702
3207,502,6,75,702
3208,502,7,627,702
3209,503,1,1035,1902
3210,503,2,134,1902
3211,503,3,670,1902
3212,503,4,25,1902
3213,503,5,38,1902
3214,503,7,1902,1902
3215,504,1,27,42
3216,504,2,1,42
3217,504,3,12,42
3218,504,4,2,42
3219,504,6,10,42
3220,504,7,32,42
3221,505,1,982,1476
3222,505,2,73,1476
3223,505,3,351,1476
3224,505,4,56,1476
3225,505,5,14,1476
3226,505,6,175,1476
3227,505,7,1301,1476
3228,506,1,179,300
3229,506,2,2,300
3230,506,3,64,300
3231,506,4,38,300
3232,506,5,17,300
3233,506,6,58,300
3234,506,7,242,300
3235,507,1,1379,1661
3236,507,2,33,1661
3237,507,3,216,1661
3238,507,5,33,1661
3239,507,6,66,1661
3240,507,7,1595,1661
3241,508,1,32,125
3242,508,2,1,125
3243,508,3,64,125
3244,508,4,16,125
3245,508,5,12,125
3246,508,6,85,125
3247,508,7,40,125
3248,509,1,8,40
3249,509,2,4,40
3250,509,3,15,40
3251,509,4,7,40
3252,509,5,6,40
3253,509,6,2,40
3254,509,7,38,40
3255,510,1,881,1279
3256,510,2,38,1279
3257,510,3,319,1279
3258,510,4,16,1279
3259,510,5,25,1279
3260,510,6,12,1279
3261,510,7,1267,1279
3262,511,1,141,407
3263,511,2,15,407
3264,511,3,153,407
3265,511,4,67,407
3266,511,5,31,407
3267,511,6,35,407
3268,511,7,372,407
3269,512,1,1000,1775
3270,512,2,155,1775
3271,512,3,379,1775
3272,512,4,224,1775
3273,512,5,17,1775
3274,512,6,120,1775
3275,512,7,1655,1775
3276,513,1,206,340
3277,513,2,10,340
3278,513,3,67,340
3279,513,4,30,340
3280,513,5,27,340
3281,513,6,71,340
3282,513,7,269,340
3283,514,1,162,460
3284,514,2,61,460
3285,514,3,83,460
3286,514,4,97,460
3287,514,5,57,460
3288,514,6,61,460
3289,514,7,399,460
3290,515,1,619,1114
3291,515,2,54,1114
3292,515,3,260,1114
3293,515,4,127,1114
3294,515,5,54,1114
3295,515,6,54,1114
3296,515,7,1060,1114
3297,516,1,456,484
3298,516,2,4,484
3299,516,3,24,484
3300,516,6,9,484
3301,516,7,475,484
3302,517,1,112,222
3303,517,2,6,222
3304,517,3,92,222
3305,517,4,3,222
3306,517,5,9,222
3307,517,6,38,222
3308,517,7,184,222
3309,518,1,11,40
3310,518,2,3,40
3311,518,3,22,40
3312,518,4,2,40
3313,518,5,2,40
3314,518,6,6,40
3315,518,7,34,40
3316,519,1,172,304
3317,519,2,12,304
3318,519,3,112,304
3319,519,4,8,304
3320,519,6,15,304
3321,519,7,289,304
3322,520,1,78,89
3323,520,3,11,89
3324,520,6,7,89
3325,520,7,82,89
3326,521,1,464,1032
3327,521,2,151,1032
3328,521,3,292,1032
3329,521,4,65,1032
3330,521,5,60,1032
3331,521,6,30,1032
3332,521,7,1002,1032
3333,522,1,99,226
3334,522,2,4,226
3335,522,3,32,226
3336,522,4,37,226
3337,522,5,54,226
3338,522,6,6,226
3339,522,7,220,226
3340,523,1,19,50
3341,523,2,3,50
3342,523,3,19,50
3343,523,4,4,50
3344,523,5,5,50
3345,523,6,26,50
3346,523,7,24,50
3347,524,1,1,32
3348,524,2,9,32
3349,524,3,8,32
3350,524,4,11,32
3351,524,5,3,32
3352,524,6,22,32
3353,524,7,10,32
3354,525,1,63,182
3355,525,2,10,182
3356,525,3,83,182
3357,525,4,7,182
3358,525,5,19,182
3359,525,6,19,182
3360,525,7,163,182
3361,526,1,252,304
3362,526,2,3,304
3363,526,3,42,304
3364,526,4,4,304
3365,526,5,3,304
3366,526,6,102,304
3367,526,7,202,304
3368,527,1,1478,1919
3369,527,2,19,1919
3370,527,3,403,1919
3371,527,5,19,1919
3372,527,7,1919,1919
3373,528,1,198,608
3374,528,2,18,608
3375,528,3,252,608
3376,528,4,32,608
3377,528,5,108,608
3378,528,6,54,608
3379,528,7,554,608
3380,529,1,8,35
3381,529,2,4,35
3382,529,3,10,35
3383,529,4,6,35
3384,529,5,7,35
3385,529,6,6,35
3386,529,7,29,35
3387,530,1,416,1554
3388,530,2,46,1554
3389,530,3,925,1554
3390,530,4,60,1554
3391,530,5,107,1554
3392,530,6,46,1554
3393,530,7,1508,1554
3394,531,1,42,124
3395,531,2,7,124
3396,531,3,43,124
3397,531,4,20,124
3398,531,5,12,124
3399,531,6,10,124
3400,531,7,114,124
3401,532,1,14,41
3402,532,2,3,41
3403,532,3,21,41
3404,532,4,2,41
3405,532,5,1,41
3406,532,6,28,41
3407,532,7,13,41
3408,533,1,17,20
3409,533,3,3,20
3410,533,6,1,20
3411,533,7,19,20
3412,534,1,15,36
3413,534,2,4,36
3414,534,3,10,36
3415,534,4,3,36
3416,534,5,4,36
3417,534,6,18,36
3418,534,7,18,36
3419,535,1,6,57
3420,535,2,16,57
3421,535,3,24,57
3422,535,4,11,57
3423,535,6,34,57
3424,535,7,23,57
3425,536,1,458,492
3426,536,3,24,492
3427,536,4,6,492
3428,536,5,4,492
3429,536,6,34,492
3430,536,7,458,492
3431,537,1,30,120
3432,537,2,3,120
3433,537,3,47,120
3434,537,4,19,120
3435,537,5,21,120
3436,537,6,42,120
3437,537,7,78,120
3438,538,1,179,961
3439,538,2,28,961
3440,538,3,520,961
3441,538,4,111,961
3442,538,5,123,961
3443,538,6,47,961
3444,538,7,914,961
3445,539,1,90,225
3446,539,2,17,225
3447,539,3,97,225
3448,539,4,15,225
3449,539,5,6,225
3450,539,6,15,225
3451,539,7,210,225
3452,540,1,308,677
3453,540,2,85,677
3454,540,3,137,677
3455,540,4,102,677
3456,540,5,45,677
3457,540,6,118,677
3458,540,7,559,677
3459,541,1,557,1661
3460,541,2,129,1661
3461,541,3,761,1661
3462,541,4,29,1661
3463,541,5,185,1661
3464,541,6,111,1661
3465,541,7,1550,1661
3466,542,1,7,47
3467,542,2,4,47
3468,542,3,13,47
3469,542,4,15,47
3470,542,5,8,47
3471,542,6,17,47
3472,542,7,30,47
3473,543,1,1492,1924
3474,543,2,38,1924
3475,543,3,287,1924
3476,543,4,50,1924
3477,543,5,57,1924
3478,543,6,33,1924
3479,543,7,1891,1924
3480,544,1,30,66
3481,544,2,8,66
3482,544,3,12,66
3483,544,4,8,66
3484,544,5,8,66
3485,544,6,12,66
3486,544,7,54,66
3487,545,1,249,1534
3488,545,2,153,1534
3489,545,3,940,1534
3490,545,4,58,1534
3491,545,5,134,1534
3492,545,6,38,1534
3493,545,7,1496,1534
3494,546,1,465,758
3495,546,2,25,758
3496,546,3,132,758
3497,546,4,136,758
3498,546,6,37,758
3499,546,7,721,758
3500,547,1,129,806
3501,547,2,129,806
3502,547,3,259,806
3503,547,4,168,806
3504,547,5,121,806
3505,547,6,83,806
3506,547,7,723,806
3507,548,1,174,307
3508,548,2,18,307
3509,548,3,81,307
3510,548,4,28,307
3511,548,5,6,307
3512,548,6,24,307
3513,548,7,283,307
3514,549,1,189,225
3515,549,2,2,225
3516,549,3,29,225
3517,549,4,3,225
3518,549,5,2,225
3519,549,6,40,225
3520,549,7,185,225
3521,550,1,747,1023
3522,550,2,10,1023
3523,550,3,161,1023
3524,550,4,65,1023
3525,550,5,40,1023
3526,550,6,42,1023
3527,550,7,981,1023
3528,551,1,6,10
3529,551,3,2,10
3530,551,4,2,10
3531,551,6,1,10
3532,551,7,9,10
3533,552,1,14,17
3534,552,3,3,17
3535,552,6,4,17
3536,552,7,13,17
3537,553,1,12,16
3538,553,3,4,16
3539,553,6,1,16
3540,553,7,15,16
3541,554,1,98,263
3542,554,3,106,263
3543,554,4,49,263
3544,554,5,10,263
3545,554,6,106,263
3546,554,7,157,263
3547,555,1,32,37
3548,555,3,5,37
3549,555,6,1,37
3550,555,7,36,37
3551,556,1,51,153
3552,556,2,12,153
3553,556,3,49,153
3554,556,4,17,153
3555,556,5,24,153
3556,556,6,24,153
3557,556,7,129,153
3558,557,1,200,259
3559,557,2,5,259
3560,557,3,44,259
3561,557,5,10,259
3562,557,6,20,259
3563,557,7,239,259
3564,558,1,25,62
3565,558,2,6,62
3566,558,3,25,62
3567,558,4,6,62
3568,558,7,62,62
3569,559,1,1050,1206
3570,559,2,12,1206
3571,559,3,144,1206
3572,559,6,24,1206
3573,559,7,1182,1206
3574,560,1,117,152
3575,560,3,22,152
3576,560,4,13,152
3577,560,6,30,152
3578,560,7,122,152
3579,561,1,9,42
3580,561,2,4,42
3581,561,3,17,42
3582,561,4,10,42
3583,561,5,2,42
3584,561,6,7,42
3585,561,7,35,42
3586,562,1,56,67
3587,562,3,11,67
3588,562,6,8,67
3589,562,7,59,67
3590,563,1,145,223
3591,563,2,13,223
3592,563,3,46,223
3593,563,4,17,223
3594,563,5,2,223
3595,563,6,4,223
3596,563,7,219,223
3597,564,1,203,213
3598,564,3,10,213
3599,564,6,2,213
3600,564,7,211,213
3601,565,1,270,345
3602,565,2,3,345
3603,565,3,27,345
3604,565,4,39,345
3605,565,5,6,345
3606,565,6,99,345
3607,565,7,246,345
3608,566,1,9,37
3609,566,3,16,37
3610,566,4,6,37
3611,566,5,6,37
3612,566,6,10,37
3613,566,7,27,37
3614,567,1,37,91
3615,567,2,12,91
3616,567,3,23,91
3617,567,4,8,91
3618,567,5,11,91
3619,567,6,52,91
3620,567,7,39,91
3621,568,1,46,53
3622,568,3,7,53
3623,568,6,2,53
3624,568,7,51,53
3625,569,1,31,54
3626,569,2,1,54
3627,569,3,13,54
3628,569,4,7,54
3629,569,5,2,54
3630,569,6,9,54
3631,569,7,45,54
3632,570,1,1060,1643
3633,570,2,21,1643
3634,570,3,530,1643
3635,570,4,32,1643
3636,570,6,224,1643
3637,570,7,1419,1643
3638,571,1,264,600
3639,571,2,47,600
3640,571,3,188,600
3641,571,4,54,600
3642,571,5,47,600
3643,571,6,11,600
3644,571,7,589,600
3645,572,1,399,443
3646,572,2,4,443
3647,572,3,30,443
3648,572,4,6,443
3649,572,5,4,443
3650,572,6,30,443
3651,572,7,413,443
3652,573,1,8,33
3653,573,2,9,33
3654,573,3,9,33
3655,573,4,2,33
3656,573,5,5,33
3657,573,6,22,33
3658,573,7,11,33
3659,574,1,19,64
3660,574,3,35,64
3661,574,4,6,64
3662,574,5,4,64
3663,574,6,17,64
3664,574,7,47,64
3665,575,1,817,2066
3666,575,2,183,2066
3667,575,3,797,2066
3668,575,4,106,2066
3669,575,5,163,2066
3670,575,6,20,2066
3671,575,7,2046,2066
3672,576,1,292,1313
3673,576,2,127,1313
3674,576,3,635,1313
3675,576,4,132,1313
3676,576,5,127,1313
3677,576,6,165,1313
3678,576,7,1148,1313
3679,577,1,12,33
3680,577,2,6,33
3681,577,3,2,33
3682,577,4,11,33
3683,577,5,2,33
3684,577,6,16,33
3685,577,7,17,33
3686,578,1,130,382
3687,578,2,30,382
3688,578,3,168,382
3689,578,4,20,382
3690,578,5,34,382
3691,578,7,382,382
3692,579,1,6,39
3693,579,2,4,39
3694,579,3,16,39
3695,579,4,3,39
3696,579,5,10,39
3697,579,6,30,39
3698,579,7,9,39
3699,580,1,16,54
3700,580,2,12,54
3701,580,3,18,54
3702,580,4,7,54
3703,580,5,1,54
3704,580,6,13,54
3705,580,7,41,54
3706,581,1,19,28
3707,581,3,9,28
3708,581,6,2,28
3709,581,7,26,28
3710,582,1,4,48
3711,582,2,7,48
3712,582,3,15,48
3713,582,4,13,48
3714,582,5,9,48
3715,582,6,15,48
3716,582,7,33,48
3717,583,1,31,75
3718,583,2,3,75
3719,583,3,31,75
3720,583,4,2,75
3721,583,5,8,75
3722,583,6,4,75
3723,583,7,71,75
3724,584,1,36,38
3725,584,3,2,38
3726,584,6,4,38
3727,584,7,34,38
3728,585,1,526,720
3729,585,2,28,720
3730,585,3,135,720
3731,585,4,10,720
3732,585,5,21,720
3733,585,6,99,720
3734,585,7,621,720
3735,586,1,400,1097
3736,586,2,32,1097
3737,586,3,519,1097
3738,586,4,71,1097
3739,586,5,75,1097
3740,586,6,54,1097
3741,586,7,1043,1097
3742,587,1,410,545
3743,587,2,16,545
3744,587,3,114,545
3745,587,5,5,545
3746,587,6,49,545
3747,587,7,496,545
3748,588,1,80,115
3749,588,2,3,115
3750,588,3,26,115
3751,588,4,4,115
3752,588,5,2,115
3753,588,6,14,115
3754,588,7,101,115
3755,589,1,88,149
3756,589,2,10,149
3757,589,3,46,149
3758,589,4,2,149
3759,589,5,3,149
3760,589,6,64,149
3761,589,7,85,149
3762,590,1,55,63
3763,590,3,6,63
3764,590,4,2,63
3765,590,6,4,63
3766,590,7,59,63
3767,591,1,5,27
3768,591,2,1,27
3769,591,3,13,27
3770,591,4,3,27
3771,591,5,5,27
3772,591,6,1,27
3773,591,7,26,27
3774,592,1,8,34
3775,592,2,4,34
3776,592,3,5,34
3777,592,4,15,34
3778,592,5,2,34
3779,592,6,11,34
3780,592,7,23,34
3781,593,1,410,1171
3782,593,3,592,1171
3783,593,4,147,1171
3784,593,5,22,1171
3785,593,6,22,1171
3786,593,7,1149,1171
3787,594,1,101,228
3788,594,2,13,228
3789,594,3,76,228
3790,594,4,20,228
3791,594,5,18,228
3792,594,6,40,228
3793,594,7,188,228
3794,595,1,162,256
3795,595,2,25,256
3796,595,3,53,256
3797,595,4,16,256
3798,595,6,10,256
3799,595,7,246,256
3800,596,1,2,22
3801,596,2,8,22
3802,596,3,1,22
3803,596,4,4,22
3804,596,5,7,22
3805,596,6,15,22
3806,596,7,7,22
3807,597,1,25,35
3808,597,3,8,35
3809,597,4,2,35
3810,597,6,2,35
3811,597,7,33,35
3812,598,1,389,841
3813,598,2,91,841
3814,598,3,248,841
3815,598,4,64,841
3816,598,5,49,841
3817,598,6,41,841
3818,598,7,800,841
3819,599,1,215,349
3820,599,2,13,349
3821,599,3,87,349
3822,599,4,17,349
3823,599,5,17,349
3824,599,6,24,349
3825,599,7,325,349
3826,600,1,27,32
3827,600,3,5,32
3828,600,6,3,32
3829,600,7,29,32
3830,601,1,5,32
3831,601,2,6,32
3832,601,3,10,32
3833,601,4,6,32
3834,601,5,5,32
3835,601,6,10,32
3836,601,7,22,32
3837,602,1,179,300
3838,602,2,8,300
3839,602,3,83,300
3840,602,4,19,300
3841,602,5,11,300
3842,602,6,26,300
3843,602,7,274,300
3844,603,1,352,389
3845,603,3,27,389
3846,603,4,10,389
3847,603,6,15,389
3848,603,7,374,389
3849,604,1,17,63
3850,604,2,8,63
3851,604,3,12,63
3852,604,4,11,63
3853,604,5,15,63
3854,604,6,32,63
3855,604,7,31,63
3856,605,1,625,904
3857,605,2,35,904
3858,605,3,169,904
3859,605,4,58,904
3860,605,5,17,904
3861,605,6,35,904
3862,605,7,869,904
3863,606,1,10,31
3864,606,2,6,31
3865,606,3,11,31
3866,606,5,4,31
3867,606,6,2,31
3868,606,7,29,31
3869,607,1,390,874
3870,607,2,22,874
3871,607,3,323,874
3872,607,4,104,874
3873,607,5,35,874
3874,607,6,107,874
3875,607,7,767,874
3876,608,1,10,30
3877,608,2,2,30
3878,608,3,15,30
3879,608,4,2,30
3880,608,5,1,30
3881,608,6,6,30
3882,608,7,24,30
3883,609,1,215,1047
3884,609,2,63,1047
3885,609,3,507,1047
3886,609,4,231,1047
3887,609,5,31,1047
3888,609,6,190,1047
3889,609,7,857,1047
3890,610,1,1001,1808
3891,610,2,17,1808
3892,610,3,572,1808
3893,610,4,93,1808
3894,610,5,125,1808
3895,610,6,17,1808
3896,610,7,1791,1808
3897,611,1,19,95
3898,611,2,18,95
3899,611,3,33,95
3900,611,4,24,95
3901,611,5,1,95
3902,611,6,8,95
3903,611,7,87,95
3904,612,1,41,188
3905,612,2,5,188
3906,612,3,129,188
3907,612,4,10,188
3908,612,5,3,188
3909,612,6,3,188
3910,612,7,185,188
3911,613,1,1181,1556
3912,613,2,107,1556
3913,613,3,199,1556
3914,613,4,39,1556
3915,613,5,30,1556
3916,613,6,30,1556
3917,613,7,1526,1556
3918,614,1,603,909
3919,614,2,45,909
3920,614,3,207,909
3921,614,4,36,909
3922,614,5,18,909
3923,614,6,54,909
3924,614,7,855,909
3925,615,1,129,806
3926,615,2,129,806
3927,615,3,259,806
3928,615,4,168,806
3929,615,5,121,806
3930,615,6,83,806
3931,615,7,723,806
3932,616,1,10,63
3933,616,2,24,63
3934,616,3,15,63
3935,616,4,13,63
3936,616,5,1,63
3937,616,6,30,63
3938,616,7,33,63
3939,617,1,514,1508
3940,617,2,22,1508
3941,617,3,732,1508
3942,617,4,42,1508
3943,617,5,198,1508
3944,617,6,79,1508
3945,617,7,1429,1508
3946,618,1,14,15
3947,618,3,1,15
3948,618,6,1,15
3949,618,7,14,15
3950,619,1,387,1212
3951,619,2,20,1212
3952,619,3,713,1212
3953,619,4,38,1212
3954,619,5,54,1212
3955,619,6,163,1212
3956,619,7,1049,1212
3957,620,1,121,345
3958,620,2,103,345
3959,620,3,69,345
3960,620,4,8,345
3961,620,5,44,345
3962,620,6,48,345
3963,620,7,297,345
3964,621,1,965,1408
3965,621,2,69,1408
3966,621,3,279,1408
3967,621,4,54,1408
3968,621,5,41,1408
3969,621,6,69,1408
3970,621,7,1339,1408
3971,622,1,707,1106
3972,622,2,21,1106
3973,622,3,250,1106
3974,622,4,85,1106
3975,622,5,43,1106
3976,622,6,73,1106
3977,622,7,1033,1106
3978,623,1,571,846
3979,623,2,50,846
3980,623,3,142,846
3981,623,4,33,846
3982,623,5,50,846
3983,623,6,159,846
3984,623,7,687,846
3985,624,1,586,1322
3986,624,2,66,1322
3987,624,3,653,1322
3988,624,4,17,1322
3989,624,6,26,1322
3990,624,7,1296,1322
3991,625,1,1063,1282
3992,625,2,89,1282
3993,625,3,102,1282
3994,625,4,16,1282
3995,625,5,12,1282
3996,625,6,25,1282
3997,625,7,1257,1282
3998,626,1,305,342
3999,626,2,3,342
4000,626,3,27,342
4001,626,4,4,342
4002,626,5,3,342
4003,626,6,144,342
4004,626,7,198,342
4005,627,1,1200,2105
4006,627,2,105,2105
4007,627,3,758,2105
4008,627,5,42,2105
4009,627,6,147,2105
4010,627,7,1958,2105
4011,628,1,163,224
4012,628,2,2,224
4013,628,3,40,224
4014,628,4,8,224
4015,628,5,11,224
4016,628,6,11,224
4017,628,7,213,224
4018,629,1,1009,1517
4019,629,2,181,1517
4020,629,3,104,1517
4021,629,4,202,1517
4022,629,5,21,1517
4023,629,6,207,1517
4024,629,7,1310,1517
4025,630,1,125,216
4026,630,2,6,216
4027,630,3,73,216
4028,630,4,8,216
4029,630,5,4,216
4030,630,6,19,216
4031,630,7,197,216
4032,631,1,721,1042
4033,631,3,152,1042
4034,631,4,119,1042
4035,631,5,50,1042
4036,631,6,50,1042
4037,631,7,992,1042
4038,632,1,315,453
4039,632,2,4,453
4040,632,3,62,453
4041,632,4,41,453
4042,632,5,31,453
4043,632,6,146,453
4044,632,7,307,453
4045,633,1,1000,1970
4046,633,2,19,1970
4047,633,3,711,1970
4048,633,4,125,1970
4049,633,5,115,1970
4050,633,6,38,1970
4051,633,7,1932,1970
4052,634,1,16,42
4053,634,3,17,42
4054,634,4,6,42
4055,634,5,3,42
4056,634,6,6,42
4057,634,7,36,42
4058,635,1,757,1163
4059,635,2,80,1163
4060,635,3,217,1163
4061,635,4,29,1163
4062,635,5,80,1163
4063,635,6,11,1163
4064,635,7,1152,1163
4065,636,1,30,58
4066,636,2,2,58
4067,636,3,25,58
4068,636,5,1,58
4069,636,6,9,58
4070,636,7,49,58
4071,637,1,219,348
4072,637,2,3,348
4073,637,3,100,348
4074,637,4,26,348
4075,637,6,17,348
4076,637,7,331,348
4077,638,1,111,150
4078,638,2,3,150
4079,638,3,28,150
4080,638,4,2,150
4081,638,5,6,150
4082,638,6,15,150
4083,638,7,135,150
4084,639,1,45,185
4085,639,2,47,185
4086,639,3,52,185
4087,639,4,21,185
4088,639,5,20,185
4089,639,6,25,185
4090,639,7,160,185
4091,640,1,410,1024
4092,640,2,112,1024
4093,640,3,420,1024
4094,640,5,82,1024
4095,640,6,71,1024
4096,640,7,953,1024
4097,641,1,100,147
4098,641,2,1,147
4099,641,3,39,147
4100,641,4,6,147
4101,641,5,1,147
4102,641,6,76,147
4103,641,7,71,147
4104,642,1,509,592
4105,642,3,65,592
4106,642,4,7,592
4107,642,5,11,592
4108,642,6,5,592
4109,642,7,587,592
4110,643,1,3,16
4111,643,2,6,16
4112,643,3,5,16
4113,643,5,2,16
4114,643,6,6,16
4115,643,7,10,16
4116,644,1,445,913
4117,644,2,53,913
4118,644,3,213,913
4119,644,4,104,913
4120,644,5,98,913
4121,644,6,151,913
4122,644,7,762,913
4123,645,1,2,63
4124,645,2,2,63
4125,645,3,11,63
4126,645,4,41,63
4127,645,5,7,63
4128,645,6,11,63
4129,645,7,52,63
4130,646,1,4,24
4131,646,2,1,24
4132,646,3,11,24
4133,646,4,6,24
4134,646,5,2,24
4135,646,6,2,24
4136,646,7,22,24
4137,647,1,6,41
4138,647,2,1,41
4139,647,3,7,41
4140,647,4,23,41
4141,647,5,4,41
4142,647,6,19,41
4143,647,7,22,41
4144,648,1,14,17
4145,648,3,3,17
4146,648,6,3,17
4147,648,7,14,17
4148,649,1,1,44
4149,649,2,10,44
4150,649,3,11,44
4151,649,4,19,44
4152,649,5,3,44
4153,649,6,15,44
4154,649,7,29,44
4155,650,1,26,32
4156,650,3,6,32
4157,650,6,2,32
4158,650,7,30,32
4159,651,1,111,180
4160,651,2,16,180
4161,651,3,37,180
4162,651,4,7,180
4163,651,5,9,180
4164,651,6,18,180
4165,651,7,162,180
4166,652,1,418,1038
4167,652,2,61,1038
4168,652,3,428,1038
4169,652,4,80,1038
4170,652,5,51,1038
4171,652,6,10,1038
4172,652,7,1028,1038
4173,653,1,327,491
4174,653,2,9,491
4175,653,3,122,491
4176,653,4,19,491
4177,653,5,14,491
4178,653,6,83,491
4179,653,7,408,491
4180,654,1,371,888
4181,654,2,159,888
4182,654,3,194,888
4183,654,4,58,888
4184,654,5,106,888
4185,654,6,141,888
4186,654,7,747,888
4187,655,1,275,611
4188,655,2,59,611
4189,655,3,107,611
4190,655,4,69,611
4191,655,5,101,611
4192,655,6,59,611
4193,655,7,552,611
4194,656,1,789,952
4195,656,3,142,952
4196,656,4,12,952
4197,656,5,9,952
4198,656,6,38,952
4199,656,7,914,952
4200,657,1,1,10
4201,657,2,1,10
4202,657,3,5,10
4203,657,5,3,10
4204,657,6,1,10
4205,657,7,9,10
4206,658,1,1004,1205
4207,658,2,12,1205
4208,658,3,145,1205
4209,658,4,32,1205
4210,658,5,12,1205
4211,658,6,36,1205
4212,658,7,1169,1205
4213,659,1,187,485
4214,659,2,81,485
4215,659,3,149,485
4216,659,4,25,485
4217,659,5,43,485
4218,659,6,91,485
4219,659,7,394,485
4220,660,1,56,154
4221,660,2,4,154
4222,660,3,76,154
4223,660,4,17,154
4224,660,5,1,154
4225,660,6,18,154
4226,660,7,136,154
4227,661,1,365,658
4228,661,2,32,658
4229,661,3,117,658
4230,661,4,34,658
4231,661,5,110,658
4232,661,6,6,658
4233,661,7,652,658
4234,662,1,595,774
4235,662,2,23,774
4236,662,3,123,774
4237,662,4,10,774
4238,662,5,23,774
4239,662,6,154,774
4240,662,7,620,774
4241,663,1,1132,1959
4242,663,2,134,1959
4243,663,3,384,1959
4244,663,4,175,1959
4245,663,5,134,1959
4246,663,6,115,1959
4247,663,7,1844,1959
4248,664,1,34,422
4249,664,2,11,422
4250,664,3,137,422
4251,664,4,179,422
4252,664,5,61,422
4253,664,6,45,422
4254,664,7,377,422
4255,665,1,116,216
4256,665,2,6,216
4257,665,3,82,216
4258,665,4,6,216
4259,665,5,6,216
4260,665,6,41,216
4261,665,7,175,216
4262,666,1,565,1092
4263,666,2,32,1092
4264,666,3,435,1092
4265,666,4,28,1092
4266,666,5,32,1092
4267,666,6,54,1092
4268,666,7,1038,1092
4269,667,1,372,611
4270,667,2,18,611
4271,667,3,126,611
4272,667,4,47,611
4273,667,5,48,611
4274,667,6,78,611
4275,667,7,533,611
4276,668,1,899,2074
4277,668,2,102,2074
4278,668,3,838,2074
4279,668,4,133,2074
4280,668,5,102,2074
4281,668,6,40,2074
4282,668,7,2034,2074
4283,669,1,760,1320
4284,669,2,40,1320
4285,669,3,480,1320
4286,669,5,40,1320
4287,669,6,26,1320
4288,669,7,1294,1320
4289,670,1,260,977
4290,670,2,86,977
4291,670,3,559,977
4292,670,4,63,977
4293,670,5,9,977
4294,670,6,67,977
4295,670,7,910,977
4296,671,1,459,489
4297,671,3,24,489
4298,671,4,6,489
4299,671,6,4,489
4300,671,7,485,489
4301,672,1,466,858
4302,672,3,224,858
4303,672,4,119,858
4304,672,5,49,858
4305,672,6,99,858
4306,672,7,759,858
4307,673,1,67,190
4308,673,2,15,190
4309,673,3,80,190
4310,673,4,17,190
4311,673,5,11,190
4312,673,6,80,190
4313,673,7,110,190
4314,674,1,2,19
4315,674,3,7,19
4316,674,4,3,19
4317,674,5,7,19
4318,674,6,10,19
4319,674,7,9,19
4320,675,1,67,90
4321,675,2,1,90
4322,675,3,20,90
4323,675,5,2,90
4324,675,6,31,90
4325,675,7,59,90
4326,676,1,92,120
4327,676,2,4,120
4328,676,3,18,120
4329,676,4,3,120
4330,676,5,3,120
4331,676,6,6,120
4332,676,7,114,120
4333,677,1,4,19
4334,677,2,2,19
4335,677,3,11,19
4336,677,4,2,19
4337,677,6,4,19
4338,677,7,15,19
4339,678,1,20,55
4340,678,2,1,55
4341,678,3,28,55
4342,678,4,3,55
4343,678,5,3,55
4344,678,6,2,55
4345,678,7,53,55
4346,679,1,273,607
4347,679,2,11,607
4348,679,3,178,607
4349,679,4,62,607
4350,679,5,83,607
4351,679,6,29,607
4352,679,7,578,607
4353,680,1,434,970
4354,680,2,22,970
4355,680,3,388,970
4356,680,4,104,970
4357,680,5,22,970
4358,680,6,34,970
4359,680,7,936,970
4360,681,1,321,700
4361,681,2,11,700
4362,681,3,309,700
4363,681,4,33,700
4364,681,5,26,700
4365,681,6,34,700
4366,681,7,666,700
4367,682,1,212,591
4368,682,2,123,591
4369,682,3,177,591
4370,682,4,15,591
4371,682,5,64,591
4372,682,6,23,591
4373,682,7,568,591
4374,683,1,909,1211
4375,683,2,12,1211
4376,683,3,278,1211
4377,683,5,12,1211
4378,683,6,242,1211
4379,683,7,969,1211
4380,684,1,1184,1605
4381,684,2,32,1605
4382,684,3,352,1605
4383,684,4,21,1605
4384,684,5,16,1605
4385,684,6,16,1605
4386,684,7,1589,1605
4387,685,1,112,182
4388,685,2,19,182
4389,685,3,21,182
4390,685,4,16,182
4391,685,5,14,182
4392,685,6,5,182
4393,685,7,177,182
4394,686,1,656,1350
4395,686,2,80,1350
4396,686,3,455,1350
4397,686,4,52,1350
4398,686,5,107,1350
4399,686,6,93,1350
4400,686,7,1257,1350
4401,687,1,23,39
4402,687,3,8,39
4403,687,4,6,39
4404,687,5,2,39
4405,687,6,18,39
4406,687,7,21,39
4407,688,1,537,607
4408,688,2,6,607
4409,688,3,42,607
4410,688,4,16,607
4411,688,5,6,607
4412,688,6,30,607
4413,688,7,577,607
4414,689,1,712,757
4415,689,3,45,757
4416,689,6,191,757
4417,689,7,566,757
4418,690,1,23,41
4419,690,2,1,41
4420,690,3,13,41
4421,690,4,2,41
4422,690,5,2,41
4423,690,6,18,41
4424,690,7,23,41
4425,691,1,1,12
4426,691,2,3,12
4427,691,3,4,12
4428,691,4,2,12
4429,691,5,2,12
4430,691,6,6,12
4431,691,7,6,12
4432,692,1,664,837
4433,692,2,58,837
4434,692,3,83,837
4435,692,4,32,837
4436,692,6,66,837
4437,692,7,771,837
4438,693,1,6,70
4439,693,2,10,70
4440,693,3,21,70
4441,693,4,19,70
4442,693,5,14,70
4443,693,6,42,70
4444,693,7,28,70
4445,694,1,299,547
4446,694,2,5,547
4447,694,3,201,547
4448,694,4,21,547
4449,694,5,21,547
4450,694,6,49,547
4451,694,7,498,547
4452,695,1,99,229
4453,695,2,13,229
4454,695,3,66,229
4455,695,4,43,229
4456,695,5,8,229
4457,695,6,4,229
4458,695,7,225,229
4459,696,1,749,1364
4460,696,2,40,1364
4461,696,3,294,1364
4462,696,4,121,1364
4463,696,5,160,1364
4464,696,6,147,1364
4465,696,7,1217,1364
4466,697,1,345,1072
4467,697,2,25,1072
4468,697,3,501,1072
4469,697,4,63,1072
4470,697,5,138,1072
4471,697,6,80,1072
4472,697,7,992,1072
4473,698,1,9,43
4474,698,2,4,43
4475,698,3,18,43
4476,698,4,7,43
4477,698,5,5,43
4478,698,6,5,43
4479,698,7,38,43
4480,699,1,440,1011
4481,699,2,81,1011
4482,699,3,368,1011
4483,699,5,122,1011
4484,699,6,174,1011
4485,699,7,837,1011
4486,700,1,8,18
4487,700,2,2,18
4488,700,3,5,18
4489,700,4,3,18
4490,700,6,3,18
4491,700,7,15,18
4492,701,1,670,956
4493,701,2,9,956
4494,701,3,249,956
4495,701,5,28,956
4496,701,6,9,956
4497,701,7,947,956
4498,702,1,524,714
4499,702,3,134,714
4500,702,4,28,714
4501,702,5,28,714
4502,702,6,155,714
4503,702,7,559,714
4504,703,1,6,15
4505,703,3,6,15
4506,703,4,2,15
4507,703,5,1,15
4508,703,6,1,15
4509,703,7,14,15
4510,704,1,597,1698
4511,704,2,166,1698
4512,704,3,597,1698
4513,704,4,172,1698
4514,704,5,166,1698
4515,704,6,249,1698
4516,704,7,1449,1698
4517,705,1,7,39
4518,705,3,12,39
4519,705,4,13,39
4520,705,5,7,39
4521,705,6,32,39
4522,705,7,7,39
4523,706,1,54,61
4524,706,3,7,61
4525,706,6,4,61
4526,706,7,57,61
4527,707,1,445,1332
4528,707,2,25,1332
4529,707,3,706,1332
4530,707,4,80,1332
4531,707,5,76,1332
4532,707,6,48,1332
4533,707,7,1284,1332
4534,708,1,294,876
4535,708,2,142,876
4536,708,3,218,876
4537,708,4,164,876
4538,708,5,58,876
4539,708,6,151,876
4540,708,7,725,876
4541,709,1,292,385
4542,709,2,3,385
4543,709,3,77,385
4544,709,4,10,385
4545,709,5,3,385
4546,709,6,26,385
4547,709,7,359,385
4548,710,1,412,653
4549,710,2,22,653
4550,710,3,132,653
4551,710,4,59,653
4552,710,5,28,653
4553,710,6,183,653
4554,710,7,470,653
4555,711,1,8,11
4556,711,3,3,11
4557,711,7,11,11
4558,712,1,349,437
4559,712,2,4,437
4560,712,3,78,437
4561,712,4,6,437
4562,712,6,43,437
4563,712,7,394,437
4564,713,1,328,497
4565,713,2,9,497
4566,713,3,124,497
4567,713,4,12,497
4568,713,5,24,497
4569,713,6,109,497
4570,713,7,388,497
4571,714,1,144,254
4572,714,2,2,254
4573,714,3,99,254
4574,714,4,7,254
4575,714,5,2,254
4576,714,6,30,254
4577,714,7,224,254
4578,715,1,1126,1430
4579,715,2,28,1430
4580,715,3,211,1430
4581,715,4,37,1430
4582,715,5,28,1430
4583,715,6,42,1430
4584,715,7,1388,1430
4585,716,1,967,1677
4586,716,3,617,1677
4587,716,4,43,1677
4588,716,5,50,1677
4589,716,7,1677,1677
4590,717,1,432,1165
4591,717,2,79,1165
4592,717,3,341,1165
4593,717,4,177,1165
4594,717,5,136,1165
4595,717,6,170,1165
4596,717,7,995,1165
4597,718,1,138,313
4598,718,2,39,313
4599,718,3,63,313
4600,718,4,55,313
4601,718,5,18,313
4602,718,6,21,313
4603,718,7,292,313
4604,719,3,1,12
4605,719,4,7,12
4606,719,5,4,12
4607,719,6,6,12
4608,719,7,6,12
4609,720,1,509,1241
4610,720,2,133,1241
4611,720,3,497,1241
4612,720,4,78,1241
4613,720,5,24,1241
4614,720,6,97,1241
4615,720,7,1144,1241
4616,721,1,948,1078
4617,721,2,10,1078
4618,721,3,86,1078
4619,721,4,13,1078
4620,721,5,21,1078
4621,721,6,21,1078
4622,721,7,1057,1078
4623,722,1,39,73
4624,722,2,2,73
4625,722,3,25,73
4626,722,4,4,73
4627,722,5,3,73
4628,722,6,24,73
4629,722,7,49,73
4630,723,1,28,53
4631,723,2,1,53
4632,723,3,21,53
4633,723,4,3,53
4634,723,6,10,53
4635,723,7,43,53
4636,724,1,13,69
4637,724,2,11,69
4638,724,3,24,69
4639,724,4,13,69
4640,724,5,8,69
4641,724,6,40,69
4642,724,7,29,69
4643,725,1,307,862
4644,725,2,26,862
4645,725,3,360,862
4646,725,4,138,862
4647,725,5,31,862
4648,725,6,40,862
4649,725,7,822,862
4650,726,1,901,1383
4651,726,2,31,1383
4652,726,3,345,1383
4653,726,4,75,1383
4654,726,5,31,1383
4655,726,6,191,1383
4656,726,7,1192,1383
4657,727,1,2,31
4658,727,2,5,31
4659,727,3,12,31
4660,727,4,4,31
4661,727,5,8,31
4662,727,6,7,31
4663,727,7,24,31
4664,728,1,283,916
4665,728,2,17,916
4666,728,3,372,916
4667,728,4,138,916
4668,728,5,106,916
4669,728,6,44,916
4670,728,7,872,916
4671,729,1,4,17
4672,729,2,3,17
4673,729,3,7,17
4674,729,5,3,17
4675,729,6,11,17
4676,729,7,6,17
4677,730,1,769,1150
4678,730,2,80,1150
4679,730,3,252,1150
4680,730,4,15,1150
4681,730,5,34,1150
4682,730,6,65,1150
4683,730,7,1085,1150
4684,731,1,518,1413
4685,731,2,42,1413
4686,731,3,742,1413
4687,731,4,55,1413
4688,731,5,56,1413
4689,731,6,84,1413
4690,731,7,1329,1413
4691,732,1,350,445
4692,732,2,8,445
4693,732,3,66,445
4694,732,4,17,445
4695,732,5,4,445
4696,732,6,4,445
4697,732,7,441,445
4698,733,1,445,913
4699,733,2,53,913
4700,733,3,213,913
4701,733,4,104,913
4702,733,5,98,913
4703,733,6,151,913
4704,733,7,762,913
4705,734,1,778,1713
4706,734,2,178,1713
4707,734,3,689,1713
4708,734,4,41,1713
4709,734,5,27,1713
4710,734,6,44,1713
4711,734,7,1669,1713
4712,735,1,709,1360
4713,735,2,93,1360
4714,735,3,374,1360
4715,735,4,104,1360
4716,735,5,80,1360
4717,735,6,80,1360
4718,735,7,1280,1360
4719,736,1,359,917
4720,736,2,35,917
4721,736,3,314,917
4722,736,4,93,917
4723,736,5,116,917
4724,736,6,89,917
4725,736,7,828,917
4726,737,1,799,1214
4727,737,2,12,1214
4728,737,3,375,1214
4729,737,4,16,1214
4730,737,5,12,1214
4731,737,6,12,1214
4732,737,7,1202,1214
4733,738,1,895,1019
4734,738,2,10,1019
4735,738,3,101,1019
4736,738,4,13,1019
4737,738,6,152,1019
4738,738,7,867,1019
4739,739,1,40,69
4740,739,2,2,69
4741,739,3,23,69
4742,739,5,4,69
4743,739,6,23,69
4744,739,7,46,69
4745,740,1,76,83
4746,740,3,7,83
4747,740,6,16,83
4748,740,7,67,83
4749,741,1,11,55
4750,741,2,5,55
4751,741,3,22,55
4752,741,4,12,55
4753,741,5,5,55
4754,741,6,11,55
4755,741,7,44,55
4756,742,1,245,548
4757,742,2,16,548
4758,742,3,223,548
4759,742,4,21,548
4760,742,5,43,548
4761,742,6,16,548
4762,742,7,532,548
4763,743,1,647,1387
4764,743,2,107,1387
4765,743,3,391,1387
4766,743,4,175,1387
4767,743,5,67,1387
4768,743,6,40,1387
4769,743,7,1347,1387
4770,744,1,39,52
4771,744,2,1,52
4772,744,3,9,52
4773,744,4,2,52
4774,744,5,1,52
4775,744,6,34,52
4776,744,7,18,52
4777,745,1,203,606
4778,745,2,35,606
4779,745,3,305,606
4780,745,4,46,606
4781,745,5,17,606
4782,745,6,227,606
4783,745,7,379,606
4784,746,1,138,183
4785,746,2,3,183
4786,746,3,38,183
4787,746,4,4,183
4788,746,6,59,183
4789,746,7,124,183
4790,747,1,587,1783
4791,747,2,51,1783
4792,747,3,898,1783
4793,747,4,247,1783
4794,747,6,86,1783
4795,747,7,1697,1783
4796,748,1,595,1243
4797,748,2,97,1243
4798,748,3,291,1243
4799,748,4,127,1243
4800,748,5,133,1243
4801,748,6,121,1243
4802,748,7,1122,1243
4803,749,1,43,122
4804,749,2,12,122
4805,749,3,23,122
4806,749,4,29,122
4807,749,5,15,122
4808,749,6,61,122
4809,749,7,61,122
4810,750,1,301,392
4811,750,2,7,392
4812,750,3,74,392
4813,750,4,10,392
4814,750,6,58,392
4815,750,7,334,392
4816,751,1,180,668
4817,751,2,32,668
4818,751,3,348,668
4819,751,4,76,668
4820,751,5,32,668
4821,751,6,90,668
4822,751,7,578,668
4823,752,1,794,1302
4824,752,2,115,1302
4825,752,3,243,1302
4826,752,4,150,1302
4827,752,6,205,1302
4828,752,7,1097,1302
4829,753,1,392,542
4830,753,2,5,542
4831,753,3,91,542
4832,753,4,28,542
4833,753,5,26,542
4834,753,6,112,542
4835,753,7,430,542
4836,754,1,39,69
4837,754,2,1,69
4838,754,3,22,69
4839,754,4,3,69
4840,754,5,4,69
4841,754,6,12,69
4842,754,7,57,69
4843,755,1,107,125
4844,755,2,2,125
4845,755,3,12,125
4846,755,4,2,125
4847,755,5,2,125
4848,755,6,12,125
4849,755,7,113,125
4850,756,1,13,16
4851,756,3,3,16
4852,756,7,16,16
4853,757,1,70,87
4854,757,3,17,87
4855,757,6,6,87
4856,757,7,81,87
4857,758,1,680,1158
4858,758,2,11,1158
4859,758,3,392,1158
4860,758,4,75,1158
4861,758,7,1158,1158
4862,759,1,26,39
4863,759,2,1,39
4864,759,3,11,39
4865,759,5,1,39
4866,759,6,4,39
4867,759,7,35,39
4868,760,1,522,1391
4869,760,3,522,1391
4870,760,4,227,1391
4871,760,5,120,1391
4872,760,6,134,1391
4873,760,7,1257,1391
4874,761,1,412,1230
4875,761,2,12,1230
4876,761,3,546,1230
4877,761,4,78,1230
4878,761,5,182,1230
4879,761,7,1230,1230
4880,762,1,6,24
4881,762,2,5,24
4882,762,3,5,24
4883,762,4,8,24
4884,762,6,5,24
4885,762,7,19,24
4886,763,1,2,16
4887,763,2,3,16
4888,763,3,6,16
4889,763,4,4,16
4890,763,5,1,16
4891,763,6,9,16
4892,763,7,7,16
4893,764,1,1,19
4894,764,2,3,19
4895,764,3,8,19
4896,764,4,2,19
4897,764,5,5,19
4898,764,6,5,19
4899,764,7,14,19
4900,765,1,6,35
4901,765,2,2,35
4902,765,3,15,35
4903,765,4,6,35
4904,765,5,6,35
4905,765,6,3,35
4906,765,7,32,35
4907,766,1,4,40
4908,766,2,12,40
4909,766,3,5,40
4910,766,4,3,40
4911,766,5,16,40
4912,766,6,17,40
4913,766,7,23,40
4914,767,1,18,41
4915,767,2,2,41
4916,767,3,19,41
4917,767,5,2,41
4918,767,6,6,41
4919,767,7,35,41
4920,768,1,324,615
4921,768,2,48,615
4922,768,3,186,615
4923,768,4,39,615
4924,768,5,18,615
4925,768,6,198,615
4926,768,7,417,615
4927,769,1,327,490
4928,769,2,9,490
4929,769,3,125,490
4930,769,4,25,490
4931,769,5,4,490
4932,769,6,139,490
4933,769,7,351,490
4934,770,1,229,343
4935,770,2,27,343
4936,770,3,71,343
4937,770,4,13,343
4938,770,5,3,343
4939,770,6,34,343
4940,770,7,309,343
4941,771,1,521,1551
4942,771,2,168,1551
4943,771,3,706,1551
4944,771,4,80,1551
4945,771,5,76,1551
4946,771,6,61,1551
4947,771,7,1490,1551
4948,772,1,184,706
4949,772,2,23,706
4950,772,3,446,706
4951,772,4,30,706
4952,772,5,23,706
4953,772,6,23,706
4954,772,7,683,706
4955,773,1,4,37
4956,773,2,8,37
4957,773,3,11,37
4958,773,4,12,37
4959,773,5,2,37
4960,773,6,13,37
4961,773,7,24,37
4962,774,1,183,258
4963,774,2,2,258
4964,774,3,64,258
4965,774,4,7,258
4966,774,5,2,258
4967,774,6,12,258
4968,774,7,246,258
4969,775,1,31,125
4970,775,2,19,125
4971,775,3,35,125
4972,775,4,26,125
4973,775,5,14,125
4974,775,6,52,125
4975,775,7,73,125
4976,776,1,219,303
4977,776,2,3,303
4978,776,3,60,303
4979,776,4,12,303
4980,776,5,9,303
4981,776,6,12,303
4982,776,7,291,303
4983,777,1,479,732
4984,777,2,28,732
4985,777,3,136,732
4986,777,4,75,732
4987,777,5,14,732
4988,777,6,35,732
4989,777,7,697,732
4990,778,1,584,894
4991,778,2,44,894
4992,778,3,212,894
4993,778,4,46,894
4994,778,5,8,894
4995,778,6,177,894
4996,778,7,717,894
4997,779,1,627,1565
4998,779,2,91,1565
4999,779,3,597,1565
5000,779,4,159,1565
5001,779,5,91,1565
5002,779,6,15,1565
5003,779,7,1550,1565
5004,780,1,24,55
5005,780,2,1,55
5006,780,3,16,55
5007,780,4,12,55
5008,780,5,2,55
5009,780,6,5,55
5010,780,7,50,55
5011,781,1,330,557
5012,781,2,5,557
5013,781,3,159,557
5014,781,4,36,557
5015,781,5,27,557
5016,781,6,16,557
5017,781,7,541,557
5018,782,1,19,33
5019,782,2,1,33
5020,782,3,10,33
5021,782,4,2,33
5022,782,5,1,33
5023,782,6,8,33
5024,782,7,25,33
5025,783,1,28,123
5026,783,2,23,123
5027,783,3,29,123
5028,783,4,29,123
5029,783,5,14,123
5030,783,6,47,123
5031,783,7,76,123
5032,784,1,606,1145
5033,784,2,148,1145
5034,784,3,228,1145
5035,784,4,15,1145
5036,784,5,148,1145
5037,784,6,22,1145
5038,784,7,1123,1145
5039,785,1,1039,1497
5040,785,2,43,1497
5041,785,3,204,1497
5042,785,4,153,1497
5043,785,5,58,1497
5044,785,6,29,1497
5045,785,7,1468,1497
5046,786,1,411,437
5047,786,3,26,437
5048,786,6,21,437
5049,786,7,416,437
5050,787,1,34,63
5051,787,2,1,63
5052,787,3,19,63
5053,787,4,2,63
5054,787,5,7,63
5055,787,7,63,63
5056,788,1,161,360
5057,788,2,28,360
5058,788,3,136,360
5059,788,4,32,360
5060,788,5,3,360
5061,788,6,45,360
5062,788,7,315,360
5063,789,1,623,894
5064,789,2,53,894
5065,789,3,178,894
5066,789,4,23,894
5067,789,5,17,894
5068,789,6,133,894
5069,789,7,761,894
5070,790,1,604,1384
5071,790,2,26,1384
5072,790,3,470,1384
5073,790,4,123,1384
5074,790,5,161,1384
5075,790,6,94,1384
5076,790,7,1290,1384
5077,791,1,3,40
5078,791,2,10,40
5079,791,3,8,40
5080,791,4,3,40
5081,791,5,16,40
5082,791,6,32,40
5083,791,7,8,40
5084,792,1,12,38
5085,792,2,2,38
5086,792,3,17,38
5087,792,4,6,38
5088,792,5,1,38
5089,792,6,10,38
5090,792,7,28,38
5091,793,1,184,694
5092,793,2,174,694
5093,793,3,256,694
5094,793,4,50,694
5095,793,5,30,694
5096,793,6,32,694
5097,793,7,662,694
5098,794,1,393,791
5099,794,3,239,791
5100,794,4,90,791
5101,794,5,69,791
5102,794,6,69,791
5103,794,7,722,791
5104,795,1,410,1467
5105,795,2,73,1467
5106,795,3,747,1467
5107,795,4,76,1467
5108,795,5,161,1467
5109,795,6,30,1467
5110,795,7,1437,1467
5111,796,1,376,491
5112,796,2,9,491
5113,796,3,83,491
5114,796,4,19,491
5115,796,5,4,491
5116,796,6,4,491
5117,796,7,487,491
5118,797,1,7,16
5119,797,2,2,16
5120,797,3,4,16
5121,797,4,2,16
5122,797,5,1,16
5123,797,6,4,16
5124,797,7,12,16
5125,798,1,68,502
5126,798,3,226,502
5127,798,4,51,502
5128,798,5,157,502
5129,798,6,68,502
5130,798,7,434,502
5131,799,1,642,712
5132,799,2,14,712
5133,799,3,49,712
5134,799,5,7,712
5135,799,6,57,712
5136,799,7,655,712
5137,800,1,8,43
5138,800,2,7,43
5139,800,3,9,43
5140,800,4,13,43
5141,800,5,6,43
5142,800,6,12,43
5143,800,7,31,43
5144,801,1,840,1791
5145,801,2,53,1791
5146,801,3,804,1791
5147,801,4,23,1791
5148,801,5,71,1791
5149,801,6,17,1791
5150,801,7,1774,1791
5151,802,1,7,44
5152,802,2,10,44
5153,802,3,13,44
5154,802,4,3,44
5155,802,5,11,44
5156,802,6,11,44
5157,802,7,33,44
5158,803,1,464,540
5159,803,2,5,540
5160,803,3,64,540
5161,803,4,7,540
5162,803,6,37,540
5163,803,7,503,540
5164,804,1,30,120
5165,804,2,3,120
5166,804,3,47,120
5167,804,4,19,120
5168,804,5,21,120
5169,804,6,42,120
5170,804,7,78,120
5171,805,1,1492,1924
5172,805,2,38,1924
5173,805,3,287,1924
5174,805,4,50,1924
5175,805,5,57,1924
5176,805,6,33,1924
5177,805,7,1891,1924
5178,806,1,752,1542
5179,806,2,122,1542
5180,806,3,476,1542
5181,806,4,39,1542
5182,806,5,153,1542
5183,806,6,34,1542
5184,806,7,1508,1542
5185,807,1,1279,1601
5186,807,2,15,1601
5187,807,3,287,1601
5188,807,4,20,1601
5189,807,6,15,1601
5190,807,7,1586,1601
5191,808,1,22,34
5192,808,2,1,34
5193,808,3,8,34
5194,808,4,2,34
5195,808,5,1,34
5196,808,6,2,34
5197,808,7,32,34
5198,809,1,860,1426
5199,809,2,28,1426
5200,809,3,409,1426
5201,809,4,73,1426
5202,809,5,56,1426
5203,809,6,56,1426
5204,809,7,1370,1426
5205,810,1,3,21
5206,810,3,5,21
5207,810,4,13,21
5208,810,6,1,21
5209,810,7,20,21
5210,811,1,10,55
5211,811,2,5,55
5212,811,3,28,55
5213,811,4,11,55
5214,811,5,1,55
5215,811,6,8,55
5216,811,7,47,55
5217,812,1,351,535
5218,812,2,16,535
5219,812,3,156,535
5220,812,4,7,535
5221,812,5,5,535
5222,812,6,145,535
5223,812,7,390,535
5224,813,1,421,532
5225,813,2,5,532
5226,813,3,90,532
5227,813,5,16,532
5228,813,6,10,532
5229,813,7,522,532
5230,814,1,2,32
5231,814,2,5,32
5232,814,3,7,32
5233,814,5,18,32
5234,814,6,18,32
5235,814,7,14,32
5236,815,1,25,38
5237,815,2,1,38
5238,815,3,9,38
5239,815,4,2,38
5240,815,5,1,38
5241,815,6,1,38
5242,815,7,37,38
5243,816,1,336,902
5244,816,2,123,902
5245,816,3,274,902
5246,816,4,46,902
5247,816,5,123,902
5248,816,6,141,902
5249,816,7,761,902
5250,817,1,191,303
5251,817,2,9,303
5252,817,3,97,303
5253,817,5,6,303
5254,817,6,82,303
5255,817,7,221,303
5256,818,1,563,1446
5257,818,2,50,1446
5258,818,3,774,1446
5259,818,4,28,1446
5260,818,5,31,1446
5261,818,6,187,1446
5262,818,7,1259,1446
5263,819,1,31,38
5264,819,3,6,38
5265,819,5,1,38
5266,819,6,8,38
5267,819,7,30,38
5268,820,1,479,590
5269,820,2,5,590
5270,820,3,82,590
5271,820,4,7,590
5272,820,5,17,590
5273,820,6,171,590
5274,820,7,419,590
5275,821,1,18,59
5276,821,2,6,59
5277,821,3,15,59
5278,821,4,12,59
5279,821,5,8,59
5280,821,6,17,59
5281,821,7,42,59
5282,822,1,91,262
5283,822,2,65,262
5284,822,3,52,262
5285,822,4,10,262
5286,822,5,44,262
5287,822,6,28,262
5288,822,7,234,262
5289,823,1,5,69
5290,823,2,7,69
5291,823,3,24,69
5292,823,4,19,69
5293,823,5,14,69
5294,823,6,20,69
5295,823,7,49,69
5296,824,1,2,63
5297,824,2,14,63
5298,824,3,28,63
5299,824,4,16,63
5300,824,5,3,63
5301,824,6,7,63
5302,824,7,56,63
5303,825,1,362,1012
5304,825,2,50,1012
5305,825,3,431,1012
5306,825,4,134,1012
5307,825,5,35,1012
5308,825,6,54,1012
5309,825,7,958,1012
5310,826,1,724,1879
5311,826,2,74,1879
5312,826,3,929,1879
5313,826,4,97,1879
5314,826,5,55,1879
5315,826,6,130,1879
5316,826,7,1749,1879
5317,827,1,605,1140
5318,827,2,91,1140
5319,827,3,399,1140
5320,827,5,45,1140
5321,827,6,205,1140
5322,827,7,935,1140
5323,828,1,547,701
5324,828,2,7,701
5325,828,3,140,701
5326,828,5,7,701
5327,828,6,63,701
5328,828,7,638,701
5329,829,1,104,181
5330,829,2,1,181
5331,829,3,54,181
5332,829,4,13,181
5333,829,5,9,181
5334,829,6,14,181
5335,829,7,167,181
5336,830,1,8,35
5337,830,2,2,35
5338,830,3,15,35
5339,830,5,10,35
5340,830,6,18,35
5341,830,7,17,35
5342,831,1,224,258
5343,831,2,2,258
5344,831,3,25,258
5345,831,4,7,258
5346,831,6,110,258
5347,831,7,148,258
5348,832,1,384,539
5349,832,3,102,539
5350,832,4,21,539
5351,832,5,32,539
5352,832,6,5,539
5353,832,7,534,539
5354,833,1,556,1790
5355,833,2,54,1790
5356,833,3,845,1790
5357,833,4,202,1790
5358,833,5,133,1790
5359,833,6,63,1790
5360,833,7,1727,1790
5361,834,1,24,26
5362,834,3,2,26
5363,834,6,9,26
5364,834,7,17,26
5365,835,1,408,429
5366,835,3,21,429
5367,835,6,17,429
5368,835,7,412,429
5369,836,1,265,1010
5370,836,2,199,1010
5371,836,3,303,1010
5372,836,4,234,1010
5373,836,5,9,1010
5374,836,6,170,1010
5375,836,7,840,1010
5376,837,1,34,41
5377,837,3,7,41
5378,837,7,41,41
5379,838,1,374,663
5380,838,2,64,663
5381,838,3,116,663
5382,838,4,84,663
5383,838,5,25,663
5384,838,6,64,663
5385,838,7,599,663
5386,839,1,27,39
5387,839,2,2,39
5388,839,3,10,39
5389,839,6,1,39
5390,839,7,38,39
5391,840,1,600,1029
5392,840,2,20,1029
5393,840,3,350,1029
5394,840,4,29,1029
5395,840,5,30,1029
5396,840,6,33,1029
5397,840,7,996,1029
5398,841,1,13,40
5399,841,2,2,40
5400,841,3,18,40
5401,841,4,6,40
5402,841,5,1,40
5403,841,7,40,40
5404,842,1,167,258
5405,842,2,2,258
5406,842,3,89,258
5407,842,6,34,258
5408,842,7,224,258
5409,843,2,2,10
5410,843,3,3,10
5411,843,4,4,10
5412,843,5,1,10
5413,843,6,5,10
5414,843,7,5,10
5415,844,1,46,275
5416,844,2,35,275
5417,844,3,69,275
5418,844,4,84,275
5419,844,5,41,275
5420,844,6,66,275
5421,844,7,209,275
5422,845,1,88,276
5423,845,2,39,276
5424,845,3,78,276
5425,845,4,58,276
5426,845,5,13,276
5427,845,6,93,276
5428,845,7,183,276
5429,846,1,243,386
5430,846,2,11,386
5431,846,3,119,386
5432,846,4,10,386
5433,846,5,3,386
5434,846,6,15,386
5435,846,7,371,386
5436,847,1,275,386
5437,847,2,11,386
5438,847,3,68,386
5439,847,4,25,386
5440,847,5,7,386
5441,847,6,7,386
5442,847,7,379,386
5443,848,1,6,10
5444,848,3,4,10
5445,848,7,10,10
5446,849,1,121,361
5447,849,2,62,361
5448,849,3,90,361
5449,849,4,68,361
5450,849,5,20,361
5451,849,6,125,361
5452,849,7,236,361
5453,850,1,4,57
5454,850,2,12,57
5455,850,3,15,57
5456,850,4,19,57
5457,850,5,7,57
5458,850,6,12,57
5459,850,7,45,57
5460,851,1,1308,1727
5461,851,3,396,1727
5462,851,4,23,1727
5463,851,7,1727,1727
5464,852,1,515,957
5465,852,2,47,957
5466,852,3,267,957
5467,852,4,62,957
5468,852,5,66,957
5469,852,6,38,957
5470,852,7,919,957
5471,853,1,4,41
5472,853,3,16,41
5473,853,4,17,41
5474,853,5,4,41
5475,853,6,4,41
5476,853,7,37,41
5477,854,1,48,157
5478,854,2,13,157
5479,854,3,57,157
5480,854,4,24,157
5481,854,5,15,157
5482,854,6,25,157
5483,854,7,132,157
5484,855,1,562,847
5485,855,2,58,847
5486,855,3,168,847
5487,855,4,43,847
5488,855,5,16,847
5489,855,6,142,847
5490,855,7,705,847
5491,856,1,769,1644
5492,856,2,22,1644
5493,856,3,500,1644
5494,856,4,210,1644
5495,856,5,143,1644
5496,856,6,33,1644
5497,856,7,1611,1644
5498,857,1,379,497
5499,857,2,4,497
5500,857,3,93,497
5501,857,4,12,497
5502,857,5,9,497
5503,857,6,98,497
5504,857,7,399,497
5505,858,1,29,120
5506,858,2,12,120
5507,858,3,59,120
5508,858,4,19,120
5509,858,5,1,120
5510,858,6,36,120
5511,858,7,84,120
5512,859,1,387,1158
5513,859,2,68,1158
5514,859,3,569,1158
5515,859,4,89,1158
5516,859,5,45,1158
5517,859,6,68,1158
5518,859,7,1090,1158
5519,860,1,12,121
5520,860,2,23,121
5521,860,3,38,121
5522,860,4,30,121
5523,860,5,18,121
5524,860,6,7,121
5525,860,7,114,121
5526,861,1,6,46
5527,861,2,10,46
5528,861,3,12,46
5529,861,4,3,46
5530,861,5,15,46
5531,861,6,40,46
5532,861,7,6,46
5533,862,1,27,47
5534,862,2,1,47
5535,862,3,14,47
5536,862,4,4,47
5537,862,5,1,47
5538,862,6,21,47
5539,862,7,26,47
5540,863,1,9,15
5541,863,2,1,15
5542,863,3,5,15
5543,863,6,1,15
5544,863,7,14,15
5545,864,1,22,52
5546,864,3,19,52
5547,864,4,6,52
5548,864,5,5,52
5549,864,6,3,52
5550,864,7,49,52
5551,865,1,899,2074
5552,865,2,102,2074
5553,865,3,838,2074
5554,865,4,133,2074
5555,865,5,102,2074
5556,865,6,40,2074
5557,865,7,2034,2074
5558,866,1,889,1889
5559,866,2,55,1889
5560,866,3,685,1889
5561,866,4,168,1889
5562,866,5,92,1889
5563,866,6,129,1889
5564,866,7,1760,1889
5565,867,1,189,251
5566,867,2,2,251
5567,867,3,55,251
5568,867,5,5,251
5569,867,6,12,251
5570,867,7,239,251
5571,868,1,48,50
5572,868,3,2,50
5573,868,6,5,50
5574,868,7,45,50
5575,869,1,230,506
5576,869,2,14,506
5577,869,3,156,506
5578,869,4,82,506
5579,869,5,24,506
5580,869,6,58,506
5581,869,7,448,506
5582,870,1,852,1233
5583,870,2,60,1233
5584,870,3,207,1233
5585,870,4,78,1233
5586,870,5,36,1233
5587,870,6,48,1233
5588,870,7,1185,1233
5589,871,1,35,63
5590,871,2,3,63
5591,871,3,20,63
5592,871,4,4,63
5593,871,5,1,63
5594,871,6,20,63
5595,871,7,43,63
5596,872,1,205,297
5597,872,2,20,297
5598,872,3,47,297
5599,872,4,23,297
5600,872,5,2,297
5601,872,6,56,297
5602,872,7,241,297
5603,873,1,255,828
5604,873,2,31,828
5605,873,3,446,828
5606,873,4,40,828
5607,873,5,56,828
5608,873,6,175,828
5609,873,7,653,828
5610,874,3,1,12
5611,874,4,8,12
5612,874,5,3,12
5613,874,6,2,12
5614,874,7,10,12
5615,875,1,437,860
5616,875,2,8,860
5617,875,3,206,860
5618,875,4,160,860
5619,875,5,49,860
5620,875,6,42,860
5621,875,7,818,860
5622,876,1,825,897
5623,876,2,8,897
5624,876,3,53,897
5625,876,4,11,897
5626,876,6,242,897
5627,876,7,655,897
5628,877,1,316,662
5629,877,2,58,662
5630,877,3,161,662
5631,877,4,76,662
5632,877,5,51,662
5633,877,6,135,662
5634,877,7,527,662
5635,878,1,756,1577
5636,878,2,138,1577
5637,878,3,354,1577
5638,878,4,160,1577
5639,878,5,169,1577
5640,878,6,61,1577
5641,878,7,1516,1577
5642,879,1,194,398
5643,879,2,55,398
5644,879,3,134,398
5645,879,4,15,398
5646,879,6,3,398
5647,879,7,395,398
5648,880,1,7,58
5649,880,2,17,58
5650,880,3,18,58
5651,880,4,6,58
5652,880,5,10,58
5653,880,6,26,58
5654,880,7,32,58
5655,881,1,183,871
5656,881,2,33,871
5657,881,3,493,871
5658,881,4,59,871
5659,881,5,103,871
5660,881,6,57,871
5661,881,7,814,871
5662,882,1,171,183
5663,882,3,11,183
5664,882,5,1,183
5665,882,6,20,183
5666,882,7,163,183
5667,883,1,243,818
5668,883,2,101,818
5669,883,3,405,818
5670,883,4,29,818
5671,883,5,40,818
5672,883,6,40,818
5673,883,7,778,818
5674,884,1,181,313
5675,884,2,21,313
5676,884,3,69,313
5677,884,4,39,313
5678,884,5,3,313
5679,884,6,96,313
5680,884,7,217,313
5681,885,1,151,254
5682,885,2,7,254
5683,885,3,89,254
5684,885,5,7,254
5685,885,6,28,254
5686,885,7,226,254
5687,886,1,494,1182
5688,886,2,92,1182
5689,886,3,391,1182
5690,886,4,194,1182
5691,886,5,11,1182
5692,886,6,241,1182
5693,886,7,941,1182
5694,887,1,464,1412
5695,887,2,28,1412
5696,887,3,873,1412
5697,887,4,29,1412
5698,887,5,18,1412
5699,887,6,37,1412
5700,887,7,1375,1412
5701,888,1,5,21
5702,888,2,1,21
5703,888,3,5,21
5704,888,4,10,21
5705,888,6,7,21
5706,888,7,14,21
5707,889,1,29,63
5708,889,3,29,63
5709,889,5,5,63
5710,889,6,4,63
5711,889,7,59,63
5712,890,1,102,187
5713,890,2,9,187
5714,890,3,49,187
5715,890,4,24,187
5716,890,5,3,187
5717,890,6,12,187
5718,890,7,175,187
5719,891,1,604,1425
5720,891,2,28,1425
5721,891,3,674,1425
5722,891,4,91,1425
5723,891,5,28,1425
5724,891,6,28,1425
5725,891,7,1397,1425
5726,892,1,571,1229
5727,892,2,12,1229
5728,892,3,523,1229
5729,892,4,63,1229
5730,892,5,60,1229
5731,892,6,24,1229
5732,892,7,1205,1229
5733,893,1,953,1024
5734,893,3,71,1024
5735,893,6,174,1024
5736,893,7,850,1024
5737,894,1,63,150
5738,894,2,3,150
5739,894,3,67,150
5740,894,4,8,150
5741,894,5,9,150
5742,894,6,28,150
5743,894,7,122,150
5744,895,1,770,1966
5745,895,2,29,1966
5746,895,3,890,1966
5747,895,4,250,1966
5748,895,5,27,1966
5749,895,6,24,1966
5750,895,7,1942,1966
5751,896,1,398,923
5752,896,2,61,923
5753,896,3,265,923
5754,896,4,138,923
5755,896,5,61,923
5756,896,6,53,923
5757,896,7,870,923
5758,897,1,741,973
5759,897,2,19,973
5760,897,3,154,973
5761,897,4,50,973
5762,897,5,9,973
5763,897,6,28,973
5764,897,7,945,973
5765,898,1,1478,1919
5766,898,2,19,1919
5767,898,3,403,1919
5768,898,5,19,1919
5769,898,7,1919,1919
5770,899,1,156,303
5771,899,2,29,303
5772,899,3,56,303
5773,899,4,30,303
5774,899,5,32,303
5775,899,6,47,303
5776,899,7,256,303
5777,900,1,960,1634
5778,900,2,64,1634
5779,900,3,464,1634
5780,900,4,146,1634
5781,900,6,16,1634
5782,900,7,1618,1634
5783,901,1,38,40
5784,901,3,2,40
5785,901,6,6,40
5786,901,7,34,40
5787,902,1,315,1046
5788,902,2,26,1046
5789,902,3,473,1046
5790,902,4,220,1046
5791,902,5,12,1046
5792,902,6,182,1046
5793,902,7,864,1046
5794,903,1,15,69
5795,903,2,20,69
5796,903,3,25,69
5797,903,4,2,69
5798,903,5,7,69
5799,903,6,26,69
5800,903,7,43,69
5801,904,1,19,50
5802,904,2,6,50
5803,904,3,20,50
5804,904,5,5,50
5805,904,6,12,50
5806,904,7,38,50
5807,905,1,812,1728
5808,905,2,99,1728
5809,905,3,431,1728
5810,905,4,237,1728
5811,905,5,149,1728
5812,905,6,33,1728
5813,905,7,1695,1728
5814,906,1,73,352
5815,906,2,28,352
5816,906,3,217,352
5817,906,4,10,352
5818,906,5,24,352
5819,906,6,115,352
5820,906,7,237,352
5821,907,1,372,1041
5822,907,2,23,1041
5823,907,3,384,1041
5824,907,4,250,1041
5825,907,5,12,1041
5826,907,6,108,1041
5827,907,7,933,1041
5828,908,1,871,1886
5829,908,2,111,1886
5830,908,3,704,1886
5831,908,4,145,1886
5832,908,5,55,1886
5833,908,6,166,1886
5834,908,7,1720,1886
5835,909,1,375,1046
5836,909,2,152,1046
5837,909,3,335,1046
5838,909,4,93,1046
5839,909,5,91,1046
5840,909,6,81,1046
5841,909,7,965,1046
5842,910,1,760,1336
5843,910,2,80,1336
5844,910,3,466,1336
5845,910,4,17,1336
5846,910,5,13,1336
5847,910,6,80,1336
5848,910,7,1256,1336
5849,911,1,471,1101
5850,911,3,510,1101
5851,911,4,99,1101
5852,911,5,21,1101
5853,911,6,12,1101
5854,911,7,1089,1101
5855,912,1,31,92
5856,912,2,9,92
5857,912,3,27,92
5858,912,4,16,92
5859,912,5,9,92
5860,912,6,33,92
5861,912,7,59,92
5862,913,1,819,903
5863,913,3,72,903
5864,913,4,12,903
5865,913,6,63,903
5866,913,7,840,903
5867,914,1,1,25
5868,914,2,4,25
5869,914,3,3,25
5870,914,4,8,25
5871,914,5,9,25
5872,914,6,7,25
5873,914,7,18,25
5874,915,1,203,606
5875,915,2,35,606
5876,915,3,305,606
5877,915,4,46,606
5878,915,5,17,606
5879,915,6,227,606
5880,915,7,379,606
5881,916,1,26,44
5882,916,3,15,44
5883,916,4,2,44
5884,916,5,1,44
5885,916,6,2,44
5886,916,7,42,44
5887,917,1,354,928
5888,917,2,21,928
5889,917,3,311,928
5890,917,4,167,928
5891,917,5,75,928
5892,917,6,32,928
5893,917,7,896,928
5894,918,1,1253,1794
5895,918,3,447,1794
5896,918,4,23,1794
5897,918,5,71,1794
5898,918,6,35,1794
5899,918,7,1759,1794
5900,919,1,371,673
5901,919,2,17,673
5902,919,3,238,673
5903,919,4,23,673
5904,919,5,24,673
5905,919,6,106,673
5906,919,7,567,673
5907,920,1,588,796
5908,920,2,7,796
5909,920,3,76,796
5910,920,4,110,796
5911,920,5,15,796
5912,920,6,15,796
5913,920,7,781,796
5914,921,1,480,976
5915,921,2,86,976
5916,921,3,249,976
5917,921,4,75,976
5918,921,5,86,976
5919,921,6,144,976
5920,921,7,832,976
5921,922,1,517,605
5922,922,2,12,605
5923,922,3,54,605
5924,922,4,16,605
5925,922,5,6,605
5926,922,6,120,605
5927,922,7,485,605
5928,923,1,267,1089
5929,923,2,98,1089
5930,923,3,606,1089
5931,923,4,48,1089
5932,923,5,70,1089
5933,923,6,98,1089
5934,923,7,991,1089
5935,924,1,1111,2130
5936,924,2,24,2130
5937,924,3,790,2130
5938,924,4,160,2130
5939,924,5,45,2130
5940,924,6,172,2130
5941,924,7,1958,2130
5942,925,1,7,51
5943,925,2,7,51
5944,925,3,14,51
5945,925,4,7,51
5946,925,5,16,51
5947,925,6,15,51
5948,925,7,36,51
5949,926,1,1166,1214
5950,926,3,48,1214
5951,926,6,36,1214
5952,926,7,1178,1214
5953,927,1,261,550
5954,927,2,42,550
5955,927,3,144,550
5956,927,4,55,550
5957,927,5,48,550
5958,927,6,133,550
5959,927,7,417,550
5960,928,1,135,259
5961,928,2,25,259
5962,928,3,51,259
5963,928,4,23,259
5964,928,5,25,259
5965,928,6,46,259
5966,928,7,213,259
5967,929,1,6,36
5968,929,2,2,36
5969,929,3,18,36
5970,929,4,2,36
5971,929,5,8,36
5972,929,6,14,36
5973,929,7,22,36
5974,930,1,711,948
5975,930,2,28,948
5976,930,3,142,948
5977,930,4,49,948
5978,930,5,18,948
5979,930,6,47,948
5980,930,7,901,948
5981,931,1,11,30
5982,931,3,13,30
5983,931,4,2,30
5984,931,5,4,30
5985,931,6,11,30
5986,931,7,19,30
5987,932,1,42,59
5988,932,3,17,59
5989,932,6,18,59
5990,932,7,41,59
5991,933,1,79,153
5992,933,2,7,153
5993,933,3,58,153
5994,933,4,6,153
5995,933,5,3,153
5996,933,6,18,153
5997,933,7,135,153
5998,934,1,20,93
5999,934,2,6,93
6000,934,3,43,93
6001,934,4,19,93
6002,934,5,5,93
6003,934,6,38,93
6004,934,7,55,93
6005,935,1,30,40
6006,935,3,8,40
6007,935,4,2,40
6008,935,6,14,40
6009,935,7,26,40
6010,936,1,20,49
6011,936,2,2,49
6012,936,3,23,49
6013,936,4,3,49
6014,936,5,1,49
6015,936,6,4,49
6016,936,7,45,49
6017,937,1,115,336
6018,937,2,27,336
6019,937,3,44,336
6020,937,4,4,336
6021,937,5,146,336
6022,937,6,139,336
6023,937,7,197,336
6024,938,1,263,611
6025,938,2,5,611
6026,938,3,233,611
6027,938,4,69,611
6028,938,5,41,611
6029,938,6,83,611
6030,938,7,528,611
6031,939,1,69,90
6032,939,2,2,90
6033,939,3,15,90
6034,939,4,2,90
6035,939,5,2,90
6036,939,6,6,90
6037,939,7,84,90
6038,940,1,267,304
6039,940,2,3,304
6040,940,3,30,304
6041,940,4,4,304
6042,940,6,57,304
6043,940,7,247,304
6044,941,1,561,965
6045,941,2,85,965
6046,941,3,171,965
6047,941,4,25,965
6048,941,5,123,965
6049,941,6,114,965
6050,941,7,851,965
6051,942,1,492,536
6052,942,3,37,536
6053,942,4,7,536
6054,942,6,42,536
6055,942,7,494,536
6056,943,1,14,52
6057,943,2,7,52
6058,943,3,9,52
6059,943,4,6,52
6060,943,5,16,52
6061,943,6,12,52
6062,943,7,40,52
6063,944,1,80,147
6064,944,2,4,147
6065,944,3,46,147
6066,944,5,17,147
6067,944,6,2,147
6068,944,7,145,147
6069,945,1,97,216
6070,945,2,12,216
6071,945,3,84,216
6072,945,4,13,216
6073,945,5,10,216
6074,945,6,15,216
6075,945,7,201,216
6076,946,1,197,597
6077,946,2,107,597
6078,946,3,227,597
6079,946,4,7,597
6080,946,5,59,597
6081,946,6,131,597
6082,946,7,466,597
6083,947,1,693,1694
6084,947,2,21,1694
6085,947,3,925,1694
6086,947,4,31,1694
6087,947,5,24,1694
6088,947,6,84,1694
6089,947,7,1610,1694
6090,948,1,43,81
6091,948,2,2,81
6092,948,3,27,81
6093,948,5,9,81
6094,948,6,12,81
6095,948,7,69,81
6096,949,1,14,16
6097,949,3,2,16
6098,949,6,7,16
6099,949,7,9,16
6100,950,1,186,614
6101,950,2,36,614
6102,950,3,234,614
6103,950,4,86,614
6104,950,5,72,614
6105,950,6,48,614
6106,950,7,566,614
6107,951,1,434,1153
6108,951,2,137,1153
6109,951,3,400,1153
6110,951,4,45,1153
6111,951,5,137,1153
6112,951,6,45,1153
6113,951,7,1108,1153
6114,952,1,59,76
6115,952,3,11,76
6116,952,4,4,76
6117,952,5,2,76
6118,952,6,5,76
6119,952,7,71,76
6120,953,1,16,66
6121,953,2,5,66
6122,953,3,30,66
6123,953,4,8,66
6124,953,5,7,66
6125,953,6,26,66
6126,953,7,40,66
6127,954,1,230,460
6128,954,2,35,460
6129,954,3,75,460
6130,954,4,63,460
6131,954,5,57,460
6132,954,6,31,460
6133,954,7,429,460
6134,955,1,829,1549
6135,955,2,138,1549
6136,955,3,430,1549
6137,955,4,60,1549
6138,955,5,92,1549
6139,955,6,15,1549
6140,955,7,1534,1549
6141,956,1,318,918
6142,956,2,8,918
6143,956,3,407,918
6144,956,4,150,918
6145,956,5,35,918
6146,956,6,8,918
6147,956,7,910,918
6148,957,1,1206,1892
6149,957,2,55,1892
6150,957,3,445,1892
6151,957,4,168,1892
6152,957,5,18,1892
6153,957,6,18,1892
6154,957,7,1874,1892
6155,958,1,292,385
6156,958,2,3,385
6157,958,3,77,385
6158,958,4,10,385
6159,958,5,3,385
6160,958,6,26,385
6161,958,7,359,385
6162,959,1,30,64
6163,959,2,9,64
6164,959,3,12,64
6165,959,4,2,64
6166,959,5,11,64
6167,959,6,30,64
6168,959,7,34,64
6169,960,1,729,890
6170,960,2,17,890
6171,960,3,133,890
6172,960,4,11,890
6173,960,6,195,890
6174,960,7,695,890
6175,961,1,12,16
6176,961,2,1,16
6177,961,3,3,16
6178,961,6,7,16
6179,961,7,9,16
6180,962,1,2,5
6181,962,2,1,5
6182,962,3,1,5
6183,962,4,1,5
6184,962,6,1,5
6185,962,7,4,5
6186,963,1,22,43
6187,963,2,3,43
6188,963,3,18,43
6189,963,6,11,43
6190,963,7,32,43
6191,964,1,587,1096
6192,964,2,43,1096
6193,964,3,337,1096
6194,964,4,42,1096
6195,964,5,87,1096
6196,964,6,54,1096
6197,964,7,1042,1096
6198,965,1,674,1184
6199,965,2,168,1184
6200,965,3,108,1184
6201,965,4,192,1184
6202,965,5,42,1184
6203,965,6,231,1184
6204,965,7,953,1184
6205,966,1,284,382
6206,966,2,3,382
6207,966,3,84,382
6208,966,4,4,382
6209,966,5,7,382
6210,966,6,23,382
6211,966,7,359,382
6212,967,1,1023,1871
6213,967,2,93,1871
6214,967,3,651,1871
6215,967,4,49,1871
6216,967,5,55,1871
6217,967,6,37,1871
6218,967,7,1834,1871
6219,968,1,1394,2304
6220,968,2,22,2304
6221,968,3,708,2304
6222,968,4,89,2304
6223,968,5,91,2304
6224,968,6,182,2304
6225,968,7,2122,2304
6226,969,1,311,1194
6227,969,2,26,1194
6228,969,3,640,1194
6229,969,4,180,1194
6230,969,5,37,1194
6231,969,6,121,1194
6232,969,7,1073,1194
6233,970,1,27,40
6234,970,3,12,40
6235,970,5,1,40
6236,970,6,5,40
6237,970,7,35,40
6238,971,1,1296,1738
6239,971,2,17,1738
6240,971,3,311,1738
6241,971,4,45,1738
6242,971,5,69,1738
6243,971,6,51,1738
6244,971,7,1687,1738
6245,972,1,3,16
6246,972,2,6,16
6247,972,3,7,16
6248,972,6,3,16
6249,972,7,13,16
6250,973,1,393,546
6251,973,2,5,546
6252,973,3,136,546
6253,973,4,7,546
6254,973,5,5,546
6255,973,6,27,546
6256,973,7,519,546
6257,974,1,218,735
6258,974,2,63,735
6259,974,3,282,735
6260,974,4,137,735
6261,974,5,35,735
6262,974,6,70,735
6263,974,7,665,735
6264,975,1,66,88
6265,975,3,16,88
6266,975,5,6,88
6267,975,6,20,88
6268,975,7,68,88
6269,976,1,4,19
6270,976,2,2,19
6271,976,3,11,19
6272,976,4,2,19
6273,976,6,4,19
6274,976,7,15,19
6275,977,1,795,1493
6276,977,3,545,1493
6277,977,4,95,1493
6278,977,5,58,1493
6279,977,7,1493,1493
6280,978,1,15,69
6281,978,2,10,69
6282,978,3,19,69
6283,978,4,8,69
6284,978,5,17,69
6285,978,6,20,69
6286,978,7,49,69
6287,979,1,384,872
6288,979,2,25,872
6289,979,3,292,872
6290,979,4,130,872
6291,979,5,41,872
6292,979,6,64,872
6293,979,7,808,872
6294,980,1,244,293
6295,980,2,8,293
6296,980,3,32,293
6297,980,4,7,293
6298,980,5,2,293
6299,980,6,50,293
6300,980,7,243,293
6301,981,1,158,490
6302,981,2,19,490
6303,981,3,288,490
6304,981,4,25,490
6305,981,6,38,490
6306,981,7,452,490
6307,982,1,1285,1881
6308,982,2,21,1881
6309,982,3,449,1881
6310,982,4,106,1881
6311,982,5,20,1881
6312,982,6,20,1881
6313,982,7,1861,1881
6314,983,1,349,542
6315,983,2,16,542
6316,983,3,144,542
6317,983,4,28,542
6318,983,5,5,542
6319,983,6,182,542
6320,983,7,360,542
6321,984,1,4,43
6322,984,2,12,43
6323,984,3,11,43
6324,984,4,3,43
6325,984,5,13,43
6326,984,6,15,43
6327,984,7,28,43
6328,985,1,223,258
6329,985,2,2,258
6330,985,3,31,258
6331,985,5,2,258
6332,985,6,39,258
6333,985,7,219,258
6334,986,1,157,451
6335,986,2,43,451
6336,986,3,127,451
6337,986,4,68,451
6338,986,5,56,451
6339,986,6,37,451
6340,986,7,414,451
6341,987,1,397,789
6342,987,2,46,789
6343,987,3,288,789
6344,987,4,20,789
6345,987,5,38,789
6346,987,6,70,789
6347,987,7,719,789
6348,988,1,901,1383
6349,988,2,31,1383
6350,988,3,345,1383
6351,988,4,75,1383
6352,988,5,31,1383
6353,988,6,191,1383
6354,988,7,1192,1383
6355,989,1,14,41
6356,989,2,3,41
6357,989,3,21,41
6358,989,4,2,41
6359,989,5,1,41
6360,989,6,28,41
6361,989,7,13,41
6362,990,1,10,13
6363,990,3,3,13
6364,990,6,4,13
6365,990,7,9,13
6366,991,1,1230,2036
6367,991,3,396,2036
6368,991,4,232,2036
6369,991,5,178,2036
6370,991,6,158,2036
6371,991,7,1878,2036
6372,992,1,81,116
6373,992,2,1,116
6374,992,3,31,116
6375,992,4,2,116
6376,992,5,1,116
6377,992,7,116,116
6378,993,1,154,252
6379,993,2,20,252
6380,993,3,66,252
6381,993,5,12,252
6382,993,6,27,252
6383,993,7,225,252
6384,994,1,63,91
6385,994,3,21,91
6386,994,4,7,91
6387,994,6,12,91
6388,994,7,79,91
6389,995,1,30,41
6390,995,3,11,41
6391,995,6,3,41
6392,995,7,38,41
6393,996,1,90,395
6394,996,2,67,395
6395,996,3,165,395
6396,996,4,30,395
6397,996,5,43,395
6398,996,6,11,395
6399,996,7,384,395
6400,997,1,635,1287
6401,997,2,114,1287
6402,997,3,254,1287
6403,997,4,132,1287
6404,997,5,152,1287
6405,997,6,76,1287
6406,997,7,1211,1287
6407,998,1,127,225
6408,998,2,4,225
6409,998,3,73,225
6410,998,4,15,225
6411,998,5,6,225
6412,998,6,11,225
6413,998,7,214,225
6414,999,1,13,33
6415,999,2,3,33
6416,999,3,6,33
6417,999,4,6,33
6418,999,5,5,33
6419,999,6,6,33
6420,999,7,27,33
6421,1000,1,18,119
6422,1000,2,42,119
6423,1000,3,24,119
6424,1000,4,15,119
6425,1000,5,20,119
6426,1000,6,18,119
6427,1000,7,101,119
6428,1001,1,45,78
6429,1001,2,2,78
6430,1001,3,26,78
6431,1001,4,4,78
6432,1001,5,1,78
6433,1001,6,1,78
6434,1001,7,77,78
6435,1002,1,38,63
6436,1002,2,1,63
6437,1002,3,24,63
6438,1002,7,63,63
6439,1003,1,986,1206
6440,1003,2,36,1206
6441,1003,3,168,1206
6442,1003,4,16,1206
6443,1003,6,108,1206
6444,1003,7,1098,1206
6445,1004,1,61,64
6446,1004,3,3,64
6447,1004,6,7,64
6448,1004,7,57,64
6449,1005,1,4,46
6450,1005,2,9,46
6451,1005,3,16,46
6452,1005,4,17,46
6453,1005,6,12,46
6454,1005,7,34,46
6455,1006,1,201,619
6456,1006,2,53,619
6457,1006,3,172,619
6458,1006,4,116,619
6459,1006,5,77,619
6460,1006,6,83,619
6461,1006,7,536,619
6462,1007,1,19,68
6463,1007,2,8,68
6464,1007,3,29,68
6465,1007,5,12,68
6466,1007,6,26,68
6467,1007,7,42,68
6468,1008,1,4,54
6469,1008,2,8,54
6470,1008,3,11,54
6471,1008,4,19,54
6472,1008,5,12,54
6473,1008,6,26,54
6474,1008,7,28,54
6475,1009,1,18,20
6476,1009,3,2,20
6477,1009,6,2,20
6478,1009,7,18,20
6479,1010,1,806,1178
6480,1010,2,80,1178
6481,1010,3,161,1178
6482,1010,4,120,1178
6483,1010,5,11,1178
6484,1010,6,33,1178
6485,1010,7,1145,1178
6486,1011,1,380,1433
6487,1011,2,98,1433
6488,1011,3,733,1433
6489,1011,4,110,1433
6490,1011,5,112,1433
6491,1011,6,28,1433
6492,1011,7,1405,1433
6493,1012,1,576,1949
6494,1012,2,172,1949
6495,1012,3,961,1949
6496,1012,4,125,1949
6497,1012,5,115,1949
6498,1012,6,19,1949
6499,1012,7,1930,1949
6500,1013,1,458,1051
6501,1013,2,81,1051
6502,1013,3,356,1051
6503,1013,4,106,1051
6504,1013,5,50,1051
6505,1013,6,40,1051
6506,1013,7,1011,1051
6507,1014,1,5,39
6508,1014,2,10,39
6509,1014,3,13,39
6510,1014,4,3,39
6511,1014,5,8,39
6512,1014,6,16,39
6513,1014,7,23,39
6514,1015,1,350,1221
6515,1015,2,60,1221
6516,1015,3,568,1221
6517,1015,4,110,1221
6518,1015,5,133,1221
6519,1015,6,145,1221
6520,1015,7,1076,1221
6521,1016,1,39,269
6522,1016,2,33,269
6523,1016,3,130,269
6524,1016,4,41,269
6525,1016,5,26,269
6526,1016,6,44,269
6527,1016,7,225,269
6528,1017,1,26,47
6529,1017,2,1,47
6530,1017,3,16,47
6531,1017,4,2,47
6532,1017,5,2,47
6533,1017,6,15,47
6534,1017,7,32,47
6535,1018,1,68,84
6536,1018,3,16,84
6537,1018,6,8,84
6538,1018,7,76,84
6539,1019,1,45,65
6540,1019,2,3,65
6541,1019,3,9,65
6542,1019,4,4,65
6543,1019,5,4,65
6544,1019,6,7,65
6545,1019,7,58,65
6546,1020,1,359,532
6547,1020,3,134,532
6548,1020,4,13,532
6549,1020,5,26,532
6550,1020,6,123,532
6551,1020,7,409,532
6552,1021,1,403,486
6553,1021,2,24,486
6554,1021,3,29,486
6555,1021,4,6,486
6556,1021,5,24,486
6557,1021,6,218,486
6558,1021,7,268,486
6559,1022,1,34,49
6560,1022,2,1,49
6561,1022,3,14,49
6562,1022,6,5,49
6563,1022,7,44,49
6564,1023,1,73,176
6565,1023,2,18,176
6566,1023,3,66,176
6567,1023,4,7,176
6568,1023,5,12,176
6569,1023,6,2,176
6570,1023,7,174,176
6571,1024,1,292,833
6572,1024,2,30,833
6573,1024,3,415,833
6574,1024,4,63,833
6575,1024,5,33,833
6576,1024,6,200,833
6577,1024,7,633,833
6578,1025,1,14,30
6579,1025,3,16,30
6580,1025,6,6,30
6581,1025,7,24,30
6582,1026,1,80,119
6583,1026,2,1,119
6584,1026,3,37,119
6585,1026,5,1,119
6586,1026,6,3,119
6587,1026,7,116,119
6588,1027,1,30,93
6589,1027,2,11,93
6590,1027,3,33,93
6591,1027,4,13,93
6592,1027,5,6,93
6593,1027,6,29,93
6594,1027,7,64,93
6595,1028,1,463,1113
6596,1028,2,96,1113
6597,1028,3,333,1113
6598,1028,4,168,1113
6599,1028,5,53,1113
6600,1028,6,10,1113
6601,1028,7,1103,1113
6602,1029,1,75,310
6603,1029,2,12,310
6604,1029,3,141,310
6605,1029,4,43,310
6606,1029,5,39,310
6607,1029,6,187,310
6608,1029,7,123,310
6609,1030,1,538,665
6610,1030,2,13,665
6611,1030,3,91,665
6612,1030,4,17,665
6613,1030,5,6,665
6614,1030,6,26,665
6615,1030,7,639,665
6616,1031,1,635,1287
6617,1031,2,114,1287
6618,1031,3,254,1287
6619,1031,4,132,1287
6620,1031,5,152,1287
6621,1031,6,76,1287
6622,1031,7,1211,1287
6623,1032,1,8,11
6624,1032,3,3,11
6625,1032,6,1,11
6626,1032,7,10,11
6627,1033,1,1315,2262
6628,1033,2,22,2262
6629,1033,3,780,2262
6630,1033,4,145,2262
6631,1033,6,178,2262
6632,1033,7,2084,2262
6633,1034,1,4,30
6634,1034,2,2,30
6635,1034,3,12,30
6636,1034,4,7,30
6637,1034,5,5,30
6638,1034,6,26,30
6639,1034,7,4,30
6640,1035,1,12,27
6641,1035,3,13,27
6642,1035,4,2,27
6643,1035,6,10,27
6644,1035,7,17,27
6645,1036,1,347,942
6646,1036,2,44,942
6647,1036,3,534,942
6648,1036,4,17,942
6649,1036,6,26,942
6650,1036,7,916,942
6651,1037,1,192,255
6652,1037,2,5,255
6653,1037,3,53,255
6654,1037,5,5,255
6655,1037,6,15,255
6656,1037,7,240,255
6657,1038,1,241,253
6658,1038,3,12,253
6659,1038,6,25,253
6660,1038,7,228,253
6661,1039,1,631,1194
6662,1039,2,28,1194
6663,1039,3,491,1194
6664,1039,4,30,1194
6665,1039,5,14,1194
6666,1039,6,56,1194
6667,1039,7,1138,1194
6668,1040,1,336,884
6669,1040,2,28,884
6670,1040,3,282,884
6671,1040,4,184,884
6672,1040,5,54,884
6673,1040,6,54,884
6674,1040,7,830,884
6675,1041,1,1099,1144
6676,1041,3,45,1144
6677,1041,6,34,1144
6678,1041,7,1110,1144
6679,1042,1,743,955
6680,1042,2,19,955
6681,1042,3,181,955
6682,1042,4,12,955
6683,1042,6,200,955
6684,1042,7,755,955
6685,1043,1,124,618
6686,1043,2,83,618
6687,1043,3,267,618
6688,1043,4,85,618
6689,1043,5,59,618
6690,1043,6,35,618
6691,1043,7,583,618
6692,1044,1,15,29
6693,1044,3,8,29
6694,1044,4,4,29
6695,1044,5,2,29
6696,1044,6,20,29
6697,1044,7,9,29
6698,1045,1,397,497
6699,1045,2,19,497
6700,1045,3,69,497
6701,1045,4,12,497
6702,1045,6,9,497
6703,1045,7,488,497
6704,1046,1,10,24
6705,1046,2,4,24
6706,1046,3,4,24
6707,1046,4,3,24
6708,1046,5,3,24
6709,1046,6,14,24
6710,1046,7,10,24
6711,1047,1,530,1503
6712,1047,2,117,1503
6713,1047,3,678,1503
6714,1047,4,134,1503
6715,1047,5,44,1503
6716,1047,6,147,1503
6717,1047,7,1356,1503
6718,1048,1,1215,1677
6719,1048,2,33,1677
6720,1048,3,249,1677
6721,1048,4,64,1677
6722,1048,5,116,1677
6723,1048,6,149,1677
6724,1048,7,1528,1677
6725,1049,1,3,16
6726,1049,2,2,16
6727,1049,3,7,16
6728,1049,5,4,16
6729,1049,6,2,16
6730,1049,7,14,16
6731,1050,1,444,889
6732,1050,2,44,889
6733,1050,3,382,889
6734,1050,4,11,889
6735,1050,5,8,889
6736,1050,6,17,889
6737,1050,7,872,889
6738,1051,1,26,44
6739,1051,3,15,44
6740,1051,4,2,44
6741,1051,5,1,44
6742,1051,6,2,44
6743,1051,7,42,44
6744,1052,1,736,1287
6745,1052,2,114,1287
6746,1052,3,279,1287
6747,1052,4,82,1287
6748,1052,5,76,1287
6749,1052,6,190,1287
6750,1052,7,1097,1287
6751,1053,1,473,710
6752,1053,2,21,710
6753,1053,3,176,710
6754,1053,4,19,710
6755,1053,5,21,710
6756,1053,6,56,710
6757,1053,7,654,710
6758,1054,1,32,39
6759,1054,3,5,39
6760,1054,4,2,39
6761,1054,6,8,39
6762,1054,7,31,39
6763,1055,1,288,342
6764,1055,2,10,342
6765,1055,3,30,342
6766,1055,4,4,342
6767,1055,5,10,342
6768,1055,6,125,342
6769,1055,7,217,342
6770,1056,1,1050,1998
6771,1056,2,178,1998
6772,1056,3,555,1998
6773,1056,4,77,1998
6774,1056,5,138,1998
6775,1056,6,118,1998
6776,1056,7,1880,1998
6777,1057,1,1001,1254
6778,1057,2,44,1254
6779,1057,3,107,1254
6780,1057,4,58,1254
6781,1057,5,44,1254
6782,1057,6,44,1254
6783,1057,7,1210,1254
6784,1058,1,9,20
6785,1058,2,1,20
6786,1058,3,7,20
6787,1058,5,3,20
6788,1058,6,2,20
6789,1058,7,18,20
6790,1059,1,234,354
6791,1059,2,14,354
6792,1059,3,77,354
6793,1059,4,19,354
6794,1059,5,10,354
6795,1059,6,42,354
6796,1059,7,312,354
6797,1060,1,7,17
6798,1060,2,2,17
6799,1060,3,6,17
6800,1060,4,2,17
6801,1060,6,3,17
6802,1060,7,14,17
6803,1061,1,251,850
6804,1061,2,108,850
6805,1061,3,334,850
6806,1061,4,65,850
6807,1061,5,92,850
6808,1061,6,117,850
6809,1061,7,733,850
6810,1062,1,172,341
6811,1062,2,10,341
6812,1062,3,125,341
6813,1062,4,21,341
6814,1062,5,13,341
6815,1062,6,16,341
6816,1062,7,325,341
6817,1063,1,565,1302
6818,1063,2,42,1302
6819,1063,3,548,1302
6820,1063,4,64,1302
6821,1063,5,83,1302
6822,1063,6,99,1302
6823,1063,7,1203,1302
6824,1064,1,5,15
6825,1064,3,8,15
6826,1064,4,2,15
6827,1064,7,15,15
6828,1065,1,918,1954
6829,1065,2,57,1954
6830,1065,3,842,1954
6831,1065,4,99,1954
6832,1065,5,38,1954
6833,1065,6,133,1954
6834,1065,7,1821,1954
6835,1066,1,652,839
6836,1066,2,8,839
6837,1066,3,158,839
6838,1066,4,21,839
6839,1066,6,142,839
6840,1066,7,697,839
6841,1067,1,4,15
6842,1067,2,1,15
6843,1067,3,7,15
6844,1067,4,2,15
6845,1067,5,1,15
6846,1067,6,2,15
6847,1067,7,13,15
6848,1068,1,152,442
6849,1068,2,27,442
6850,1068,3,103,442
6851,1068,4,106,442
6852,1068,5,54,442
6853,1068,6,81,442
6854,1068,7,361,442
6855,1069,1,8,20
6856,1069,3,9,20
6857,1069,4,2,20
6858,1069,5,1,20
6859,1069,6,3,20
6860,1069,7,17,20
6861,1070,1,336,1149
6862,1070,2,130,1149
6863,1070,3,411,1149
6864,1070,4,240,1149
6865,1070,5,32,1149
6866,1070,6,43,1149
6867,1070,7,1106,1149
6868,1071,1,938,1920
6869,1071,2,19,1920
6870,1071,3,843,1920
6871,1071,4,25,1920
6872,1071,5,95,1920
6873,1071,6,38,1920
6874,1071,7,1882,1920
6875,1072,1,68,121
6876,1072,2,8,121
6877,1072,3,18,121
6878,1072,4,19,121
6879,1072,5,8,121
6880,1072,6,12,121
6881,1072,7,109,121
6882,1073,1,227,702
6883,1073,2,23,702
6884,1073,3,389,702
6885,1073,4,42,702
6886,1073,5,21,702
6887,1073,6,75,702
6888,1073,7,627,702
6889,1074,1,38,70
6890,1074,2,4,70
6891,1074,3,22,70
6892,1074,4,3,70
6893,1074,5,3,70
6894,1074,6,3,70
6895,1074,7,67,70
6896,1075,1,105,117
6897,1075,3,9,117
6898,1075,4,2,117
6899,1075,5,1,117
6900,1075,6,4,117
6901,1075,7,113,117
6902,1076,1,162,397
6903,1076,2,50,397
6904,1076,3,100,397
6905,1076,4,55,397
6906,1076,5,30,397
6907,1076,6,27,397
6908,1076,7,370,397
6909,1077,1,574,835
6910,1077,2,8,835
6911,1077,3,216,835
6912,1077,4,21,835
6913,1077,5,16,835
6914,1077,6,33,835
6915,1077,7,802,835
6916,1078,1,160,715
6917,1078,2,80,715
6918,1078,3,369,715
6919,1078,4,67,715
6920,1078,5,39,715
6921,1078,6,41,715
6922,1078,7,674,715
6923,1079,1,6,11
6924,1079,3,5,11
6925,1079,6,1,11
6926,1079,7,10,11
6927,1080,1,614,902
6928,1080,2,35,902
6929,1080,3,160,902
6930,1080,4,58,902
6931,1080,5,35,902
6932,1080,6,35,902
6933,1080,7,867,902
6934,1081,1,897,1835
6935,1081,2,161,1835
6936,1081,3,430,1835
6937,1081,4,186,1835
6938,1081,5,161,1835
6939,1081,6,27,1835
6940,1081,7,1808,1835
6941,1082,1,70,322
6942,1082,2,54,322
6943,1082,3,109,322
6944,1082,4,80,322
6945,1082,5,9,322
6946,1082,6,45,322
6947,1082,7,277,322
6948,1083,1,120,389
6949,1083,2,19,389
6950,1083,3,206,389
6951,1083,4,25,389
6952,1083,5,19,389
6953,1083,6,54,389
6954,1083,7,335,389
6955,1084,1,211,257
6956,1084,2,2,257
6957,1084,3,30,257
6958,1084,4,7,257
6959,1084,5,7,257
6960,1084,6,10,257
6961,1084,7,247,257
6962,1085,1,11,40
6963,1085,3,16,40
6964,1085,4,7,40
6965,1085,5,6,40
6966,1085,6,21,40
6967,1085,7,19,40
6968,1086,1,760,1323
6969,1086,2,53,1323
6970,1086,3,400,1323
6971,1086,4,17,1323
6972,1086,5,93,1323
6973,1086,7,1323,1323
6974,1087,1,53,61
6975,1087,3,8,61
6976,1087,6,2,61
6977,1087,7,59,61
6978,1088,1,7,47
6979,1088,2,4,47
6980,1088,3,13,47
6981,1088,4,15,47
6982,1088,5,8,47
6983,1088,6,17,47
6984,1088,7,30,47
6985,1089,1,391,546
6986,1089,2,32,546
6987,1089,3,70,546
6988,1089,4,21,546
6989,1089,5,32,546
6990,1089,6,16,546
6991,1089,7,530,546
6992,1090,1,199,306
6993,1090,2,9,306
6994,1090,3,57,306
6995,1090,4,20,306
6996,1090,5,21,306
6997,1090,6,6,306
6998,1090,7,300,306
6999,1091,1,516,1140
7000,1091,2,56,1140
7001,1091,3,449,1140
7002,1091,4,86,1140
7003,1091,5,33,1140
7004,1091,6,16,1140
7005,1091,7,1124,1140
7006,1092,1,709,1059
7007,1092,2,45,1059
7008,1092,3,115,1059
7009,1092,4,30,1059
7010,1092,5,160,1059
7011,1092,6,45,1059
7012,1092,7,1014,1059
7013,1093,1,12,16
7014,1093,3,4,16
7015,1093,7,16,16
7016,1094,1,1000,1970
7017,1094,2,19,1970
7018,1094,3,711,1970
7019,1094,4,125,1970
7020,1094,5,115,1970
7021,1094,6,38,1970
7022,1094,7,1932,1970
7023,1095,1,19,44
7024,1095,2,3,44
7025,1095,3,18,44
7026,1095,4,3,44
7027,1095,5,1,44
7028,1095,7,44,44
7029,1096,1,1224,1406
7030,1096,2,28,1406
7031,1096,3,140,1406
7032,1096,5,14,1406
7033,1096,6,168,1406
7034,1096,7,1238,1406
7035,1097,1,16,39
7036,1097,2,2,39
7037,1097,3,18,39
7038,1097,4,3,39
7039,1097,6,24,39
7040,1097,7,15,39
7041,1098,1,88,273
7042,1098,2,39,273
7043,1098,3,54,273
7044,1098,4,64,273
7045,1098,5,28,273
7046,1098,6,153,273
7047,1098,7,120,273
7048,1099,1,2,50
7049,1099,2,23,50
7050,1099,3,11,50
7051,1099,4,8,50
7052,1099,5,6,50
7053,1099,6,46,50
7054,1099,7,4,50
7055,1100,1,508,606
7056,1100,2,11,606
7057,1100,3,59,606
7058,1100,4,23,606
7059,1100,5,5,606
7060,1100,6,29,606
7061,1100,7,577,606
7062,1101,1,381,736
7063,1101,2,28,736
7064,1101,3,215,736
7065,1101,4,84,736
7066,1101,5,28,736
7067,1101,6,21,736
7068,1101,7,715,736
7069,1102,1,74,119
7070,1102,3,42,119
7071,1102,4,2,119
7072,1102,5,1,119
7073,1102,6,6,119
7074,1102,7,113,119
7075,1103,1,146,259
7076,1103,3,93,259
7077,1103,4,7,259
7078,1103,5,13,259
7079,1103,6,73,259
7080,1103,7,186,259
7081,1104,1,23,126
7082,1104,2,17,126
7083,1104,3,23,126
7084,1104,4,43,126
7085,1104,5,20,126
7086,1104,6,9,126
7087,1104,7,117,126
7088,1105,1,110,301
7089,1105,2,5,301
7090,1105,3,137,301
7091,1105,4,26,301
7092,1105,5,23,301
7093,1105,6,29,301
7094,1105,7,272,301
7095,1106,1,165,343
7096,1106,2,3,343
7097,1106,3,147,343
7098,1106,4,4,343
7099,1106,5,24,343
7100,1106,6,41,343
7101,1106,7,302,343
7102,1107,1,957,1627
7103,1107,2,47,1627
7104,1107,3,494,1627
7105,1107,4,82,1627
7106,1107,5,47,1627
7107,1107,6,95,1627
7108,1107,7,1532,1627
7109,1108,1,41,62
7110,1108,3,17,62
7111,1108,4,3,62
7112,1108,5,1,62
7113,1108,6,16,62
7114,1108,7,46,62
7115,1109,1,1,13
7116,1109,2,3,13
7117,1109,3,4,13
7118,1109,4,2,13
7119,1109,5,3,13
7120,1109,6,11,13
7121,1109,7,2,13
7122,1110,1,176,1056
7123,1110,2,29,1056
7124,1110,3,818,1056
7125,1110,5,33,1056
7126,1110,6,112,1056
7127,1110,7,944,1056
7128,1111,1,815,887
7129,1111,2,8,887
7130,1111,3,53,887
7131,1111,4,11,887
7132,1111,6,70,887
7133,1111,7,817,887
7134,1112,1,6,11
7135,1112,2,1,11
7136,1112,3,2,11
7137,1112,4,2,11
7138,1112,6,4,11
7139,1112,7,7,11
7140,1113,1,8,41
7141,1113,2,4,41
7142,1113,3,20,41
7143,1113,4,6,41
7144,1113,5,3,41
7145,1113,6,16,41
7146,1113,7,25,41
7147,1114,1,717,1872
7148,1114,2,42,1872
7149,1114,3,864,1872
7150,1114,4,219,1872
7151,1114,5,30,1872
7152,1114,6,84,1872
7153,1114,7,1788,1872
7154,1115,1,1067,1974
7155,1115,2,138,1974
7156,1115,3,750,1974
7157,1115,5,19,1974
7158,1115,6,39,1974
7159,1115,7,1935,1974
7160,1116,1,166,297
7161,1116,2,5,297
7162,1116,3,107,297
7163,1116,4,11,297
7164,1116,5,8,297
7165,1116,6,29,297
7166,1116,7,268,297
7167,1117,1,29,73
7168,1117,2,4,73
7169,1117,3,34,73
7170,1117,4,2,73
7171,1117,5,4,73
7172,1117,6,4,73
7173,1117,7,69,73
7174,1118,1,714,1301
7175,1118,2,76,1301
7176,1118,3,395,1301
7177,1118,4,116,1301
7178,1118,6,12,1301
7179,1118,7,1289,1301
7180,1119,1,8,26
7181,1119,2,4,26
7182,1119,3,10,26
7183,1119,4,2,26
7184,1119,5,2,26
7185,1119,6,4,26
7186,1119,7,22,26
7187,1120,1,229,295
7188,1120,2,5,295
7189,1120,3,56,295
7190,1120,4,3,295
7191,1120,5,2,295
7192,1120,6,20,295
7193,1120,7,275,295
7194,1121,1,320,612
7195,1121,2,48,612
7196,1121,3,133,612
7197,1121,4,39,612
7198,1121,5,72,612
7199,1121,6,48,612
7200,1121,7,564,612
7201,1122,1,23,71
7202,1122,3,26,71
7203,1122,4,7,71
7204,1122,5,15,71
7205,1122,6,3,71
7206,1122,7,68,71
7207,1123,1,1,26
7208,1123,2,5,26
7209,1123,3,8,26
7210,1123,4,4,26
7211,1123,5,8,26
7212,1123,6,20,26
7213,1123,7,6,26
7214,1124,1,56,68
7215,1124,3,12,68
7216,1124,6,18,68
7217,1124,7,50,68
7218,1125,1,508,969
7219,1125,2,124,969
7220,1125,3,249,969
7221,1125,4,50,969
7222,1125,5,38,969
7223,1125,6,134,969
7224,1125,7,835,969
7225,1126,1,29,58
7226,1126,3,25,58
7227,1126,4,2,58
7228,1126,5,2,58
7229,1126,6,3,58
7230,1126,7,55,58
7231,1127,1,46,118
7232,1127,2,7,118
7233,1127,3,59,118
7234,1127,4,2,118
7235,1127,5,4,118
7236,1127,6,27,118
7237,1127,7,91,118
7238,1128,1,454,652
7239,1128,3,171,652
7240,1128,4,8,652
7241,1128,5,19,652
7242,1128,6,32,652
7243,1128,7,620,652
7244,1129,1,350,392
7245,1129,2,3,392
7246,1129,3,39,392
7247,1129,6,19,392
7248,1129,7,373,392
7249,1130,1,10,18
7250,1130,3,8,18
7251,1130,6,9,18
7252,1130,7,9,18
7253,1131,1,735,1030
7254,1131,2,40,1030
7255,1131,3,183,1030
7256,1131,4,52,1030
7257,1131,5,20,1030
7258,1131,6,30,1030
7259,1131,7,1000,1030
7260,1132,1,897,1422
7261,1132,2,126,1422
7262,1132,3,196,1422
7263,1132,4,91,1422
7264,1132,5,112,1422
7265,1132,6,37,1422
7266,1132,7,1385,1422
7267,1133,1,5,13
7268,1133,2,2,13
7269,1133,3,3,13
7270,1133,4,3,13
7271,1133,6,5,13
7272,1133,7,8,13
7273,1134,1,777,1719
7274,1134,2,35,1719
7275,1134,3,731,1719
7276,1134,4,39,1719
7277,1134,5,137,1719
7278,1134,6,114,1719
7279,1134,7,1605,1719
7280,1135,1,162,224
7281,1135,2,6,224
7282,1135,3,37,224
7283,1135,4,6,224
7284,1135,5,13,224
7285,1135,6,13,224
7286,1135,7,211,224
7287,1136,1,35,46
7288,1136,3,11,46
7289,1136,6,2,46
7290,1136,7,44,46
7291,1137,1,342,496
7292,1137,2,9,496
7293,1137,3,112,496
7294,1137,4,19,496
7295,1137,5,14,496
7296,1137,6,19,496
7297,1137,7,477,496
7298,1138,1,258,1011
7299,1138,2,105,1011
7300,1138,3,239,1011
7301,1138,4,237,1011
7302,1138,5,172,1011
7303,1138,6,9,1011
7304,1138,7,1002,1011
7305,1139,1,658,1357
7306,1139,2,80,1357
7307,1139,3,483,1357
7308,1139,4,123,1357
7309,1139,5,13,1357
7310,1139,6,13,1357
7311,1139,7,1344,1357
7312,1140,1,356,920
7313,1140,2,80,920
7314,1140,3,329,920
7315,1140,4,138,920
7316,1140,5,17,920
7317,1140,6,106,920
7318,1140,7,814,920
7319,1141,1,213,260
7320,1141,2,5,260
7321,1141,3,28,260
7322,1141,4,7,260
7323,1141,5,7,260
7324,1141,6,41,260
7325,1141,7,219,260
7326,1142,1,454,652
7327,1142,3,171,652
7328,1142,4,8,652
7329,1142,5,19,652
7330,1142,6,32,652
7331,1142,7,620,652
7332,1143,1,457,490
7333,1143,2,4,490
7334,1143,3,29,490
7335,1143,6,9,490
7336,1143,7,481,490
7337,1144,1,241,950
7338,1144,2,45,950
7339,1144,3,604,950
7340,1144,4,34,950
7341,1144,5,26,950
7342,1144,6,54,950
7343,1144,7,896,950
7344,1145,1,210,216
7345,1145,3,6,216
7346,1145,6,2,216
7347,1145,7,214,216
7348,1146,1,441,595
7349,1146,2,35,595
7350,1146,3,83,595
7351,1146,4,7,595
7352,1146,5,29,595
7353,1146,6,11,595
7354,1146,7,584,595
7355,1147,1,19,67
7356,1147,2,13,67
7357,1147,3,18,67
7358,1147,4,10,67
7359,1147,5,7,67
7360,1147,6,8,67
7361,1147,7,59,67
7362,1148,1,28,93
7363,1148,2,9,93
7364,1148,3,37,93
7365,1148,4,12,93
7366,1148,5,7,93
7367,1148,6,13,93
7368,1148,7,80,93
7369,1149,1,476,893
7370,1149,2,75,893
7371,1149,3,162,893
7372,1149,4,29,893
7373,1149,5,151,893
7374,1149,6,97,893
7375,1149,7,796,893
7376,1150,1,364,1047
7377,1150,2,40,1047
7378,1150,3,425,1047
7379,1150,4,158,1047
7380,1150,5,60,1047
7381,1150,6,50,1047
7382,1150,7,997,1047
7383,1151,3,2,8
7384,1151,4,3,8
7385,1151,5,3,8
7386,1151,6,8,8
7387,1152,2,6,22
7388,1152,3,3,22
7389,1152,4,7,22
7390,1152,5,6,22
7391,1152,6,12,22
7392,1152,7,10,22
7393,1153,1,863,1678
7394,1153,2,83,1678
7395,1153,3,547,1678
7396,1153,4,86,1678
7397,1153,5,99,1678
7398,1153,6,33,1678
7399,1153,7,1645,1678
7400,1154,1,349,391
7401,1154,2,7,391
7402,1154,3,35,391
7403,1154,6,47,391
7404,1154,7,344,391
7405,1155,1,5,61
7406,1155,2,23,61
7407,1155,3,15,61
7408,1155,5,18,61
7409,1155,6,14,61
7410,1155,7,47,61
7411,1156,1,184,221
7412,1156,2,2,221
7413,1156,3,19,221
7414,1156,4,8,221
7415,1156,5,8,221
7416,1156,6,4,221
7417,1156,7,217,221
7418,1157,1,8,16
7419,1157,3,8,16
7420,1157,6,2,16
7421,1157,7,14,16
7422,1158,1,277,445
7423,1158,2,21,445
7424,1158,3,64,445
7425,1158,4,62,445
7426,1158,5,21,445
7427,1158,6,25,445
7428,1158,7,420,445
7429,1159,1,44,72
7430,1159,2,5,72
7431,1159,3,19,72
7432,1159,5,4,72
7433,1159,6,19,72
7434,1159,7,53,72
7435,1160,1,1156,2429
7436,1160,2,120,2429
7437,1160,3,915,2429
7438,1160,4,94,2429
7439,1160,5,144,2429
7440,1160,6,96,2429
7441,1160,7,2333,2429
7442,1161,1,373,485
7443,1161,2,14,485
7444,1161,3,83,485
7445,1161,4,6,485
7446,1161,5,9,485
7447,1161,6,19,485
7448,1161,7,466,485
7449,1162,1,134,224
7450,1162,2,8,224
7451,1162,3,76,224
7452,1162,4,6,224
7453,1162,6,11,224
7454,1162,7,213,224
7455,1163,1,1148,1208
7456,1163,3,60,1208
7457,1163,6,24,1208
7458,1163,7,1184,1208
7459,1164,1,6,48
7460,1164,2,12,48
7461,1164,3,3,48
7462,1164,4,21,48
7463,1164,5,6,48
7464,1164,6,40,48
7465,1164,7,8,48
7466,1165,1,4,16
7467,1165,2,1,16
7468,1165,3,11,16
7469,1165,6,1,16
7470,1165,7,15,16
7471,1166,1,5,19
7472,1166,2,4,19
7473,1166,3,8,19
7474,1166,4,2,19
7475,1166,6,5,19
7476,1166,7,14,19
7477,1167,1,24,50
7478,1167,2,2,50
7479,1167,3,20,50
7480,1167,4,2,50
7481,1167,5,2,50
7482,1167,6,10,50
7483,1167,7,40,50
7484,1168,1,899,1000
7485,1168,3,101,1000
7486,1168,6,20,1000
7487,1168,7,980,1000
7488,1169,1,108,151
7489,1169,2,1,151
7490,1169,3,28,151
7491,1169,4,13,151
7492,1169,5,1,151
7493,1169,6,4,151
7494,1169,7,147,151
7495,1170,1,27,38
7496,1170,2,2,38
7497,1170,3,7,38
7498,1170,5,2,38
7499,1170,6,13,38
7500,1170,7,25,38
7501,1171,1,816,1713
7502,1171,2,66,1713
7503,1171,3,549,1713
7504,1171,4,216,1713
7505,1171,5,66,1713
7506,1171,6,99,1713
7507,1171,7,1614,1713
7508,1172,1,1298,1419
7509,1172,3,70,1419
7510,1172,4,37,1419
7511,1172,5,14,1419
7512,1172,6,42,1419
7513,1172,7,1377,1419
7514,1173,1,10,67
7515,1173,3,11,67
7516,1173,4,17,67
7517,1173,5,29,67
7518,1173,6,29,67
7519,1173,7,38,67
7520,1174,1,87,150
7521,1174,2,13,150
7522,1174,3,34,150
7523,1174,4,10,150
7524,1174,5,6,150
7525,1174,6,10,150
7526,1174,7,140,150
7527,1175,1,57,116
7528,1175,2,2,116
7529,1175,3,51,116
7530,1175,4,4,116
7531,1175,5,2,116
7532,1175,6,23,116
7533,1175,7,93,116
7534,1176,1,635,777
7535,1176,2,15,777
7536,1176,3,100,777
7537,1176,4,20,777
7538,1176,5,7,777
7539,1176,6,131,777
7540,1176,7,646,777
7541,1177,1,43,122
7542,1177,2,12,122
7543,1177,3,23,122
7544,1177,4,29,122
7545,1177,5,15,122
7546,1177,6,61,122
7547,1177,7,61,122
7548,1178,1,964,1150
7549,1178,2,34,1150
7550,1178,3,137,1150
7551,1178,4,15,1150
7552,1178,6,11,1150
7553,1178,7,1139,1150
7554,1179,1,572,908
7555,1179,2,8,908
7556,1179,3,259,908
7557,1179,4,34,908
7558,1179,5,35,908
7559,1179,6,80,908
7560,1179,7,828,908
7561,1180,1,341,1006
7562,1180,2,142,1006
7563,1180,3,113,1006
7564,1180,4,259,1006
7565,1180,5,151,1006
7566,1180,6,66,1006
7567,1180,7,940,1006
7568,1181,1,63,152
7569,1181,2,6,152
7570,1181,3,57,152
7571,1181,4,13,152
7572,1181,5,13,152
7573,1181,6,22,152
7574,1181,7,130,152
7575,1182,1,221,674
7576,1182,2,104,674
7577,1182,3,169,674
7578,1182,4,102,674
7579,1182,5,78,674
7580,1182,6,84,674
7581,1182,7,590,674
7582,1183,1,140,181
7583,1183,2,3,181
7584,1183,3,29,181
7585,1183,4,4,181
7586,1183,5,5,181
7587,1183,6,14,181
7588,1183,7,167,181
7589,1184,1,1,18
7590,1184,2,2,18
7591,1184,3,8,18
7592,1184,4,4,18
7593,1184,5,3,18
7594,1184,6,13,18
7595,1184,7,5,18
7596,1185,1,291,1084
7597,1185,2,10,1084
7598,1185,3,689,1084
7599,1185,4,84,1084
7600,1185,5,10,1084
7601,1185,7,1084,1084
7602,1186,1,544,656
7603,1186,2,13,656
7604,1186,3,85,656
7605,1186,4,8,656
7606,1186,5,6,656
7607,1186,6,29,656
7608,1186,7,627,656
7609,1187,1,684,1672
7610,1187,2,100,1672
7611,1187,3,801,1672
7612,1187,4,21,1672
7613,1187,5,66,1672
7614,1187,7,1672,1672
7615,1188,1,1,36
7616,1188,2,12,36
7617,1188,3,9,36
7618,1188,5,14,36
7619,1188,6,7,36
7620,1188,7,29,36
7621,1189,1,35,39
7622,1189,3,4,39
7623,1189,6,10,39
7624,1189,7,29,39
7625,1190,1,87,120
7626,1190,2,3,120
7627,1190,3,25,120
7628,1190,4,3,120
7629,1190,5,2,120
7630,1190,6,13,120
7631,1190,7,107,120
7632,1191,1,309,343
7633,1191,2,3,343
7634,1191,3,24,343
7635,1191,4,4,343
7636,1191,5,3,343
7637,1191,6,20,343
7638,1191,7,323,343
7639,1192,1,172,511
7640,1192,2,73,511
7641,1192,3,93,511
7642,1192,4,95,511
7643,1192,5,78,511
7644,1192,6,34,511
7645,1192,7,477,511
7646,1193,1,625,989
7647,1193,2,38,989
7648,1193,3,242,989
7649,1193,4,50,989
7650,1193,5,34,989
7651,1193,6,76,989
7652,1193,7,913,989
7653,1194,1,972,1988
7654,1194,2,59,1988
7655,1194,3,913,1988
7656,1194,4,25,1988
7657,1194,5,19,1988
7658,1194,6,59,1988
7659,1194,7,1929,1988
7660,1195,1,157,221
7661,1195,2,6,221
7662,1195,3,39,221
7663,1195,4,6,221
7664,1195,5,13,221
7665,1195,6,75,221
7666,1195,7,146,221
7667,1196,1,48,120
7668,1196,2,9,120
7669,1196,3,45,120
7670,1196,4,3,120
7671,1196,5,15,120
7672,1196,6,20,120
7673,1196,7,100,120
7674,1197,1,279,496
7675,1197,2,83,496
7676,1197,3,88,496
7677,1197,4,32,496
7678,1197,5,14,496
7679,1197,6,34,496
7680,1197,7,462,496
7681,1198,1,132,148
7682,1198,3,16,148
7683,1198,6,4,148
7684,1198,7,144,148
7685,1199,1,919,1553
7686,1199,3,505,1553
7687,1199,4,99,1553
7688,1199,5,30,1553
7689,1199,6,45,1553
7690,1199,7,1508,1553
7691,1200,1,62,88
7692,1200,3,22,88
7693,1200,4,3,88
7694,1200,5,1,88
7695,1200,6,26,88
7696,1200,7,62,88
7697,1201,1,1,59
7698,1201,2,45,59
7699,1201,3,3,59
7700,1201,4,4,59
7701,1201,5,6,59
7702,1201,6,42,59
7703,1201,7,17,59
7704,1202,1,2,16
7705,1202,2,6,16
7706,1202,3,4,16
7707,1202,4,3,16
7708,1202,5,1,16
7709,1202,6,9,16
7710,1202,7,7,16
7711,1203,1,408,748
7712,1203,2,61,748
7713,1203,3,109,748
7714,1203,4,48,748
7715,1203,5,122,748
7716,1203,6,41,748
7717,1203,7,707,748
7718,1204,1,51,62
7719,1204,2,1,62
7720,1204,3,7,62
7721,1204,4,2,62
7722,1204,5,1,62
7723,1204,6,25,62
7724,1204,7,37,62
7725,1205,1,62,84
7726,1205,2,1,84
7727,1205,3,16,84
7728,1205,4,3,84
7729,1205,5,2,84
7730,1205,6,6,84
7731,1205,7,78,84
7732,1206,1,952,1203
7733,1206,2,12,1203
7734,1206,3,180,1203
7735,1206,4,47,1203
7736,1206,5,12,1203
7737,1206,6,12,1203
7738,1206,7,1191,1203
7739,1207,1,618,766
7740,1207,2,15,766
7741,1207,3,106,766
7742,1207,4,20,766
7743,1207,5,7,766
7744,1207,6,45,766
7745,1207,7,721,766
7746,1208,1,11,34
7747,1208,2,7,34
7748,1208,3,12,34
7749,1208,4,2,34
7750,1208,5,2,34
7751,1208,6,27,34
7752,1208,7,7,34
7753,1209,1,318,349
7754,1209,2,3,349
7755,1209,3,17,349
7756,1209,4,4,349
7757,1209,5,7,349
7758,1209,6,56,349
7759,1209,7,293,349
7760,1210,1,56,70
7761,1210,3,14,70
7762,1210,6,2,70
7763,1210,7,68,70
7764,1211,1,110,182
7765,1211,2,5,182
7766,1211,3,59,182
7767,1211,4,7,182
7768,1211,5,1,182
7769,1211,6,7,182
7770,1211,7,175,182
7771,1212,1,23,37
7772,1212,3,11,37
7773,1212,4,2,37
7774,1212,5,1,37
7775,1212,6,3,37
7776,1212,7,34,37
7777,1213,1,27,51
7778,1213,2,5,51
7779,1213,3,8,51
7780,1213,4,8,51
7781,1213,5,3,51
7782,1213,6,12,51
7783,1213,7,39,51
7784,1214,1,18,46
7785,1214,2,3,46
7786,1214,3,19,46
7787,1214,4,3,46
7788,1214,5,3,46
7789,1214,6,6,46
7790,1214,7,40,46
7791,1215,1,18,28
7792,1215,3,9,28
7793,1215,5,1,28
7794,1215,6,11,28
7795,1215,7,17,28
7796,1216,1,303,790
7797,1216,3,280,790
7798,1216,4,60,790
7799,1216,5,147,790
7800,1216,6,15,790
7801,1216,7,775,790
7802,1217,1,97,119
7803,1217,2,1,119
7804,1217,3,19,119
7805,1217,4,2,119
7806,1217,6,11,119
7807,1217,7,108,119
7808,1218,1,997,1555
7809,1218,2,15,1555
7810,1218,3,414,1555
7811,1218,4,99,1555
7812,1218,5,30,1555
7813,1218,6,76,1555
7814,1218,7,1479,1555
7815,1219,1,5,30
7816,1219,2,4,30
7817,1219,3,13,30
7818,1219,4,8,30
7819,1219,6,4,30
7820,1219,7,26,30
7821,1220,1,95,145
7822,1220,2,11,145
7823,1220,3,35,145
7824,1220,5,4,145
7825,1220,6,7,145
7826,1220,7,138,145
7827,1221,1,1,18
7828,1221,2,6,18
7829,1221,3,2,18
7830,1221,4,3,18
7831,1221,5,6,18
7832,1221,6,3,18
7833,1221,7,15,18
7834,1222,1,46,62
7835,1222,2,1,62
7836,1222,3,12,62
7837,1222,4,3,62
7838,1222,6,9,62
7839,1222,7,53,62
7840,1223,1,411,833
7841,1223,2,106,833
7842,1223,3,147,833
7843,1223,4,54,833
7844,1223,5,115,833
7845,1223,6,66,833
7846,1223,7,767,833
7847,1224,1,244,666
7848,1224,2,51,666
7849,1224,3,270,666
7850,1224,4,101,666
7851,1224,6,45,666
7852,1224,7,621,666
7853,1225,1,152,306
7854,1225,2,9,306
7855,1225,3,121,306
7856,1225,4,12,306
7857,1225,5,12,306
7858,1225,6,45,306
7859,1225,7,261,306
7860,1226,1,1,7
7861,1226,2,1,7
7862,1226,3,3,7
7863,1226,4,1,7
7864,1226,5,1,7
7865,1226,6,1,7
7866,1226,7,6,7
7867,1227,1,10,79
7868,1227,2,17,79
7869,1227,3,18,79
7870,1227,4,8,79
7871,1227,5,26,79
7872,1227,6,40,79
7873,1227,7,39,79
7874,1228,1,12,17
7875,1228,3,5,17
7876,1228,6,4,17
7877,1228,7,13,17
7878,1229,1,5,9
7879,1229,3,4,9
7880,1229,6,1,9
7881,1229,7,8,9
7882,1230,1,790,954
7883,1230,2,19,954
7884,1230,3,133,954
7885,1230,4,12,954
7886,1230,6,19,954
7887,1230,7,935,954
7888,1231,1,882,1492
7889,1231,2,29,1492
7890,1231,3,514,1492
7891,1231,4,38,1492
7892,1231,5,29,1492
7893,1231,6,44,1492
7894,1231,7,1448,1492
7895,1232,1,615,962
7896,1232,2,28,962
7897,1232,3,259,962
7898,1232,4,12,962
7899,1232,5,48,962
7900,1232,6,30,962
7901,1232,7,932,962
7902,1233,1,1004,1502
7903,1233,2,59,1502
7904,1233,3,265,1502
7905,1233,4,115,1502
7906,1233,5,59,1502
7907,1233,6,27,1502
7908,1233,7,1475,1502
7909,1234,1,133,789
7910,1234,2,27,789
7911,1234,3,421,789
7912,1234,4,13,789
7913,1234,5,195,789
7914,1234,6,71,789
7915,1234,7,718,789
7916,1235,1,595,774
7917,1235,2,23,774
7918,1235,3,123,774
7919,1235,4,10,774
7920,1235,5,23,774
7921,1235,6,154,774
7922,1235,7,620,774
7923,1236,1,293,395
7924,1236,3,87,395
7925,1236,4,4,395
7926,1236,5,11,395
7927,1236,6,23,395
7928,1236,7,372,395
7929,1237,1,313,395
7930,1237,2,15,395
7931,1237,3,47,395
7932,1237,4,20,395
7933,1237,6,192,395
7934,1237,7,203,395
7935,1238,1,151,577
7936,1238,2,81,577
7937,1238,3,86,577
7938,1238,4,168,577
7939,1238,5,91,577
7940,1238,6,64,577
7941,1238,7,513,577
7942,1239,1,15,17
7943,1239,3,2,17
7944,1239,6,6,17
7945,1239,7,11,17
7946,1240,1,736,2153
7947,1240,2,63,2153
7948,1240,3,946,2153
7949,1240,4,219,2153
7950,1240,5,189,2153
7951,1240,6,126,2153
7952,1240,7,2027,2153
7953,1241,1,15,29
7954,1241,3,8,29
7955,1241,4,4,29
7956,1241,5,2,29
7957,1241,6,20,29
7958,1241,7,9,29
7959,1242,1,982,1728
7960,1242,2,17,1728
7961,1242,3,672,1728
7962,1242,4,23,1728
7963,1242,5,34,1728
7964,1242,6,51,1728
7965,1242,7,1677,1728
7966,1243,1,1142,1767
7967,1243,2,51,1767
7968,1243,3,415,1767
7969,1243,4,90,1767
7970,1243,5,69,1767
7971,1243,6,37,1767
7972,1243,7,1730,1767
7973,1244,1,28,39
7974,1244,3,11,39
7975,1244,6,9,39
7976,1244,7,30,39
7977,1245,1,46,60
7978,1245,3,12,60
7979,1245,5,2,60
7980,1245,6,23,60
7981,1245,7,37,60
7982,1246,1,897,1835
7983,1246,2,161,1835
7984,1246,3,430,1835
7985,1246,4,186,1835
7986,1246,5,161,1835
7987,1246,6,27,1835
7988,1246,7,1808,1835
7989,1247,1,489,661
7990,1247,2,6,661
7991,1247,3,152,661
7992,1247,4,8,661
7993,1247,5,6,661
7994,1247,6,132,661
7995,1247,7,529,661
7996,1248,1,25,52
7997,1248,2,4,52
7998,1248,3,9,52
7999,1248,4,6,52
8000,1248,5,8,52
8001,1248,6,32,52
8002,1248,7,20,52
8003,1249,1,145,182
8004,1249,2,1,182
8005,1249,3,33,182
8006,1249,4,2,182
8007,1249,5,1,182
8008,1249,6,1,182
8009,1249,7,181,182
8010,1250,1,630,1329
8011,1250,2,26,1329
8012,1250,3,611,1329
8013,1250,4,44,1329
8014,1250,5,18,1329
8015,1250,6,54,1329
8016,1250,7,1275,1329
8017,1251,1,760,961
8018,1251,2,38,961
8019,1251,3,104,961
8020,1251,4,50,961
8021,1251,5,9,961
8022,1251,6,38,961
8023,1251,7,923,961
8024,1252,1,420,810
8025,1252,2,15,810
8026,1252,3,186,810
8027,1252,4,151,810
8028,1252,5,38,810
8029,1252,6,15,810
8030,1252,7,795,810
8031,1253,1,125,216
8032,1253,2,17,216
8033,1253,3,52,216
8034,1253,4,3,216
8035,1253,5,19,216
8036,1253,6,30,216
8037,1253,7,186,216
8038,1254,1,464,540
8039,1254,2,5,540
8040,1254,3,64,540
8041,1254,4,7,540
8042,1254,6,70,540
8043,1254,7,470,540
8044,1255,1,6,68
8045,1255,2,6,68
8046,1255,3,29,68
8047,1255,4,12,68
8048,1255,5,15,68
8049,1255,6,8,68
8050,1255,7,60,68
8051,1256,1,1090,1226
8052,1256,2,12,1226
8053,1256,3,96,1226
8054,1256,4,16,1226
8055,1256,5,12,1226
8056,1256,6,60,1226
8057,1256,7,1166,1226
8058,1257,1,3,20
8059,1257,2,2,20
8060,1257,3,11,20
8061,1257,4,2,20
8062,1257,5,2,20
8063,1257,6,10,20
8064,1257,7,10,20
8065,1258,1,24,89
8066,1258,3,27,89
8067,1258,4,8,89
8068,1258,5,30,89
8069,1258,6,10,89
8070,1258,7,79,89
8071,1259,1,737,982
8072,1259,2,21,982
8073,1259,3,106,982
8074,1259,4,55,982
8075,1259,5,63,982
8076,1259,6,210,982
8077,1259,7,772,982
8078,1260,1,254,335
8079,1260,2,6,335
8080,1260,3,71,335
8081,1260,4,4,335
8082,1260,6,27,335
8083,1260,7,308,335
8084,1261,1,817,1889
8085,1261,2,185,1889
8086,1261,3,687,1889
8087,1261,4,145,1889
8088,1261,5,55,1889
8089,1261,6,241,1889
8090,1261,7,1648,1889
8091,1262,1,620,1110
8092,1262,2,54,1110
8093,1262,3,239,1110
8094,1262,4,99,1110
8095,1262,5,98,1110
8096,1262,6,119,1110
8097,1262,7,991,1110
8098,1263,1,13,37
8099,1263,2,4,37
8100,1263,3,20,37
8101,1263,6,1,37
8102,1263,7,36,37
8103,1264,1,113,438
8104,1264,2,61,438
8105,1264,3,204,438
8106,1264,4,34,438
8107,1264,5,26,438
8108,1264,6,47,438
8109,1264,7,391,438
8110,1265,1,7,290
8111,1265,2,23,290
8112,1265,3,78,290
8113,1265,4,133,290
8114,1265,5,49,290
8115,1265,6,144,290
8116,1265,7,146,290
8117,1266,1,16,39
8118,1266,2,2,39
8119,1266,3,18,39
8120,1266,4,2,39
8121,1266,5,1,39
8122,1266,6,5,39
8123,1266,7,34,39
8124,1267,1,462,492
8125,1267,3,24,492
8126,1267,4,6,492
8127,1267,6,4,492
8128,1267,7,488,492
8129,1268,1,22,44
8130,1268,2,2,44
8131,1268,3,10,44
8132,1268,4,6,44
8133,1268,5,4,44
8134,1268,6,34,44
8135,1268,7,10,44
8136,1269,1,968,2136
8137,1269,2,147,2136
8138,1269,3,842,2136
8139,1269,4,137,2136
8140,1269,5,42,2136
8141,1269,6,210,2136
8142,1269,7,1926,2136
8143,1270,1,283,669
8144,1270,2,112,669
8145,1270,3,151,669
8146,1270,4,51,669
8147,1270,5,72,669
8148,1270,6,125,669
8149,1270,7,544,669
8150,1271,1,1,14
8151,1271,2,2,14
8152,1271,3,5,14
8153,1271,4,6,14
8154,1271,6,3,14
8155,1271,7,11,14
8156,1272,1,14,25
8157,1272,2,1,25
8158,1272,3,7,25
8159,1272,4,2,25
8160,1272,5,1,25
8161,1272,6,1,25
8162,1272,7,24,25
8163,1273,1,30,68
8164,1273,2,5,68
8165,1273,3,24,68
8166,1273,4,6,68
8167,1273,5,3,68
8168,1273,6,8,68
8169,1273,7,60,68
8170,1274,1,4,10
8171,1274,3,5,10
8172,1274,5,1,10
8173,1274,6,5,10
8174,1274,7,5,10
8175,1275,1,52,61
8176,1275,3,9,61
8177,1275,6,1,61
8178,1275,7,60,61
8179,1276,1,62,150
8180,1276,2,1,150
8181,1276,3,57,150
8182,1276,4,19,150
8183,1276,5,11,150
8184,1276,6,48,150
8185,1276,7,102,150
8186,1277,1,20,39
8187,1277,2,2,39
8188,1277,3,14,39
8189,1277,4,3,39
8190,1277,6,10,39
8191,1277,7,29,39
8192,1278,1,545,724
8193,1278,2,7,724
8194,1278,3,114,724
8195,1278,4,37,724
8196,1278,5,21,724
8197,1278,6,78,724
8198,1278,7,646,724
8199,1279,1,558,1641
8200,1279,2,79,1641
8201,1279,3,622,1641
8202,1279,4,207,1641
8203,1279,5,175,1641
8204,1279,6,95,1641
8205,1279,7,1546,1641
8206,1280,1,6,32
8207,1280,2,5,32
8208,1280,3,4,32
8209,1280,4,13,32
8210,1280,5,4,32
8211,1280,6,25,32
8212,1280,7,7,32
8213,1281,1,1111,2130
8214,1281,2,24,2130
8215,1281,3,790,2130
8216,1281,4,160,2130
8217,1281,5,45,2130
8218,1281,6,172,2130
8219,1281,7,1958,2130
8220,1282,1,4,27
8221,1282,2,6,27
8222,1282,3,8,27
8223,1282,4,6,27
8224,1282,5,3,27
8225,1282,6,10,27
8226,1282,7,17,27
8227,1283,1,183,261
8228,1283,2,5,261
8229,1283,3,65,261
8230,1283,4,3,261
8231,1283,5,5,261
8232,1283,6,49,261
8233,1283,7,212,261
8234,1284,1,546,1233
8235,1284,2,72,1233
8236,1284,3,376,1233
8237,1284,4,94,1233
8238,1284,5,145,1233
8239,1284,6,72,1233
8240,1284,7,1161,1233
8241,1285,1,606,778
8242,1285,2,7,778
8243,1285,3,155,778
8244,1285,4,10,778
8245,1285,6,54,778
8246,1285,7,724,778
8247,1286,1,266,337
8248,1286,2,6,337
8249,1286,3,51,337
8250,1286,4,8,337
8251,1286,5,6,337
8252,1286,6,64,337
8253,1286,7,273,337
8254,1287,1,1142,1487
8255,1287,2,29,1487
8256,1287,3,249,1487
8257,1287,4,38,1487
8258,1287,5,29,1487
8259,1287,6,14,1487
8260,1287,7,1473,1487
8261,1288,1,1074,1143
8262,1288,3,69,1143
8263,1288,6,46,1143
8264,1288,7,1097,1143
8265,1289,1,771,1040
8266,1289,2,51,1040
8267,1289,3,154,1040
8268,1289,4,54,1040
8269,1289,5,10,1040
8270,1289,6,154,1040
8271,1289,7,886,1040
8272,1290,1,371,650
8273,1290,2,32,650
8274,1290,3,189,650
8275,1290,5,58,650
8276,1290,6,6,650
8277,1290,7,644,650
8278,1291,1,556,1497
8279,1291,2,14,1497
8280,1291,3,717,1497
8281,1291,4,210,1497
8282,1291,6,43,1497
8283,1291,7,1454,1497
8284,1292,1,202,297
8285,1292,2,5,297
8286,1292,3,74,297
8287,1292,4,11,297
8288,1292,5,5,297
8289,1292,6,14,297
8290,1292,7,283,297
8291,1293,1,209,783
8292,1293,2,162,783
8293,1293,3,209,783
8294,1293,4,41,783
8295,1293,5,162,783
8296,1293,6,37,783
8297,1293,7,746,783
8298,1294,1,35,262
8299,1294,2,40,262
8300,1294,3,111,262
8301,1294,4,36,262
8302,1294,5,40,262
8303,1294,6,12,262
8304,1294,7,250,262
8305,1295,1,37,54
8306,1295,3,17,54
8307,1295,6,3,54
8308,1295,7,51,54
8309,1296,1,171,358
8310,1296,2,45,358
8311,1296,3,73,358
8312,1296,4,59,358
8313,1296,5,10,358
8314,1296,6,90,358
8315,1296,7,268,358
8316,1297,1,12,39
8317,1297,2,2,39
8318,1297,3,20,39
8319,1297,4,3,39
8320,1297,5,2,39
8321,1297,6,5,39
8322,1297,7,34,39
8323,1298,1,44,75
8324,1298,2,4,75
8325,1298,3,21,75
8326,1298,4,6,75
8327,1298,6,27,75
8328,1298,7,48,75
8329,1299,1,20,41
8330,1299,2,2,41
8331,1299,3,9,41
8332,1299,4,4,41
8333,1299,5,6,41
8334,1299,6,20,41
8335,1299,7,21,41
8336,1300,1,779,1505
8337,1300,2,86,1505
8338,1300,3,537,1505
8339,1300,4,34,1505
8340,1300,5,69,1505
8341,1300,6,138,1505
8342,1300,7,1367,1505
8343,1301,1,170,309
8344,1301,2,6,309
8345,1301,3,97,309
8346,1301,4,24,309
8347,1301,5,12,309
8348,1301,6,88,309
8349,1301,7,221,309
8350,1302,1,491,987
8351,1302,2,48,987
8352,1302,3,231,987
8353,1302,4,112,987
8354,1302,5,105,987
8355,1302,6,134,987
8356,1302,7,853,987
8357,1303,1,173,297
8358,1303,2,8,297
8359,1303,3,107,297
8360,1303,4,7,297
8361,1303,5,2,297
8362,1303,6,176,297
8363,1303,7,121,297
8364,1304,1,7,46
8365,1304,2,10,46
8366,1304,3,13,46
8367,1304,4,16,46
8368,1304,6,4,46
8369,1304,7,42,46
8370,1305,1,1205,1473
8371,1305,3,235,1473
8372,1305,4,19,1473
8373,1305,5,14,1473
8374,1305,6,205,1473
8375,1305,7,1268,1473
8376,1306,1,10,51
8377,1306,2,7,51
8378,1306,3,25,51
8379,1306,4,6,51
8380,1306,5,3,51
8381,1306,6,7,51
8382,1306,7,44,51
8383,1307,1,97,152
8384,1307,2,4,152
8385,1307,3,44,152
8386,1307,4,6,152
8387,1307,5,1,152
8388,1307,6,18,152
8389,1307,7,134,152
8390,1308,1,67,111
8391,1308,2,11,111
8392,1308,3,26,111
8393,1308,4,4,111
8394,1308,5,3,111
8395,1308,6,262,111
8396,1309,1,345,1099
8397,1309,2,53,1099
8398,1309,3,528,1099
8399,1309,4,98,1099
8400,1309,5,75,1099
8401,1309,6,97,1099
8402,1309,7,1002,1099
8403,1310,1,6,55
8404,1310,2,5,55
8405,1310,3,17,55
8406,1310,4,3,55
8407,1310,5,24,55
8408,1310,6,46,55
8409,1310,7,9,55
8410,1311,1,73,316
8411,1311,2,57,316
8412,1311,3,100,316
8413,1311,4,71,316
8414,1311,5,15,316
8415,1311,7,316,316
8416,1312,1,711,1232
8417,1312,2,36,1232
8418,1312,3,217,1232
8419,1312,4,172,1232
8420,1312,5,96,1232
8421,1312,6,168,1232
8422,1312,7,1064,1232
8423,1313,1,774,1331
8424,1313,2,70,1331
8425,1313,3,118,1331
8426,1313,4,182,1331
8427,1313,5,187,1331
8428,1313,6,93,1331
8429,1313,7,1238,1331
8430,1314,1,163,769
8431,1314,3,480,769
8432,1314,5,126,769
8433,1314,6,75,769
8434,1314,7,694,769
8435,1315,1,82,270
8436,1315,2,33,270
8437,1315,3,54,270
8438,1315,4,71,270
8439,1315,5,30,270
8440,1315,6,41,270
8441,1315,7,229,270
8442,1316,1,358,1117
8443,1316,2,108,1117
8444,1316,3,413,1117
8445,1316,4,141,1117
8446,1316,5,97,1117
8447,1316,6,32,1117
8448,1316,7,1085,1117
8449,1317,1,66,115
8450,1317,2,2,115
8451,1317,3,40,115
8452,1317,4,4,115
8453,1317,5,3,115
8454,1317,6,14,115
8455,1317,7,101,115
8456,1318,1,13,29
8457,1318,2,6,29
8458,1318,3,7,29
8459,1318,5,3,29
8460,1318,6,3,29
8461,1318,7,26,29
8462,1319,1,139,263
8463,1319,2,13,263
8464,1319,3,78,263
8465,1319,4,20,263
8466,1319,5,13,263
8467,1319,6,36,263
8468,1319,7,227,263
8469,1320,1,274,305
8470,1320,3,21,305
8471,1320,4,4,305
8472,1320,5,6,305
8473,1320,6,15,305
8474,1320,7,290,305
8475,1321,1,262,339
8476,1321,2,6,339
8477,1321,3,61,339
8478,1321,5,10,339
8479,1321,6,102,339
8480,1321,7,237,339
8481,1322,1,1099,1144
8482,1322,3,45,1144
8483,1322,6,34,1144
8484,1322,7,1110,1144
8485,1323,1,32,67
8486,1323,3,8,67
8487,1323,4,23,67
8488,1323,5,4,67
8489,1323,6,18,67
8490,1323,7,49,67
8491,1324,1,2,19
8492,1324,2,4,19
8493,1324,3,2,19
8494,1324,5,11,19
8495,1324,6,5,19
8496,1324,7,14,19
8497,1325,1,6,70
8498,1325,2,10,70
8499,1325,3,21,70
8500,1325,4,19,70
8501,1325,5,14,70
8502,1325,6,42,70
8503,1325,7,28,70
8504,1326,1,6,24
8505,1326,2,7,24
8506,1326,3,4,24
8507,1326,4,3,24
8508,1326,5,4,24
8509,1326,6,6,24
8510,1326,7,18,24
8511,1327,1,135,399
8512,1327,2,46,399
8513,1327,3,92,399
8514,1327,4,65,399
8515,1327,5,61,399
8516,1327,6,11,399
8517,1327,7,388,399
8518,1328,1,641,762
8519,1328,2,7,762
8520,1328,3,84,762
8521,1328,5,30,762
8522,1328,6,38,762
8523,1328,7,724,762
8524,1329,1,714,1301
8525,1329,2,76,1301
8526,1329,3,395,1301
8527,1329,4,116,1301
8528,1329,6,12,1301
8529,1329,7,1289,1301
8530,1330,1,794,1469
8531,1330,2,73,1469
8532,1330,3,573,1469
8533,1330,5,29,1469
8534,1330,6,14,1469
8535,1330,7,1455,1469
8536,1331,1,420,1118
8537,1331,3,452,1118
8538,1331,4,182,1118
8539,1331,5,64,1118
8540,1331,6,140,1118
8541,1331,7,978,1118
8542,1332,1,1,17
8543,1332,2,2,17
8544,1332,3,7,17
8545,1332,4,4,17
8546,1332,5,3,17
8547,1332,6,11,17
8548,1332,7,6,17
8549,1333,1,86,221
8550,1333,2,12,221
8551,1333,3,75,221
8552,1333,4,33,221
8553,1333,5,15,221
8554,1333,6,6,221
8555,1333,7,215,221
8556,1334,1,823,1460
8557,1334,2,25,1460
8558,1334,3,459,1460
8559,1334,4,124,1460
8560,1334,5,29,1460
8561,1334,6,95,1460
8562,1334,7,1365,1460
8563,1335,1,231,808
8564,1335,2,161,808
8565,1335,3,215,808
8566,1335,4,171,808
8567,1335,5,30,808
8568,1335,6,53,808
8569,1335,7,755,808
8570,1336,1,8,70
8571,1336,2,15,70
8572,1336,3,27,70
8573,1336,5,20,70
8574,1336,6,33,70
8575,1336,7,37,70
8576,1337,1,182,605
8577,1337,2,17,605
8578,1337,3,259,605
8579,1337,4,77,605
8580,1337,5,70,605
8581,1337,6,29,605
8582,1337,7,576,605
8583,1338,1,557,1900
8584,1338,2,129,1900
8585,1338,3,984,1900
8586,1338,4,193,1900
8587,1338,5,37,1900
8588,1338,6,18,1900
8589,1338,7,1882,1900
8590,1339,1,79,119
8591,1339,2,1,119
8592,1339,3,31,119
8593,1339,4,4,119
8594,1339,5,4,119
8595,1339,6,12,119
8596,1339,7,107,119
8597,1340,1,368,498
8598,1340,2,24,498
8599,1340,3,68,498
8600,1340,4,38,498
8601,1340,6,88,498
8602,1340,7,410,498
8603,1341,1,6,40
8604,1341,2,4,40
8605,1341,3,14,40
8606,1341,4,8,40
8607,1341,5,8,40
8608,1341,6,22,40
8609,1341,7,18,40
8610,1342,1,160,397
8611,1342,2,15,397
8612,1342,3,196,397
8613,1342,4,15,397
8614,1342,5,11,397
8615,1342,6,50,397
8616,1342,7,347,397
8617,1343,1,488,911
8618,1343,2,21,911
8619,1343,3,238,911
8620,1343,4,56,911
8621,1343,5,108,911
8622,1343,6,28,911
8623,1343,7,883,911
8624,1344,1,691,774
8625,1344,2,7,774
8626,1344,3,69,774
8627,1344,5,7,774
8628,1344,6,23,774
8629,1344,7,751,774
8630,1345,1,543,1061
8631,1345,2,10,1061
8632,1345,3,205,1061
8633,1345,4,160,1061
8634,1345,5,143,1061
8635,1345,6,82,1061
8636,1345,7,979,1061
8637,1346,1,254,389
8638,1346,2,7,389
8639,1346,3,108,389
8640,1346,4,20,389
8641,1346,6,26,389
8642,1346,7,363,389
8643,1347,1,5,23
8644,1347,2,4,23
8645,1347,3,10,23
8646,1347,4,2,23
8647,1347,5,2,23
8648,1347,6,7,23
8649,1347,7,16,23
8650,1348,1,112,182
8651,1348,2,19,182
8652,1348,3,21,182
8653,1348,4,16,182
8654,1348,5,14,182
8655,1348,6,5,182
8656,1348,7,177,182
8657,1349,1,134,221
8658,1349,2,11,221
8659,1349,3,59,221
8660,1349,4,15,221
8661,1349,5,2,221
8662,1349,6,30,221
8663,1349,7,191,221
8664,1350,1,143,220
8665,1350,2,6,220
8666,1350,3,52,220
8667,1350,4,11,220
8668,1350,5,8,220
8669,1350,6,17,220
8670,1350,7,203,220
8671,1351,1,51,90
8672,1351,2,4,90
8673,1351,3,24,90
8674,1351,4,4,90
8675,1351,5,7,90
8676,1351,6,1,90
8677,1351,7,89,90
8678,1352,1,27,32
8679,1352,3,5,32
8680,1352,6,3,32
8681,1352,7,29,32
8682,1353,1,459,489
8683,1353,3,24,489
8684,1353,4,6,489
8685,1353,6,4,489
8686,1353,7,485,489
8687,1354,1,689,883
8688,1354,2,8,883
8689,1354,3,167,883
8690,1354,4,11,883
8691,1354,5,8,883
8692,1354,6,88,883
8693,1354,7,795,883
8694,1355,1,283,344
8695,1355,2,10,344
8696,1355,3,38,344
8697,1355,5,13,344
8698,1355,6,27,344
8699,1355,7,317,344
8700,1356,1,347,389
8701,1356,3,35,389
8702,1356,4,4,389
8703,1356,5,3,389
8704,1356,6,7,389
8705,1356,7,382,389
8706,1357,1,5,37
8707,1357,2,13,37
8708,1357,3,14,37
8709,1357,5,5,37
8710,1357,6,31,37
8711,1357,7,6,37
8712,1358,1,280,298
8713,1358,3,18,298
8714,1358,6,24,298
8715,1358,7,274,298
8716,1359,1,95,184
8717,1359,2,14,184
8718,1359,3,64,184
8719,1359,4,2,184
8720,1359,5,9,184
8721,1359,6,38,184
8722,1359,7,146,184
8723,1360,1,84,149
8724,1360,2,10,149
8725,1360,3,34,149
8726,1360,4,11,149
8727,1360,5,10,149
8728,1360,6,28,149
8729,1360,7,121,149
8730,1361,1,18,41
8731,1361,2,3,41
8732,1361,3,17,41
8733,1361,4,3,41
8734,1361,6,4,41
8735,1361,7,37,41
8736,1362,1,992,1780
8737,1362,2,24,1780
8738,1362,3,694,1780
8739,1362,4,51,1780
8740,1362,5,19,1780
8741,1362,6,119,1780
8742,1362,7,1661,1780
8743,1363,1,9,20
8744,1363,2,1,20
8745,1363,3,7,20
8746,1363,5,3,20
8747,1363,6,2,20
8748,1363,7,18,20
8749,1364,1,19,39
8750,1364,2,1,39
8751,1364,3,17,39
8752,1364,4,2,39
8753,1364,6,2,39
8754,1364,7,37,39
8755,1365,1,709,1360
8756,1365,2,93,1360
8757,1365,3,374,1360
8758,1365,4,104,1360
8759,1365,5,80,1360
8760,1365,6,80,1360
8761,1365,7,1280,1360
8762,1366,1,158,254
8763,1366,3,76,254
8764,1366,4,13,254
8765,1366,5,7,254
8766,1366,6,71,254
8767,1366,7,183,254
8768,1367,1,10,59
8769,1367,2,14,59
8770,1367,3,29,59
8771,1367,4,4,59
8772,1367,5,2,59
8773,1367,6,36,59
8774,1367,7,23,59
8775,1368,1,25,39
8776,1368,2,1,39
8777,1368,3,13,39
8778,1368,6,3,39
8779,1368,7,36,39
8780,1369,1,8,43
8781,1369,2,4,43
8782,1369,3,12,43
8783,1369,4,15,43
8784,1369,5,4,43
8785,1369,6,29,43
8786,1369,7,14,43
8787,1370,1,14,20
8788,1370,3,6,20
8789,1370,7,20,20
8790,1371,1,622,774
8791,1371,2,7,774
8792,1371,3,115,774
8793,1371,4,30,774
8794,1371,6,15,774
8795,1371,7,759,774
8796,1372,1,11,14
8797,1372,3,3,14
8798,1372,6,1,14
8799,1372,7,13,14
8800,1373,1,25,57
8801,1373,2,3,57
8802,1373,3,16,57
8803,1373,4,8,57
8804,1373,5,5,57
8805,1373,6,2,57
8806,1373,7,55,57
8807,1374,1,635,777
8808,1374,2,15,777
8809,1374,3,100,777
8810,1374,4,20,777
8811,1374,5,7,777
8812,1374,6,131,777
8813,1374,7,646,777
8814,1375,1,100,308
8815,1375,2,64,308
8816,1375,3,79,308
8817,1375,4,65,308
8818,1375,6,109,308
8819,1375,7,199,308
8820,1376,1,201,254
8821,1376,2,2,254
8822,1376,3,43,254
8823,1376,4,3,254
8824,1376,5,5,254
8825,1376,6,35,254
8826,1376,7,219,254
8827,1377,1,642,712
8828,1377,2,14,712
8829,1377,3,49,712
8830,1377,5,7,712
8831,1377,6,57,712
8832,1377,7,655,712
8833,1378,1,97,147
8834,1378,2,1,147
8835,1378,3,41,147
8836,1378,4,6,147
8837,1378,5,2,147
8838,1378,6,41,147
8839,1378,7,106,147
8840,1379,1,204,265
8841,1379,2,5,265
8842,1379,3,39,265
8843,1379,4,17,265
8844,1379,6,89,265
8845,1379,7,176,265
8846,1380,1,513,713
8847,1380,2,7,713
8848,1380,3,133,713
8849,1380,4,46,713
8850,1380,5,14,713
8851,1380,6,14,713
8852,1380,7,699,713
8853,1381,1,88,117
8854,1381,2,3,117
8855,1381,3,21,117
8856,1381,4,4,117
8857,1381,5,1,117
8858,1381,6,29,117
8859,1381,7,88,117
8860,1382,1,172,304
8861,1382,2,12,304
8862,1382,3,112,304
8863,1382,4,8,304
8864,1382,6,15,304
8865,1382,7,289,304
8866,1383,1,329,751
8867,1383,2,35,751
8868,1383,3,222,751
8869,1383,4,130,751
8870,1383,5,35,751
8871,1383,6,43,751
8872,1383,7,708,751
8873,1384,1,296,437
8874,1384,2,13,437
8875,1384,3,104,437
8876,1384,4,11,437
8877,1384,5,13,437
8878,1384,6,17,437
8879,1384,7,420,437
8880,1385,1,100,121
8881,1385,2,2,121
8882,1385,3,16,121
8883,1385,4,2,121
8884,1385,5,1,121
8885,1385,6,31,121
8886,1385,7,90,121
8887,1386,1,422,782
8888,1386,2,7,782
8889,1386,3,238,782
8890,1386,4,69,782
8891,1386,5,46,782
8892,1386,6,15,782
8893,1386,7,767,782
8894,1387,1,1218,1610
8895,1387,2,16,1610
8896,1387,3,272,1610
8897,1387,4,104,1610
8898,1387,6,80,1610
8899,1387,7,1530,1610
8900,1388,1,5,16
8901,1388,2,1,16
8902,1388,3,7,16
8903,1388,4,2,16
8904,1388,5,1,16
8905,1388,6,4,16
8906,1388,7,12,16
8907,1389,1,507,1402
8908,1389,2,93,1402
8909,1389,3,520,1402
8910,1389,4,242,1402
8911,1389,5,40,1402
8912,1389,6,26,1402
8913,1389,7,1376,1402
8914,1390,1,52,154
8915,1390,2,12,154
8916,1390,3,50,154
8917,1390,4,4,154
8918,1390,5,36,154
8919,1390,6,55,154
8920,1390,7,99,154
8921,1391,1,191,445
8922,1391,2,56,445
8923,1391,3,139,445
8924,1391,4,51,445
8925,1391,5,8,445
8926,1391,6,100,445
8927,1391,7,345,445
8928,1392,1,2,50
8929,1392,2,23,50
8930,1392,3,11,50
8931,1392,4,8,50
8932,1392,5,6,50
8933,1392,6,46,50
8934,1392,7,4,50
8935,1393,1,68,181
8936,1393,2,28,181
8937,1393,3,39,181
8938,1393,4,16,181
8939,1393,5,30,181
8940,1393,6,41,181
8941,1393,7,140,181
8942,1394,1,20,44
8943,1394,2,4,44
8944,1394,3,10,44
8945,1394,4,6,44
8946,1394,5,4,44
8947,1394,6,17,44
8948,1394,7,27,44
8949,1395,1,20,43
8950,1395,2,3,43
8951,1395,3,16,43
8952,1395,5,4,43
8953,1395,6,1,43
8954,1395,7,42,43
8955,1396,1,7,8
8956,1396,3,1,8
8957,1396,7,8,8
8958,1397,1,279,571
8959,1397,2,172,571
8960,1397,3,74,571
8961,1397,4,38,571
8962,1397,5,8,571
8963,1397,6,246,571
8964,1397,7,325,571
8965,1398,1,977,1270
8966,1398,2,12,1270
8967,1398,3,253,1270
8968,1398,4,16,1270
8969,1398,5,12,1270
8970,1398,6,101,1270
8971,1398,7,1169,1270
8972,1399,1,30,39
8973,1399,2,1,39
8974,1399,3,8,39
8975,1399,6,3,39
8976,1399,7,36,39
8977,1400,1,6,41
8978,1400,2,1,41
8979,1400,3,7,41
8980,1400,4,23,41
8981,1400,5,4,41
8982,1400,6,19,41
8983,1400,7,22,41
8984,1401,1,3,66
8985,1401,2,18,66
8986,1401,3,26,66
8987,1401,4,11,66
8988,1401,5,8,66
8989,1401,6,12,66
8990,1401,7,54,66
8991,1402,1,14,16
8992,1402,3,2,16
8993,1402,6,7,16
8994,1402,7,9,16
8995,1403,1,10,18
8996,1403,2,1,18
8997,1403,3,7,18
8998,1403,6,1,18
8999,1403,7,17,18
9000,1404,1,7,48
9001,1404,2,10,48
9002,1404,3,17,48
9003,1404,4,8,48
9004,1404,5,6,48
9005,1404,6,13,48
9006,1404,7,35,48
9007,1405,1,33,375
9008,1405,2,87,375
9009,1405,3,64,375
9010,1405,4,175,375
9011,1405,5,16,375
9012,1405,6,74,375
9013,1405,7,301,375
9014,1406,1,12,27
9015,1406,3,13,27
9016,1406,4,2,27
9017,1406,6,10,27
9018,1406,7,17,27
9019,1407,1,2,28
9020,1407,2,3,28
9021,1407,3,10,28
9022,1407,4,11,28
9023,1407,5,2,28
9024,1407,6,10,28
9025,1407,7,18,28
9026,1408,1,693,1089
9027,1408,2,21,1089
9028,1408,3,118,1089
9029,1408,4,110,1089
9030,1408,5,147,1089
9031,1408,6,42,1089
9032,1408,7,1047,1089
9033,1409,1,9,32
9034,1409,2,3,32
9035,1409,3,15,32
9036,1409,4,2,32
9037,1409,5,3,32
9038,1409,6,2,32
9039,1409,7,30,32
9040,1410,1,129,292
9041,1410,2,26,292
9042,1410,3,67,292
9043,1410,4,3,292
9044,1410,5,67,292
9045,1410,6,2,292
9046,1410,7,290,292
9047,1411,1,16,32
9048,1411,2,2,32
9049,1411,3,11,32
9050,1411,4,3,32
9051,1411,6,16,32
9052,1411,7,16,32
9053,1412,1,201,254
9054,1412,2,2,254
9055,1412,3,43,254
9056,1412,4,3,254
9057,1412,5,5,254
9058,1412,6,35,254
9059,1412,7,219,254
9060,1413,1,5,20
9061,1413,2,4,20
9062,1413,3,5,20
9063,1413,4,4,20
9064,1413,5,2,20
9065,1413,6,10,20
9066,1413,7,10,20
9067,1414,1,14,90
9068,1414,2,36,90
9069,1414,3,11,90
9070,1414,4,3,90
9071,1414,5,26,90
9072,1414,6,35,90
9073,1414,7,55,90
9074,1415,1,29,120
9075,1415,2,12,120
9076,1415,3,59,120
9077,1415,4,19,120
9078,1415,5,1,120
9079,1415,6,36,120
9080,1415,7,84,120
9081,1416,1,26,62
9082,1416,2,2,62
9083,1416,3,19,62
9084,1416,4,10,62
9085,1416,5,5,62
9086,1416,6,8,62
9087,1416,7,54,62
9088,1417,1,9,19
9089,1417,2,1,19
9090,1417,3,4,19
9091,1417,4,3,19
9092,1417,5,2,19
9093,1417,6,3,19
9094,1417,7,16,19
9095,1418,1,14,46
9096,1418,3,23,46
9097,1418,4,4,46
9098,1418,5,5,46
9099,1418,6,19,46
9100,1418,7,27,46
9101,1419,1,972,1792
9102,1419,2,19,1792
9103,1419,3,595,1792
9104,1419,4,180,1792
9105,1419,5,26,1792
9106,1419,6,138,1792
9107,1419,7,1654,1792
9108,1420,1,966,2157
9109,1420,2,168,2157
9110,1420,3,672,2157
9111,1420,4,246,2157
9112,1420,5,105,2157
9113,1420,6,126,2157
9114,1420,7,2031,2157
9115,1421,1,99,304
9116,1421,2,27,304
9117,1421,3,102,304
9118,1421,4,28,304
9119,1421,5,48,304
9120,1421,6,6,304
9121,1421,7,298,304
9122,1422,1,482,1302
9123,1422,2,35,1302
9124,1422,3,553,1302
9125,1422,4,72,1302
9126,1422,5,160,1302
9127,1422,6,17,1302
9128,1422,7,1285,1302
9129,1423,1,714,832
9130,1423,2,8,832
9131,1423,3,99,832
9132,1423,4,11,832
9133,1423,6,47,832
9134,1423,7,785,832
9135,1424,1,587,1114
9136,1424,2,54,1114
9137,1424,3,348,1114
9138,1424,4,71,1114
9139,1424,5,54,1114
9140,1424,6,130,1114
9141,1424,7,984,1114
9142,1425,1,399,651
9143,1425,2,27,651
9144,1425,3,159,651
9145,1425,4,58,651
9146,1425,5,8,651
9147,1425,6,39,651
9148,1425,7,612,651
9149,1426,1,56,184
9150,1426,2,10,184
9151,1426,3,92,184
9152,1426,4,19,184
9153,1426,5,7,184
9154,1426,6,25,184
9155,1426,7,159,184
9156,1427,1,227,1103
9157,1427,2,151,1103
9158,1427,3,573,1103
9159,1427,4,98,1103
9160,1427,5,54,1103
9161,1427,6,31,1103
9162,1427,7,1072,1103
9163,1428,1,703,1464
9164,1428,2,102,1464
9165,1428,3,601,1464
9166,1428,5,58,1464
9167,1428,6,43,1464
9168,1428,7,1421,1464
9169,1429,1,37,54
9170,1429,3,17,54
9171,1429,6,3,54
9172,1429,7,51,54
9173,1430,1,167,459
9174,1430,2,13,459
9175,1430,3,180,459
9176,1430,4,86,459
9177,1430,5,13,459
9178,1430,6,70,459
9179,1430,7,389,459
9180,1431,1,458,1051
9181,1431,2,81,1051
9182,1431,3,356,1051
9183,1431,4,106,1051
9184,1431,5,50,1051
9185,1431,6,40,1051
9186,1431,7,1011,1051
9187,1432,1,91,149
9188,1432,2,3,149
9189,1432,3,52,149
9190,1432,4,2,149
9191,1432,5,1,149
9192,1432,6,31,149
9193,1432,7,118,149
9194,1433,1,15,55
9195,1433,2,8,55
9196,1433,3,16,55
9197,1433,4,11,55
9198,1433,5,5,55
9199,1433,6,22,55
9200,1433,7,33,55
9201,1434,1,1302,2304
9202,1434,2,68,2304
9203,1434,3,731,2304
9204,1434,4,89,2304
9205,1434,5,114,2304
9206,1434,6,45,2304
9207,1434,7,2259,2304
9208,1435,1,153,520
9209,1435,2,64,520
9210,1435,3,123,520
9211,1435,4,116,520
9212,1435,5,64,520
9213,1435,6,14,520
9214,1435,7,506,520
9215,1436,1,508,546
9216,1436,2,5,546
9217,1436,3,21,546
9218,1436,4,7,546
9219,1436,5,5,546
9220,1436,6,10,546
9221,1436,7,536,546
9222,1437,1,290,608
9223,1437,2,59,608
9224,1437,3,177,608
9225,1437,4,77,608
9226,1437,5,5,608
9227,1437,6,29,608
9228,1437,7,579,608
9229,1438,1,38,40
9230,1438,3,2,40
9231,1438,6,6,40
9232,1438,7,34,40
9233,1439,1,2,33
9234,1439,2,13,33
9235,1439,3,6,33
9236,1439,4,7,33
9237,1439,5,5,33
9238,1439,6,11,33
9239,1439,7,22,33
9240,1440,1,30,42
9241,1440,3,10,42
9242,1440,4,2,42
9243,1440,6,5,42
9244,1440,7,37,42
9245,1441,1,386,599
9246,1441,2,23,599
9247,1441,3,95,599
9248,1441,4,54,599
9249,1441,5,41,599
9250,1441,6,196,599
9251,1441,7,403,599
9252,1442,1,443,538
9253,1442,2,10,538
9254,1442,3,75,538
9255,1442,5,10,538
9256,1442,6,48,538
9257,1442,7,490,538
9258,1443,1,901,1383
9259,1443,2,31,1383
9260,1443,3,345,1383
9261,1443,4,75,1383
9262,1443,5,31,1383
9263,1443,6,191,1383
9264,1443,7,1192,1383
9265,1444,1,9,12
9266,1444,3,3,12
9267,1444,6,1,12
9268,1444,7,11,12
9269,1445,1,846,1429
9270,1445,2,84,1429
9271,1445,3,352,1429
9272,1445,4,91,1429
9273,1445,5,56,1429
9274,1445,6,42,1429
9275,1445,7,1387,1429
9276,1446,1,8,43
9277,1446,2,3,43
9278,1446,3,9,43
9279,1446,4,19,43
9280,1446,5,4,43
9281,1446,6,22,43
9282,1446,7,21,43
9283,1447,1,72,151
9284,1447,2,7,151
9285,1447,3,58,151
9286,1447,4,13,151
9287,1447,5,1,151
9288,1447,6,24,151
9289,1447,7,127,151
9290,1448,1,29,35
9291,1448,3,5,35
9292,1448,5,1,35
9293,1448,6,5,35
9294,1448,7,30,35
9295,1449,1,169,934
9296,1449,2,24,934
9297,1449,3,553,934
9298,1449,4,188,934
9299,1449,6,144,934
9300,1449,7,790,934
9301,1450,1,460,962
9302,1450,2,35,962
9303,1450,3,422,962
9304,1450,4,33,962
9305,1450,5,12,962
9306,1450,6,153,962
9307,1450,7,809,962
9308,1451,1,69,122
9309,1451,2,8,122
9310,1451,3,26,122
9311,1451,4,12,122
9312,1451,5,7,122
9313,1451,6,12,122
9314,1451,7,110,122
9315,1452,1,556,1497
9316,1452,2,14,1497
9317,1452,3,717,1497
9318,1452,4,210,1497
9319,1452,6,43,1497
9320,1452,7,1454,1497
9321,1453,1,73,87
9322,1453,3,13,87
9323,1453,5,1,87
9324,1453,7,87,87
9325,1454,1,112,181
9326,1454,2,1,181
9327,1454,3,54,181
9328,1454,4,7,181
9329,1454,5,7,181
9330,1454,6,36,181
9331,1454,7,145,181
9332,1455,1,944,1004
9333,1455,3,60,1004
9334,1455,6,30,1004
9335,1455,7,974,1004
9336,1456,1,265,1010
9337,1456,2,199,1010
9338,1456,3,303,1010
9339,1456,4,234,1010
9340,1456,5,9,1010
9341,1456,6,170,1010
9342,1456,7,840,1010
9343,1457,1,526,720
9344,1457,2,28,720
9345,1457,3,135,720
9346,1457,4,10,720
9347,1457,5,21,720
9348,1457,6,99,720
9349,1457,7,621,720
9350,1458,1,2,25
9351,1458,2,3,25
9352,1458,3,12,25
9353,1458,4,3,25
9354,1458,5,5,25
9355,1458,6,7,25
9356,1458,7,18,25
9357,1459,1,2,30
9358,1459,2,4,30
9359,1459,3,9,30
9360,1459,4,10,30
9361,1459,5,5,30
9362,1459,6,16,30
9363,1459,7,14,30
9364,1460,1,378,1125
9365,1460,2,97,1125
9366,1460,3,259,1125
9367,1460,4,197,1125
9368,1460,5,194,1125
9369,1460,6,34,1125
9370,1460,7,1091,1125
9371,1461,1,553,852
9372,1461,2,25,852
9373,1461,3,142,852
9374,1461,4,65,852
9375,1461,5,67,852
9376,1461,6,8,852
9377,1461,7,844,852
9378,1462,1,751,1600
9379,1462,2,127,1600
9380,1462,3,687,1600
9381,1462,4,20,1600
9382,1462,5,15,1600
9383,1462,6,31,1600
9384,1462,7,1569,1600
9385,1463,1,406,436
9386,1463,3,30,436
9387,1463,6,8,436
9388,1463,7,428,436
9389,1464,1,1449,1803
9390,1464,2,89,1803
9391,1464,3,161,1803
9392,1464,4,69,1803
9393,1464,5,35,1803
9394,1464,6,107,1803
9395,1464,7,1696,1803
9396,1465,1,123,350
9397,1465,2,17,350
9398,1465,3,171,350
9399,1465,4,39,350
9400,1465,6,30,350
9401,1465,7,320,350
9402,1466,1,267,715
9403,1466,2,42,715
9404,1466,3,309,715
9405,1466,4,55,715
9406,1466,5,42,715
9407,1466,6,21,715
9408,1466,7,694,715
9409,1467,1,209,254
9410,1467,3,40,254
9411,1467,4,3,254
9412,1467,5,2,254
9413,1467,6,15,254
9414,1467,7,239,254
9415,1468,1,1259,2491
9416,1468,2,172,2491
9417,1468,3,815,2491
9418,1468,4,97,2491
9419,1468,5,148,2491
9420,1468,6,33,2491
9421,1468,7,2458,2491
9422,1469,1,344,595
9423,1469,2,35,595
9424,1469,3,178,595
9425,1469,4,15,595
9426,1469,5,23,595
9427,1469,6,17,595
9428,1469,7,578,595
9429,1470,1,22,60
9430,1470,2,3,60
9431,1470,3,30,60
9432,1470,5,5,60
9433,1470,6,15,60
9434,1470,7,45,60
9435,1471,1,247,998
9436,1471,2,161,998
9437,1471,3,295,998
9438,1471,4,210,998
9439,1471,5,85,998
9440,1471,6,47,998
9441,1471,7,951,998
9442,1472,1,38,54
9443,1472,3,12,54
9444,1472,4,3,54
9445,1472,5,1,54
9446,1472,6,1,54
9447,1472,7,53,54
9448,1473,1,896,1030
9449,1473,2,10,1030
9450,1473,3,101,1030
9451,1473,4,13,1030
9452,1473,5,10,1030
9453,1473,6,34,1030
9454,1473,7,996,1030
9455,1474,1,931,1429
9456,1474,2,56,1429
9457,1474,3,253,1429
9458,1474,4,91,1429
9459,1474,5,98,1429
9460,1474,6,14,1429
9461,1474,7,1415,1429
9462,1475,1,758,1277
9463,1475,2,12,1277
9464,1475,3,385,1277
9465,1475,4,33,1277
9466,1475,5,89,1277
9467,1475,6,89,1277
9468,1475,7,1188,1277
9469,1476,1,216,311
9470,1476,2,9,311
9471,1476,3,57,311
9472,1476,4,20,311
9473,1476,5,9,311
9474,1476,6,125,311
9475,1476,7,186,311
9476,1477,1,2,28
9477,1477,2,3,28
9478,1477,3,10,28
9479,1477,4,11,28
9480,1477,5,2,28
9481,1477,6,10,28
9482,1477,7,18,28
9483,1478,1,244,386
9484,1478,2,15,386
9485,1478,3,108,386
9486,1478,4,4,386
9487,1478,5,15,386
9488,1478,6,50,386
9489,1478,7,336,386
9490,1479,1,539,650
9491,1479,2,6,650
9492,1479,3,91,650
9493,1479,4,8,650
9494,1479,5,6,650
9495,1479,6,97,650
9496,1479,7,553,650
9497,1480,1,1181,1357
9498,1480,2,26,1357
9499,1480,3,120,1357
9500,1480,4,17,1357
9501,1480,5,13,1357
9502,1480,6,39,1357
9503,1480,7,1318,1357
9504,1481,1,750,902
9505,1481,2,8,902
9506,1481,3,125,902
9507,1481,4,11,902
9508,1481,5,8,902
9509,1481,6,26,902
9510,1481,7,876,902
9511,1482,1,306,550
9512,1482,2,5,550
9513,1482,3,109,550
9514,1482,4,21,550
9515,1482,5,109,550
9516,1482,6,92,550
9517,1482,7,458,550
9518,1483,1,350,991
9519,1483,2,104,991
9520,1483,3,189,991
9521,1483,4,197,991
9522,1483,5,151,991
9523,1483,6,57,991
9524,1483,7,934,991
9525,1484,1,331,908
9526,1484,2,197,908
9527,1484,3,170,908
9528,1484,4,58,908
9529,1484,5,152,908
9530,1484,6,35,908
9531,1484,7,873,908
9532,1485,1,620,825
9533,1485,2,16,825
9534,1485,3,165,825
9535,1485,5,24,825
9536,1485,6,82,825
9537,1485,7,743,825
9538,1486,1,434,1153
9539,1486,2,137,1153
9540,1486,3,400,1153
9541,1486,4,45,1153
9542,1486,5,137,1153
9543,1486,6,45,1153
9544,1486,7,1108,1153
9545,1487,1,57,84
9546,1487,3,27,84
9547,1487,6,36,84
9548,1487,7,48,84
9549,1488,1,811,1551
9550,1488,2,76,1551
9551,1488,3,428,1551
9552,1488,4,99,1551
9553,1488,5,137,1551
9554,1488,6,107,1551
9555,1488,7,1444,1551
9556,1489,1,423,1441
9557,1489,2,42,1441
9558,1489,3,706,1441
9559,1489,4,73,1441
9560,1489,5,197,1441
9561,1489,6,197,1441
9562,1489,7,1244,1441
9563,1490,1,2,43
9564,1490,2,12,43
9565,1490,3,10,43
9566,1490,4,6,43
9567,1490,5,13,43
9568,1490,6,30,43
9569,1490,7,13,43
9570,1491,1,60,224
9571,1491,2,51,224
9572,1491,3,87,224
9573,1491,4,6,224
9574,1491,5,20,224
9575,1491,6,51,224
9576,1491,7,173,224
9577,1492,1,675,777
9578,1492,3,85,777
9579,1492,4,10,777
9580,1492,5,7,777
9581,1492,6,77,777
9582,1492,7,700,777
9583,1493,1,30,66
9584,1493,2,8,66
9585,1493,3,12,66
9586,1493,4,8,66
9587,1493,5,8,66
9588,1493,6,12,66
9589,1493,7,54,66
9590,1494,1,40,88
9591,1494,2,1,88
9592,1494,3,40,88
9593,1494,4,4,88
9594,1494,5,3,88
9595,1494,6,18,88
9596,1494,7,70,88
9597,1495,1,3,67
9598,1495,2,17,67
9599,1495,3,26,67
9600,1495,4,20,67
9601,1495,5,1,67
9602,1495,6,39,67
9603,1495,7,28,67
9604,1496,1,910,1868
9605,1496,2,111,1868
9606,1496,3,724,1868
9607,1496,4,49,1868
9608,1496,5,74,1868
9609,1496,6,55,1868
9610,1496,7,1813,1868
9611,1497,1,252,1466
9612,1497,2,98,1466
9613,1497,3,827,1466
9614,1497,4,219,1466
9615,1497,5,70,1466
9616,1497,6,196,1466
9617,1497,7,1270,1466
9618,1498,1,34,76
9619,1498,2,6,76
9620,1498,3,21,76
9621,1498,4,11,76
9622,1498,5,4,76
9623,1498,6,8,76
9624,1498,7,68,76
9625,1499,1,19,45
9626,1499,2,3,45
9627,1499,3,19,45
9628,1499,4,3,45
9629,1499,5,1,45
9630,1499,6,3,45
9631,1499,7,42,45
9632,1500,1,2,4
9633,1500,2,1,4
9634,1500,3,1,4
9635,1500,6,1,4
9636,1500,7,3,4
9637,1501,1,490,712
9638,1501,3,184,712
9639,1501,4,10,712
9640,1501,5,28,712
9641,1501,6,21,712
9642,1501,7,691,712
9643,1502,1,332,1177
9644,1502,2,194,1177
9645,1502,3,377,1177
9646,1502,4,149,1177
9647,1502,5,125,1177
9648,1502,6,57,1177
9649,1502,7,1120,1177
9650,1503,1,53,91
9651,1503,2,8,91
9652,1503,3,17,91
9653,1503,4,13,91
9654,1503,6,21,91
9655,1503,7,70,91
9656,1504,1,784,1610
9657,1504,2,48,1610
9658,1504,3,560,1610
9659,1504,4,42,1610
9660,1504,5,176,1610
9661,1504,6,48,1610
9662,1504,7,1562,1610
9663,1505,1,7,35
9664,1505,2,11,35
9665,1505,3,3,35
9666,1505,4,10,35
9667,1505,5,4,35
9668,1505,6,20,35
9669,1505,7,15,35
9670,1506,1,1171,1466
9671,1506,2,43,1466
9672,1506,3,219,1466
9673,1506,4,19,1466
9674,1506,5,14,1466
9675,1506,6,47,1466
9676,1506,7,1419,1466
9677,1507,1,215,258
9678,1507,2,7,258
9679,1507,3,33,258
9680,1507,4,3,258
9681,1507,6,13,258
9682,1507,7,245,258
9683,1508,1,674,896
9684,1508,2,62,896
9685,1508,3,134,896
9686,1508,5,26,896
9687,1508,6,8,896
9688,1508,7,888,896
9689,1509,1,57,84
9690,1509,3,27,84
9691,1509,6,36,84
9692,1509,7,48,84
9693,1510,1,5,58
9694,1510,2,36,58
9695,1510,3,7,58
9696,1510,5,10,58
9697,1510,6,45,58
9698,1510,7,13,58
9699,1511,1,104,264
9700,1511,2,20,264
9701,1511,3,101,264
9702,1511,4,24,264
9703,1511,5,15,264
9704,1511,6,5,264
9705,1511,7,259,264
9706,1512,1,9,18
9707,1512,3,7,18
9708,1512,4,2,18
9709,1512,6,4,18
9710,1512,7,14,18
9711,1513,1,431,1054
9712,1513,2,82,1054
9713,1513,3,441,1054
9714,1513,4,80,1054
9715,1513,5,20,1054
9716,1513,6,102,1054
9717,1513,7,952,1054
9718,1514,1,1000,1076
9719,1514,3,76,1076
9720,1514,6,10,1076
9721,1514,7,1066,1076
9722,1515,1,448,1037
9723,1515,2,40,1037
9724,1515,3,469,1037
9725,1515,4,80,1037
9726,1515,6,91,1037
9727,1515,7,946,1037
9728,1516,1,33,67
9729,1516,2,4,67
9730,1516,3,24,67
9731,1516,4,4,67
9732,1516,5,2,67
9733,1516,6,5,67
9734,1516,7,62,67
9735,1517,1,505,910
9736,1517,2,72,910
9737,1517,3,270,910
9738,1517,4,36,910
9739,1517,5,27,910
9740,1517,6,54,910
9741,1517,7,856,910
9742,1518,1,267,1320
9743,1518,2,38,1320
9744,1518,3,701,1320
9745,1518,4,149,1320
9746,1518,5,165,1320
9747,1518,6,63,1320
9748,1518,7,1257,1320
9749,1519,1,14,17
9750,1519,3,3,17
9751,1519,6,1,17
9752,1519,7,16,17
9753,1520,1,631,763
9754,1520,3,115,763
9755,1520,4,10,763
9756,1520,5,7,763
9757,1520,6,30,763
9758,1520,7,733,763
9759,1521,1,65,89
9760,1521,2,4,89
9761,1521,3,16,89
9762,1521,5,4,89
9763,1521,6,11,89
9764,1521,7,78,89
9765,1522,1,10,60
9766,1522,2,12,60
9767,1522,3,12,60
9768,1522,4,25,60
9769,1522,5,1,60
9770,1522,6,20,60
9771,1522,7,40,60
9772,1523,1,51,118
9773,1523,2,4,118
9774,1523,3,50,118
9775,1523,4,12,118
9776,1523,5,1,118
9777,1523,6,49,118
9778,1523,7,69,118
9779,1524,1,293,612
9780,1524,2,35,612
9781,1524,3,179,612
9782,1524,4,46,612
9783,1524,5,59,612
9784,1524,6,65,612
9785,1524,7,547,612
9786,1525,1,11,17
9787,1525,2,1,17
9788,1525,3,2,17
9789,1525,4,2,17
9790,1525,5,1,17
9791,1525,6,6,17
9792,1525,7,11,17
9793,1526,1,50,91
9794,1526,2,1,91
9795,1526,3,27,91
9796,1526,4,6,91
9797,1526,5,7,91
9798,1526,6,1,91
9799,1526,7,90,91
9800,1527,1,173,560
9801,1527,2,26,560
9802,1527,3,255,560
9803,1527,4,35,560
9804,1527,5,71,560
9805,1527,6,81,560
9806,1527,7,479,560
9807,1528,1,423,1085
9808,1528,2,184,1085
9809,1528,3,368,1085
9810,1528,4,13,1085
9811,1528,5,97,1085
9812,1528,6,21,1085
9813,1528,7,1064,1085
9814,1529,1,292,833
9815,1529,2,30,833
9816,1529,3,415,833
9817,1529,4,63,833
9818,1529,5,33,833
9819,1529,6,200,833
9820,1529,7,633,833
9821,1530,1,757,1163
9822,1530,2,80,1163
9823,1530,3,217,1163
9824,1530,4,29,1163
9825,1530,5,80,1163
9826,1530,6,11,1163
9827,1530,7,1152,1163
9828,1531,1,12,20
9829,1531,2,1,20
9830,1531,3,6,20
9831,1531,5,1,20
9832,1531,6,5,20
9833,1531,7,15,20
9834,1532,1,167,221
9835,1532,2,2,221
9836,1532,3,44,221
9837,1532,4,6,221
9838,1532,5,2,221
9839,1532,6,19,221
9840,1532,7,202,221
9841,1533,1,3,15
9842,1533,2,1,15
9843,1533,3,3,15
9844,1533,4,8,15
9845,1533,6,5,15
9846,1533,7,10,15
9847,1534,1,30,74
9848,1534,2,5,74
9849,1534,3,22,74
9850,1534,4,8,74
9851,1534,5,9,74
9852,1534,6,28,74
9853,1534,7,46,74
9854,1535,1,532,901
9855,1535,2,88,901
9856,1535,3,168,901
9857,1535,4,69,901
9858,1535,5,44,901
9859,1535,6,133,901
9860,1535,7,768,901
9861,1536,1,29,120
9862,1536,2,12,120
9863,1536,3,59,120
9864,1536,4,19,120
9865,1536,5,1,120
9866,1536,6,36,120
9867,1536,7,84,120
9868,1537,1,411,437
9869,1537,3,26,437
9870,1537,6,21,437
9871,1537,7,416,437
9872,1538,1,5,17
9873,1538,2,3,17
9874,1538,3,4,17
9875,1538,4,4,17
9876,1538,5,1,17
9877,1538,7,17,17
9878,1539,1,71,754
9879,1539,2,99,754
9880,1539,3,278,754
9881,1539,4,185,754
9882,1539,5,121,754
9883,1539,6,38,754
9884,1539,7,716,754
9885,1540,1,46,89
9886,1540,3,40,89
9887,1540,4,3,89
9888,1540,6,3,89
9889,1540,7,86,89
9890,1541,1,268,385
9891,1541,2,11,385
9892,1541,3,88,385
9893,1541,4,15,385
9894,1541,5,3,385
9895,1541,6,22,385
9896,1541,7,363,385
9897,1542,1,928,1257
9898,1542,2,63,1257
9899,1542,3,254,1257
9900,1542,5,12,1257
9901,1542,6,12,1257
9902,1542,7,1245,1257
9903,1543,1,459,810
9904,1543,2,15,810
9905,1543,3,171,810
9906,1543,4,142,810
9907,1543,5,23,810
9908,1543,6,31,810
9909,1543,7,779,810
9910,1544,1,483,597
9911,1544,3,108,597
9912,1544,5,6,597
9913,1544,6,36,597
9914,1544,7,561,597
9915,1545,1,733,953
9916,1545,2,9,953
9917,1545,3,180,953
9918,1545,4,12,953
9919,1545,5,19,953
9920,1545,6,66,953
9921,1545,7,887,953
9922,1546,1,1006,1270
9923,1546,2,22,1270
9924,1546,3,115,1270
9925,1546,4,59,1270
9926,1546,5,68,1270
9927,1546,6,45,1270
9928,1546,7,1225,1270
9929,1547,1,34,49
9930,1547,2,1,49
9931,1547,3,14,49
9932,1547,6,5,49
9933,1547,7,44,49
9934,1548,1,1156,2429
9935,1548,2,120,2429
9936,1548,3,915,2429
9937,1548,4,94,2429
9938,1548,5,144,2429
9939,1548,6,96,2429
9940,1548,7,2333,2429
9941,1549,1,7,41
9942,1549,2,4,41
9943,1549,3,23,41
9944,1549,4,7,41
9945,1549,6,11,41
9946,1549,7,30,41
9947,1550,1,244,386
9948,1550,2,15,386
9949,1550,3,108,386
9950,1550,4,4,386
9951,1550,5,15,386
9952,1550,6,50,386
9953,1550,7,336,386
9954,1551,1,233,256
9955,1551,3,23,256
9956,1551,6,12,256
9957,1551,7,244,256
9958,1552,1,35,123
9959,1552,2,3,123
9960,1552,3,67,123
9961,1552,4,10,123
9962,1552,5,8,123
9963,1552,6,24,123
9964,1552,7,99,123
9965,1553,1,1252,1798
9966,1553,3,465,1798
9967,1553,4,46,1798
9968,1553,5,35,1798
9969,1553,7,1798,1798
9970,1554,1,34,117
9971,1554,2,4,117
9972,1554,3,66,117
9973,1554,4,3,117
9974,1554,5,10,117
9975,1554,6,20,117
9976,1554,7,97,117
9977,1555,1,255,483
9978,1555,2,43,483
9979,1555,3,134,483
9980,1555,4,37,483
9981,1555,5,14,483
9982,1555,6,24,483
9983,1555,7,459,483
9984,1556,1,8,14
9985,1556,2,1,14
9986,1556,3,5,14
9987,1556,6,1,14
9988,1556,7,13,14
9989,1557,1,368,1095
9990,1557,2,32,1095
9991,1557,3,639,1095
9992,1557,4,13,1095
9993,1557,5,43,1095
9994,1557,6,10,1095
9995,1557,7,1085,1095
9996,1558,1,255,959
9997,1558,2,47,959
9998,1558,3,573,959
9999,1558,4,52,959
10000,1558,5,32,959
10001,1558,6,15,959
10002,1558,7,944,959
10003,1559,1,33,63
10004,1559,2,8,63
10005,1559,3,10,63
10006,1559,4,2,63
10007,1559,5,10,63
10008,1559,6,3,63
10009,1559,7,60,63
10010,1560,1,163,702
10011,1560,2,23,702
10012,1560,3,424,702
10013,1560,4,27,702
10014,1560,5,65,702
10015,1560,6,76,702
10016,1560,7,626,702
10017,1561,1,15,29
10018,1561,3,8,29
10019,1561,4,4,29
10020,1561,5,2,29
10021,1561,6,20,29
10022,1561,7,9,29
10023,1562,1,45,156
10024,1562,2,12,156
10025,1562,3,52,156
10026,1562,4,25,156
10027,1562,5,22,156
10028,1562,6,13,156
10029,1562,7,143,156
10030,1563,1,48,256
10031,1563,2,58,256
10032,1563,3,68,256
10033,1563,4,16,256
10034,1563,5,66,256
10035,1563,6,43,256
10036,1563,7,213,256
10037,1564,1,158,219
10038,1564,2,6,219
10039,1564,3,45,219
10040,1564,4,8,219
10041,1564,5,2,219
10042,1564,6,2,219
10043,1564,7,217,219
10044,1565,1,754,1634
10045,1565,2,160,1634
10046,1565,3,625,1634
10047,1565,4,63,1634
10048,1565,5,32,1634
10049,1565,6,48,1634
10050,1565,7,1586,1634
10051,1566,1,108,151
10052,1566,2,1,151
10053,1566,3,28,151
10054,1566,4,13,151
10055,1566,5,1,151
10056,1566,6,4,151
10057,1566,7,147,151
10058,1567,1,199,851
10059,1567,2,66,851
10060,1567,3,315,851
10061,1567,4,97,851
10062,1567,5,174,851
10063,1567,6,41,851
10064,1567,7,810,851
10065,1568,1,2,31
10066,1568,2,7,31
10067,1568,3,5,31
10068,1568,4,2,31
10069,1568,5,15,31
10070,1568,6,27,31
10071,1568,7,4,31
10072,1569,1,202,297
10073,1569,2,5,297
10074,1569,3,74,297
10075,1569,4,11,297
10076,1569,5,5,297
10077,1569,6,14,297
10078,1569,7,283,297
10079,1570,1,85,88
10080,1570,3,3,88
10081,1570,6,7,88
10082,1570,7,81,88
10083,1571,1,322,382
10084,1571,2,3,382
10085,1571,3,50,382
10086,1571,4,4,382
10087,1571,5,3,382
10088,1571,6,42,382
10089,1571,7,340,382
10090,1572,1,18,41
10091,1572,2,2,41
10092,1572,3,19,41
10093,1572,5,2,41
10094,1572,6,6,41
10095,1572,7,35,41
10096,1573,1,141,292
10097,1573,2,8,292
10098,1573,3,129,292
10099,1573,4,3,292
10100,1573,5,11,292
10101,1573,6,47,292
10102,1573,7,245,292
10103,1574,1,739,1375
10104,1574,2,107,1375
10105,1574,3,309,1375
10106,1574,4,140,1375
10107,1574,5,80,1375
10108,1574,6,35,1375
10109,1574,7,1340,1375
10110,1575,1,18,30
10111,1575,3,6,30
10112,1575,4,3,30
10113,1575,5,3,30
10114,1575,6,5,30
10115,1575,7,25,30
10116,1576,1,378,489
10117,1576,3,88,489
10118,1576,4,19,489
10119,1576,5,4,489
10120,1576,6,73,489
10121,1576,7,416,489
10122,1577,1,1083,2244
10123,1577,2,108,2244
10124,1577,3,649,2244
10125,1577,4,253,2244
10126,1577,5,151,2244
10127,1577,6,108,2244
10128,1577,7,2136,2244
10129,1578,1,1016,1271
10130,1578,2,12,1271
10131,1578,3,215,1271
10132,1578,4,16,1271
10133,1578,5,12,1271
10134,1578,6,63,1271
10135,1578,7,1208,1271
10136,1579,1,23,30
10137,1579,2,1,30
10138,1579,3,6,30
10139,1579,6,2,30
10140,1579,7,28,30
10141,1580,1,12,38
10142,1580,2,1,38
10143,1580,3,21,38
10144,1580,4,2,38
10145,1580,5,2,38
10146,1580,6,3,38
10147,1580,7,35,38
10148,1581,1,35,39
10149,1581,3,4,39
10150,1581,7,39,39
10151,1582,1,548,1113
10152,1582,2,31,1113
10153,1582,3,422,1113
10154,1582,5,112,1113
10155,1582,6,28,1113
10156,1582,7,1085,1113
10157,1583,1,342,670
10158,1583,2,32,670
10159,1583,3,230,670
10160,1583,4,34,670
10161,1583,5,32,670
10162,1583,6,40,670
10163,1583,7,630,670
10164,1584,1,365,390
10165,1584,2,3,390
10166,1584,3,15,390
10167,1584,4,4,390
10168,1584,5,3,390
10169,1584,6,11,390
10170,1584,7,379,390
10171,1585,1,397,497
10172,1585,2,19,497
10173,1585,3,69,497
10174,1585,4,12,497
10175,1585,6,9,497
10176,1585,7,488,497
10177,1586,1,456,1500
10178,1586,2,19,1500
10179,1586,3,832,1500
10180,1586,4,75,1500
10181,1586,5,118,1500
10182,1586,6,38,1500
10183,1586,7,1462,1500
10184,1587,1,5,44
10185,1587,2,6,44
10186,1587,3,15,44
10187,1587,4,11,44
10188,1587,5,7,44
10189,1587,6,13,44
10190,1587,7,31,44
10191,1588,1,836,1645
10192,1588,2,185,1645
10193,1588,3,575,1645
10194,1588,4,24,1645
10195,1588,5,25,1645
10196,1588,6,77,1645
10197,1588,7,1568,1645
10198,1589,1,100,260
10199,1589,2,2,260
10200,1589,3,128,260
10201,1589,4,23,260
10202,1589,5,7,260
10203,1589,6,10,260
10204,1589,7,250,260
10205,1590,1,10,24
10206,1590,3,10,24
10207,1590,4,3,24
10208,1590,5,1,24
10209,1590,6,7,24
10210,1590,7,17,24
10211,1591,1,238,806
10212,1591,2,115,806
10213,1591,3,215,806
10214,1591,4,169,806
10215,1591,5,69,806
10216,1591,6,76,806
10217,1591,7,730,806
10218,1592,1,6,14
10219,1592,3,5,14
10220,1592,4,2,14
10221,1592,5,1,14
10222,1592,6,2,14
10223,1592,7,12,14
10224,1593,1,158,294
10225,1593,2,11,294
10226,1593,3,99,294
10227,1593,4,15,294
10228,1593,5,11,294
10229,1593,6,17,294
10230,1593,7,277,294
10231,1594,1,86,221
10232,1594,2,12,221
10233,1594,3,75,221
10234,1594,4,33,221
10235,1594,5,15,221
10236,1594,6,6,221
10237,1594,7,215,221
10238,1595,1,856,953
10239,1595,3,76,953
10240,1595,4,12,953
10241,1595,5,9,953
10242,1595,6,199,953
10243,1595,7,754,953
10244,1596,1,98,117
10245,1596,2,1,117
10246,1596,3,17,117
10247,1596,5,1,117
10248,1596,6,5,117
10249,1596,7,112,117
10250,1597,1,4,57
10251,1597,2,16,57
10252,1597,3,20,57
10253,1597,5,17,57
10254,1597,6,20,57
10255,1597,7,37,57
10256,1598,1,398,1257
10257,1598,2,96,1257
10258,1598,3,447,1257
10259,1598,4,220,1257
10260,1598,5,96,1257
10261,1598,6,32,1257
10262,1598,7,1225,1257
10263,1599,1,313,435
10264,1599,2,8,435
10265,1599,3,104,435
10266,1599,4,6,435
10267,1599,5,4,435
10268,1599,6,126,435
10269,1599,7,309,435
10270,1600,1,109,193
10271,1600,2,18,193
10272,1600,3,16,193
10273,1600,4,24,193
10274,1600,5,26,193
10275,1600,6,18,193
10276,1600,7,175,193
10277,1601,1,216,224
10278,1601,2,2,224
10279,1601,3,6,224
10280,1601,6,9,224
10281,1601,7,215,224
10282,1602,1,595,1051
10283,1602,2,71,1051
10284,1602,3,153,1051
10285,1602,4,120,1051
10286,1602,5,112,1051
10287,1602,6,41,1051
10288,1602,7,1010,1051
10289,1603,1,123,513
10290,1603,2,133,513
10291,1603,3,142,513
10292,1603,4,71,513
10293,1603,5,44,513
10294,1603,6,88,513
10295,1603,7,425,513
10296,1604,1,16,44
10297,1604,3,23,44
10298,1604,4,3,44
10299,1604,5,2,44
10300,1604,6,10,44
10301,1604,7,34,44
10302,1605,1,11,66
10303,1605,2,12,66
10304,1605,3,35,66
10305,1605,4,3,66
10306,1605,5,5,66
10307,1605,6,12,66
10308,1605,7,54,66
10309,1606,1,410,1024
10310,1606,2,112,1024
10311,1606,3,420,1024
10312,1606,5,82,1024
10313,1606,6,71,1024
10314,1606,7,953,1024
10315,1607,1,159,220
10316,1607,2,2,220
10317,1607,3,51,220
10318,1607,4,6,220
10319,1607,5,2,220
10320,1607,6,24,220
10321,1607,7,196,220
10322,1608,1,105,116
10323,1608,3,10,116
10324,1608,5,1,116
10325,1608,7,116,116
10326,1609,1,5,14
10327,1609,2,1,14
10328,1609,3,8,14
10329,1609,6,1,14
10330,1609,7,13,14
10331,1610,1,269,387
10332,1610,2,15,387
10333,1610,3,69,387
10334,1610,4,15,387
10335,1610,5,19,387
10336,1610,6,38,387
10337,1610,7,349,387
10338,1611,1,629,699
10339,1611,3,70,699
10340,1611,6,35,699
10341,1611,7,664,699
10342,1612,1,443,556
10343,1612,2,5,556
10344,1612,3,71,556
10345,1612,4,21,556
10346,1612,5,16,556
10347,1612,6,82,556
10348,1612,7,474,556
10349,1613,1,217,801
10350,1613,2,77,801
10351,1613,3,373,801
10352,1613,4,111,801
10353,1613,5,23,801
10354,1613,6,93,801
10355,1613,7,708,801
10356,1614,1,24,37
10357,1614,2,1,37
10358,1614,3,10,37
10359,1614,4,2,37
10360,1614,6,4,37
10361,1614,7,33,37
10362,1615,1,9,24
10363,1615,2,1,24
10364,1615,3,5,24
10365,1615,4,4,24
10366,1615,5,5,24
10367,1615,6,7,24
10368,1615,7,17,24
10369,1616,1,8,27
10370,1616,3,14,27
10371,1616,4,2,27
10372,1616,5,3,27
10373,1616,6,7,27
10374,1616,7,20,27
10375,1617,1,1459,1535
10376,1617,3,61,1535
10377,1617,5,15,1535
10378,1617,6,215,1535
10379,1617,7,1320,1535
10380,1618,1,230,537
10381,1618,2,48,537
10382,1618,3,214,537
10383,1618,4,13,537
10384,1618,5,32,537
10385,1618,6,75,537
10386,1618,7,462,537
10387,1619,1,1,20
10388,1619,2,3,20
10389,1619,3,6,20
10390,1619,4,10,20
10391,1619,6,9,20
10392,1619,7,11,20
10393,1620,1,340,767
10394,1620,2,21,767
10395,1620,3,134,767
10396,1620,4,258,767
10397,1620,5,14,767
10398,1620,6,56,767
10399,1620,7,711,767
10400,1621,1,7,17
10401,1621,2,1,17
10402,1621,3,6,17
10403,1621,5,3,17
10404,1621,6,3,17
10405,1621,7,14,17
10406,1622,1,298,377
10407,1622,2,7,377
10408,1622,3,68,377
10409,1622,4,4,377
10410,1622,6,19,377
10411,1622,7,358,377
10412,1623,1,479,728
10413,1623,2,35,728
10414,1623,3,179,728
10415,1623,4,28,728
10416,1623,5,7,728
10417,1623,6,85,728
10418,1623,7,643,728
10419,1624,1,267,1052
10420,1624,2,140,1052
10421,1624,3,599,1052
10422,1624,4,34,1052
10423,1624,5,12,1052
10424,1624,6,127,1052
10425,1624,7,925,1052
10426,1625,1,67,122
10427,1625,2,4,122
10428,1625,3,32,122
10429,1625,4,17,122
10430,1625,5,2,122
10431,1625,6,16,122
10432,1625,7,106,122
10433,1626,1,3,37
10434,1626,2,1,37
10435,1626,3,8,37
10436,1626,4,23,37
10437,1626,5,2,37
10438,1626,6,18,37
10439,1626,7,19,37
10440,1627,1,980,1480
10441,1627,2,37,1480
10442,1627,3,265,1480
10443,1627,4,35,1480
10444,1627,5,163,1480
10445,1627,6,31,1480
10446,1627,7,1449,1480
10447,1628,1,50,91
10448,1628,2,4,91
10449,1628,3,28,91
10450,1628,4,6,91
10451,1628,5,3,91
10452,1628,6,26,91
10453,1628,7,65,91
10454,1629,1,19,24
10455,1629,3,5,24
10456,1629,6,8,24
10457,1629,7,16,24
10458,1630,1,30,63
10459,1630,2,5,63
10460,1630,3,23,63
10461,1630,4,4,63
10462,1630,5,1,63
10463,1630,6,4,63
10464,1630,7,59,63
10465,1631,1,213,305
10466,1631,2,9,305
10467,1631,3,76,305
10468,1631,4,4,305
10469,1631,5,3,305
10470,1631,6,30,305
10471,1631,7,275,305
10472,1632,1,539,787
10473,1632,2,30,787
10474,1632,3,92,787
10475,1632,4,80,787
10476,1632,5,46,787
10477,1632,6,38,787
10478,1632,7,749,787
10479,1633,1,284,560
10480,1633,2,16,560
10481,1633,3,160,560
10482,1633,4,84,560
10483,1633,5,16,560
10484,1633,6,134,560
10485,1633,7,426,560
10486,1634,1,1003,1758
10487,1634,2,34,1758
10488,1634,3,536,1758
10489,1634,4,134,1758
10490,1634,5,51,1758
10491,1634,6,34,1758
10492,1634,7,1724,1758
10493,1635,1,239,444
10494,1635,2,13,444
10495,1635,3,143,444
10496,1635,4,45,444
10497,1635,5,4,444
10498,1635,6,52,444
10499,1635,7,392,444
10500,1636,1,51,189
10501,1636,2,23,189
10502,1636,3,82,189
10503,1636,4,33,189
10504,1636,6,42,189
10505,1636,7,147,189
10506,1637,1,527,837
10507,1637,2,24,837
10508,1637,3,230,837
10509,1637,4,32,837
10510,1637,5,24,837
10511,1637,6,65,837
10512,1637,7,772,837
10513,1638,1,19,49
10514,1638,2,5,49
10515,1638,3,12,49
10516,1638,4,10,49
10517,1638,5,3,49
10518,1638,6,19,49
10519,1638,7,30,49
10520,1639,1,40,65
10521,1639,2,2,65
10522,1639,3,15,65
10523,1639,4,8,65
10524,1639,6,6,65
10525,1639,7,59,65
10526,1640,1,21,67
10527,1640,2,8,67
10528,1640,3,20,67
10529,1640,4,15,67
10530,1640,5,3,67
10531,1640,6,9,67
10532,1640,7,58,67
10533,1641,1,593,765
10534,1641,2,30,765
10535,1641,3,91,765
10536,1641,4,29,765
10537,1641,5,22,765
10538,1641,6,7,765
10539,1641,7,758,765
10540,1642,1,21,40
10541,1642,2,5,40
10542,1642,3,3,40
10543,1642,4,10,40
10544,1642,5,1,40
10545,1642,6,7,40
10546,1642,7,33,40
10547,1643,1,1181,1556
10548,1643,2,107,1556
10549,1643,3,199,1556
10550,1643,4,39,1556
10551,1643,5,30,1556
10552,1643,6,30,1556
10553,1643,7,1526,1556
10554,1644,1,1004,1502
10555,1644,2,59,1502
10556,1644,3,265,1502
10557,1644,4,115,1502
10558,1644,5,59,1502
10559,1644,6,27,1502
10560,1644,7,1475,1502
10561,1645,1,202,255
10562,1645,2,2,255
10563,1645,3,46,255
10564,1645,4,3,255
10565,1645,5,2,255
10566,1645,6,10,255
10567,1645,7,245,255
10568,1646,1,446,1550
10569,1646,2,107,1550
10570,1646,3,768,1550
10571,1646,4,33,1550
10572,1646,5,196,1550
10573,1646,6,53,1550
10574,1646,7,1497,1550
10575,1647,1,1184,2051
10576,1647,2,102,2051
10577,1647,3,673,2051
10578,1647,4,52,2051
10579,1647,5,40,2051
10580,1647,6,40,2051
10581,1647,7,2011,2051
10582,1648,1,390,874
10583,1648,2,22,874
10584,1648,3,323,874
10585,1648,4,104,874
10586,1648,5,35,874
10587,1648,6,107,874
10588,1648,7,767,874
10589,1649,1,726,1372
10590,1649,2,53,1372
10591,1649,3,363,1372
10592,1649,4,123,1372
10593,1649,5,107,1372
10594,1649,6,161,1372
10595,1649,7,1211,1372
10596,1650,1,8,73
10597,1650,2,8,73
10598,1650,3,22,73
10599,1650,4,24,73
10600,1650,5,11,73
10601,1650,6,9,73
10602,1650,7,64,73
10603,1651,1,50,229
10604,1651,2,15,229
10605,1651,3,110,229
10606,1651,4,39,229
10607,1651,5,15,229
10608,1651,6,15,229
10609,1651,7,214,229
10610,1652,1,1,26
10611,1652,2,1,26
10612,1652,3,4,26
10613,1652,4,11,26
10614,1652,5,9,26
10615,1652,6,10,26
10616,1652,7,16,26
10617,1653,1,308,381
10618,1653,3,73,381
10619,1653,6,23,381
10620,1653,7,358,381
10621,1654,1,22,66
10622,1654,2,2,66
10623,1654,3,31,66
10624,1654,4,7,66
10625,1654,5,4,66
10626,1654,6,5,66
10627,1654,7,61,66
10628,1655,1,690,1484
10629,1655,2,117,1484
10630,1655,3,499,1484
10631,1655,4,76,1484
10632,1655,5,102,1484
10633,1655,6,88,1484
10634,1655,7,1396,1484
10635,1656,1,43,89
10636,1656,2,5,89
10637,1656,3,28,89
10638,1656,4,7,89
10639,1656,5,6,89
10640,1656,6,33,89
10641,1656,7,56,89
10642,1657,1,27,37
10643,1657,3,10,37
10644,1657,6,4,37
10645,1657,7,33,37
10646,1658,1,6,9
10647,1658,3,3,9
10648,1658,6,1,9
10649,1658,7,8,9
10650,1659,1,205,258
10651,1659,2,7,258
10652,1659,3,41,258
10653,1659,4,3,258
10654,1659,5,2,258
10655,1659,6,46,258
10656,1659,7,212,258
10657,1660,1,24,33
10658,1660,3,8,33
10659,1660,5,1,33
10660,1660,6,4,33
10661,1660,7,29,33
10662,1661,1,667,1671
10663,1661,2,50,1671
10664,1661,3,850,1671
10665,1661,4,21,1671
10666,1661,5,83,1671
10667,1661,6,83,1671
10668,1661,7,1588,1671
10669,1662,1,691,769
10670,1662,2,7,769
10671,1662,3,61,769
10672,1662,4,10,769
10673,1662,6,46,769
10674,1662,7,723,769
10675,1663,1,493,921
10676,1663,2,26,921
10677,1663,3,206,921
10678,1663,4,116,921
10679,1663,5,80,921
10680,1663,6,80,921
10681,1663,7,841,921
10682,1664,1,493,1073
10683,1664,2,70,1073
10684,1664,3,324,1073
10685,1664,4,146,1073
10686,1664,5,40,1073
10687,1664,6,84,1073
10688,1664,7,989,1073
10689,1665,1,494,588
10690,1665,2,5,588
10691,1665,3,82,588
10692,1665,4,7,588
10693,1665,6,100,588
10694,1665,7,488,588
10695,1666,1,621,1234
10696,1666,2,73,1234
10697,1666,3,414,1234
10698,1666,4,78,1234
10699,1666,5,48,1234
10700,1666,6,85,1234
10701,1666,7,1149,1234
10702,1667,1,9,14
10703,1667,3,5,14
10704,1667,6,7,14
10705,1667,7,7,14
10706,1668,1,1,19
10707,1668,2,6,19
10708,1668,3,2,19
10709,1668,4,8,19
10710,1668,5,2,19
10711,1668,6,12,19
10712,1668,7,7,19
10713,1669,1,12,53
10714,1669,2,4,53
10715,1669,3,19,53
10716,1669,4,12,53
10717,1669,5,6,53
10718,1669,6,14,53
10719,1669,7,39,53
10720,1670,1,243,682
10721,1670,2,131,682
10722,1670,3,217,682
10723,1670,4,85,682
10724,1670,5,6,682
10725,1670,6,26,682
10726,1670,7,656,682
10727,1671,1,11,18
10728,1671,2,1,18
10729,1671,3,4,18
10730,1671,4,2,18
10731,1671,6,7,18
10732,1671,7,11,18
10733,1672,1,532,726
10734,1672,2,21,726
10735,1672,3,127,726
10736,1672,4,26,726
10737,1672,5,20,726
10738,1672,6,20,726
10739,1672,7,706,726
10740,1673,1,29,31
10741,1673,3,2,31
10742,1673,6,1,31
10743,1673,7,30,31
10744,1674,1,612,1588
10745,1674,2,91,1588
10746,1674,3,520,1588
10747,1674,4,258,1588
10748,1674,5,107,1588
10749,1674,6,107,1588
10750,1674,7,1481,1588
10751,1675,1,387,900
10752,1675,2,126,900
10753,1675,3,342,900
10754,1675,5,45,900
10755,1675,6,180,900
10756,1675,7,720,900
10757,1676,1,56,70
10758,1676,3,14,70
10759,1676,6,2,70
10760,1676,7,68,70
10761,1677,1,6,53
10762,1677,2,8,53
10763,1677,3,19,53
10764,1677,4,16,53
10765,1677,5,4,53
10766,1677,6,4,53
10767,1677,7,49,53
10768,1678,1,582,647
10769,1678,3,65,647
10770,1678,6,13,647
10771,1678,7,634,647
10772,1679,1,6,61
10773,1679,2,17,61
10774,1679,3,16,61
10775,1679,4,6,61
10776,1679,5,16,61
10777,1679,6,42,61
10778,1679,7,19,61
10779,1680,1,70,150
10780,1680,2,6,150
10781,1680,3,69,150
10782,1680,4,2,150
10783,1680,5,3,150
10784,1680,6,3,150
10785,1680,7,147,150
10786,1681,1,962,1208
10787,1681,2,12,1208
10788,1681,3,194,1208
10789,1681,4,16,1208
10790,1681,5,24,1208
10791,1681,6,12,1208
10792,1681,7,1196,1208
10793,1682,1,112,259
10794,1682,2,10,259
10795,1682,3,107,259
10796,1682,4,30,259
10797,1682,6,20,259
10798,1682,7,239,259
10799,1683,1,293,693
10800,1683,3,124,693
10801,1683,4,179,693
10802,1683,5,97,693
10803,1683,6,52,693
10804,1683,7,641,693
10805,1684,1,199,257
10806,1684,2,12,257
10807,1684,3,31,257
10808,1684,4,3,257
10809,1684,5,12,257
10810,1684,6,7,257
10811,1684,7,250,257
10812,1685,1,1060,2056
10813,1685,2,61,2056
10814,1685,3,835,2056
10815,1685,4,80,2056
10816,1685,5,20,2056
10817,1685,6,101,2056
10818,1685,7,1955,2056
10819,1686,1,940,1468
10820,1686,2,44,1468
10821,1686,3,396,1468
10822,1686,5,88,1468
10823,1686,6,58,1468
10824,1686,7,1410,1468
10825,1687,1,44,62
10826,1687,2,2,62
10827,1687,3,11,62
10828,1687,4,2,62
10829,1687,5,3,62
10830,1687,6,7,62
10831,1687,7,55,62
10832,1688,1,342,1571
10833,1688,2,51,1571
10834,1688,3,936,1571
10835,1688,4,207,1571
10836,1688,5,35,1571
10837,1688,6,26,1571
10838,1688,7,1545,1571
10839,1689,1,2,44
10840,1689,2,10,44
10841,1689,3,11,44
10842,1689,4,12,44
10843,1689,5,9,44
10844,1689,6,20,44
10845,1689,7,24,44
10846,1690,1,75,310
10847,1690,2,12,310
10848,1690,3,141,310
10849,1690,4,43,310
10850,1690,5,39,310
10851,1690,6,187,310
10852,1690,7,123,310
10853,1691,1,520,1027
10854,1691,2,20,1027
10855,1691,3,367,1027
10856,1691,4,39,1027
10857,1691,5,81,1027
10858,1691,6,40,1027
10859,1691,7,987,1027
10860,1692,1,5,25
10861,1692,2,3,25
10862,1692,3,9,25
10863,1692,4,6,25
10864,1692,5,2,25
10865,1692,6,6,25
10866,1692,7,19,25
10867,1693,1,87,182
10868,1693,2,5,182
10869,1693,3,71,182
10870,1693,4,7,182
10871,1693,5,12,182
10872,1693,6,29,182
10873,1693,7,153,182
10874,1694,1,462,770
10875,1694,2,61,770
10876,1694,3,184,770
10877,1694,4,10,770
10878,1694,5,53,770
10879,1694,6,107,770
10880,1694,7,663,770
10881,1695,1,2,9
10882,1695,2,2,9
10883,1695,3,1,9
10884,1695,4,3,9
10885,1695,5,1,9
10886,1695,6,2,9
10887,1695,7,7,9
10888,1696,1,979,2012
10889,1696,2,44,2012
10890,1696,3,935,2012
10891,1696,4,29,2012
10892,1696,5,25,2012
10893,1696,6,22,2012
10894,1696,7,1990,2012
10895,1697,1,704,1880
10896,1697,2,129,1880
10897,1697,3,853,1880
10898,1697,4,120,1880
10899,1697,5,74,1880
10900,1697,6,111,1880
10901,1697,7,1769,1880
10902,1698,1,861,1607
10903,1698,2,31,1607
10904,1698,3,558,1607
10905,1698,4,62,1607
10906,1698,5,95,1607
10907,1698,6,79,1607
10908,1698,7,1528,1607
10909,1699,1,172,306
10910,1699,2,3,306
10911,1699,3,115,306
10912,1699,4,16,306
10913,1699,6,18,306
10914,1699,7,288,306
10915,1700,1,5,62
10916,1700,2,7,62
10917,1700,3,31,62
10918,1700,4,15,62
10919,1700,5,4,62
10920,1700,6,7,62
10921,1700,7,55,62
10922,1701,1,194,252
10923,1701,2,2,252
10924,1701,3,56,252
10925,1701,7,252,252
10926,1702,1,9,34
10927,1702,2,7,34
10928,1702,3,13,34
10929,1702,4,3,34
10930,1702,5,2,34
10931,1702,6,20,34
10932,1702,7,14,34
10933,1703,1,505,910
10934,1703,2,72,910
10935,1703,3,270,910
10936,1703,4,36,910
10937,1703,5,27,910
10938,1703,6,54,910
10939,1703,7,856,910
10940,1704,1,533,1132
10941,1704,2,10,1132
10942,1704,3,217,1132
10943,1704,4,198,1132
10944,1704,5,174,1132
10945,1704,6,195,1132
10946,1704,7,937,1132
10947,1705,1,48,62
10948,1705,3,14,62
10949,1705,6,6,62
10950,1705,7,56,62
10951,1706,1,6,41
10952,1706,2,1,41
10953,1706,3,7,41
10954,1706,4,23,41
10955,1706,5,4,41
10956,1706,6,19,41
10957,1706,7,22,41
10958,1707,1,18,30
10959,1707,2,2,30
10960,1707,3,10,30
10961,1707,6,25,30
10962,1707,7,5,30
10963,1708,1,482,1349
10964,1708,2,147,1349
10965,1708,3,509,1349
10966,1708,4,104,1349
10967,1708,5,107,1349
10968,1708,6,107,1349
10969,1708,7,1242,1349
10970,1709,1,204,537
10971,1709,2,97,537
10972,1709,3,97,537
10973,1709,4,21,537
10974,1709,5,118,537
10975,1709,6,26,537
10976,1709,7,511,537
10977,1710,1,1073,1490
10978,1710,3,250,1490
10979,1710,4,153,1490
10980,1710,5,14,1490
10981,1710,6,14,1490
10982,1710,7,1476,1490
10983,1711,1,245,548
10984,1711,2,16,548
10985,1711,3,223,548
10986,1711,4,21,548
10987,1711,5,43,548
10988,1711,6,16,548
10989,1711,7,532,548
10990,1712,1,560,1096
10991,1712,2,21,1096
10992,1712,3,442,1096
10993,1712,4,29,1096
10994,1712,5,44,1096
10995,1712,6,29,1096
10996,1712,7,1067,1096
10997,1713,1,173,352
10998,1713,2,13,352
10999,1713,3,131,352
11000,1713,4,32,352
11001,1713,5,3,352
11002,1713,6,6,352
11003,1713,7,346,352
11004,1714,1,22,39
11005,1714,2,1,39
11006,1714,3,11,39
11007,1714,5,5,39
11008,1714,6,3,39
11009,1714,7,36,39
11010,1715,1,136,152
11011,1715,2,1,152
11012,1715,3,12,152
11013,1715,5,3,152
11014,1715,6,32,152
11015,1715,7,120,152
11016,1716,1,275,394
11017,1716,3,86,394
11018,1716,4,10,394
11019,1716,5,23,394
11020,1716,6,66,394
11021,1716,7,328,394
11022,1717,1,56,120
11023,1717,2,19,120
11024,1717,3,29,120
11025,1717,4,2,120
11026,1717,5,14,120
11027,1717,6,25,120
11028,1717,7,95,120
11029,1718,1,303,1185
11030,1718,2,23,1185
11031,1718,3,751,1185
11032,1718,4,82,1185
11033,1718,5,26,1185
11034,1718,6,191,1185
11035,1718,7,994,1185
11036,1719,1,708,777
11037,1719,2,7,777
11038,1719,3,62,777
11039,1719,6,15,777
11040,1719,7,762,777
11041,1720,1,324,1294
11042,1720,2,132,1294
11043,1720,3,693,1294
11044,1720,4,27,1294
11045,1720,5,118,1294
11046,1720,6,88,1294
11047,1720,7,1206,1294
11048,1721,1,1,20
11049,1721,2,5,20
11050,1721,3,3,20
11051,1721,4,7,20
11052,1721,5,4,20
11053,1721,6,8,20
11054,1721,7,12,20
11055,1722,1,620,892
11056,1722,2,26,892
11057,1722,3,195,892
11058,1722,4,34,892
11059,1722,5,17,892
11060,1722,6,141,892
11061,1722,7,751,892
11062,1723,1,312,733
11063,1723,2,21,733
11064,1723,3,206,733
11065,1723,4,102,733
11066,1723,5,92,733
11067,1723,6,149,733
11068,1723,7,584,733
11069,1724,1,1493,2188
11070,1724,2,86,2188
11071,1724,3,454,2188
11072,1724,4,112,2188
11073,1724,5,43,2188
11074,1724,6,43,2188
11075,1724,7,2145,2188
11076,1725,1,918,1080
11077,1725,2,21,1080
11078,1725,3,118,1080
11079,1725,4,13,1080
11080,1725,5,10,1080
11081,1725,6,21,1080
11082,1725,7,1059,1080
11083,1726,1,98,263
11084,1726,3,106,263
11085,1726,4,49,263
11086,1726,5,10,263
11087,1726,6,106,263
11088,1726,7,157,263
11089,1727,1,3,37
11090,1727,2,4,37
11091,1727,3,7,37
11092,1727,4,15,37
11093,1727,5,8,37
11094,1727,6,11,37
11095,1727,7,26,37
11096,1728,1,380,433
11097,1728,3,47,433
11098,1728,4,6,433
11099,1728,6,34,433
11100,1728,7,399,433
11101,1729,1,15,37
11102,1729,3,12,37
11103,1729,4,7,37
11104,1729,5,3,37
11105,1729,6,7,37
11106,1729,7,30,37
11107,1730,1,3,31
11108,1730,2,9,31
11109,1730,3,4,31
11110,1730,4,7,31
11111,1730,5,8,31
11112,1730,6,7,31
11113,1730,7,24,31
11114,1731,1,24,57
11115,1731,2,2,57
11116,1731,3,23,57
11117,1731,5,8,57
11118,1731,6,24,57
11119,1731,7,33,57
11120,1732,1,80,151
11121,1732,2,1,151
11122,1732,3,60,151
11123,1732,4,4,151
11124,1732,5,6,151
11125,1732,6,16,151
11126,1732,7,135,151
11127,1733,1,31,40
11128,1733,3,6,40
11129,1733,4,2,40
11130,1733,5,1,40
11131,1733,6,5,40
11132,1733,7,35,40
11133,1734,1,138,604
11134,1734,2,120,604
11135,1734,3,204,604
11136,1734,4,16,604
11137,1734,5,126,604
11138,1734,6,60,604
11139,1734,7,544,604
11140,1735,1,166,563
11141,1735,2,75,563
11142,1735,3,96,563
11143,1735,4,119,563
11144,1735,5,107,563
11145,1735,6,59,563
11146,1735,7,504,563
11147,1736,1,12,31
11148,1736,2,3,31
11149,1736,3,8,31
11150,1736,4,8,31
11151,1736,6,17,31
11152,1736,7,14,31
11153,1737,1,178,403
11154,1737,2,3,403
11155,1737,3,85,403
11156,1737,4,71,403
11157,1737,5,66,403
11158,1737,6,58,403
11159,1737,7,345,403
11160,1738,1,707,1023
11161,1738,2,20,1023
11162,1738,3,171,1023
11163,1738,4,65,1023
11164,1738,5,60,1023
11165,1738,6,50,1023
11166,1738,7,973,1023
11167,1739,1,5,44
11168,1739,2,1,44
11169,1739,3,7,44
11170,1739,4,17,44
11171,1739,5,14,44
11172,1739,6,11,44
11173,1739,7,33,44
11174,1740,1,465,914
11175,1740,2,71,914
11176,1740,3,250,914
11177,1740,4,93,914
11178,1740,5,35,914
11179,1740,6,62,914
11180,1740,7,852,914
11181,1741,1,16,19
11182,1741,2,1,19
11183,1741,3,2,19
11184,1741,6,1,19
11185,1741,7,18,19
11186,1742,1,358,1117
11187,1742,2,108,1117
11188,1742,3,413,1117
11189,1742,4,141,1117
11190,1742,5,97,1117
11191,1742,6,32,1117
11192,1742,7,1085,1117
11193,1743,1,1,33
11194,1743,2,9,33
11195,1743,3,7,33
11196,1743,4,2,33
11197,1743,5,14,33
11198,1743,6,10,33
11199,1743,7,23,33
11200,1744,1,123,152
11201,1744,2,1,152
11202,1744,3,26,152
11203,1744,4,2,152
11204,1744,6,72,152
11205,1744,7,80,152
11206,1745,1,40,90
11207,1745,2,3,90
11208,1745,3,30,90
11209,1745,4,10,90
11210,1745,5,7,90
11211,1745,6,11,90
11212,1745,7,79,90
11213,1746,1,102,185
11214,1746,2,9,185
11215,1746,3,63,185
11216,1746,4,2,185
11217,1746,5,9,185
11218,1746,6,24,185
11219,1746,7,161,185
11220,1747,1,347,942
11221,1747,2,44,942
11222,1747,3,534,942
11223,1747,4,17,942
11224,1747,6,26,942
11225,1747,7,916,942
11226,1748,1,376,1112
11227,1748,2,53,1112
11228,1748,3,462,1112
11229,1748,4,168,1112
11230,1748,5,53,1112
11231,1748,6,53,1112
11232,1748,7,1059,1112
11233,1749,1,21,24
11234,1749,3,3,24
11235,1749,7,24,24
11236,1750,1,194,252
11237,1750,2,2,252
11238,1750,3,56,252
11239,1750,7,252,252
11240,1751,1,64,148
11241,1751,2,4,148
11242,1751,3,68,148
11243,1751,4,7,148
11244,1751,5,5,148
11245,1751,6,17,148
11246,1751,7,131,148
11247,1752,1,206,257
11248,1752,3,46,257
11249,1752,4,3,257
11250,1752,5,2,257
11251,1752,6,12,257
11252,1752,7,245,257
11253,1753,1,71,89
11254,1753,3,18,89
11255,1753,6,13,89
11256,1753,7,76,89
11257,1754,1,71,432
11258,1754,2,22,432
11259,1754,3,112,432
11260,1754,4,138,432
11261,1754,5,89,432
11262,1754,6,29,432
11263,1754,7,403,432
11264,1755,2,4,32
11265,1755,3,7,32
11266,1755,4,11,32
11267,1755,5,10,32
11268,1755,6,15,32
11269,1755,7,17,32
11270,1756,1,93,119
11271,1756,2,1,119
11272,1756,3,21,119
11273,1756,5,4,119
11274,1756,6,25,119
11275,1756,7,94,119
11276,1757,1,920,1308
11277,1757,2,138,1308
11278,1757,3,168,1308
11279,1757,4,36,1308
11280,1757,5,46,1308
11281,1757,6,30,1308
11282,1757,7,1278,1308
11283,1758,1,653,900
11284,1758,2,17,900
11285,1758,3,170,900
11286,1758,4,34,900
11287,1758,5,26,900
11288,1758,6,17,900
11289,1758,7,883,900
11290,1759,1,199,303
11291,1759,2,33,303
11292,1759,3,60,303
11293,1759,4,8,303
11294,1759,5,3,303
11295,1759,6,15,303
11296,1759,7,288,303
11297,1760,1,153,222
11298,1760,2,4,222
11299,1760,3,56,222
11300,1760,5,9,222
11301,1760,6,31,222
11302,1760,7,191,222
11303,1761,1,376,433
11304,1761,3,38,433
11305,1761,4,11,433
11306,1761,5,8,433
11307,1761,6,69,433
11308,1761,7,364,433
11309,1762,1,46,89
11310,1762,3,30,89
11311,1762,4,12,89
11312,1762,5,1,89
11313,1762,6,30,89
11314,1762,7,59,89
11315,1763,1,600,1122
11316,1763,2,21,1122
11317,1763,3,128,1122
11318,1763,4,223,1122
11319,1763,5,150,1122
11320,1763,6,128,1122
11321,1763,7,994,1122
11322,1764,1,425,890
11323,1764,2,115,890
11324,1764,3,292,890
11325,1764,4,23,890
11326,1764,5,35,890
11327,1764,6,79,890
11328,1764,7,811,890
11329,1765,1,18,59
11330,1765,2,6,59
11331,1765,3,15,59
11332,1765,4,12,59
11333,1765,5,8,59
11334,1765,6,17,59
11335,1765,7,42,59
11336,1766,1,52,61
11337,1766,3,9,61
11338,1766,6,1,61
11339,1766,7,60,61
11340,1767,1,734,1282
11341,1767,2,22,1282
11342,1767,3,350,1282
11343,1767,4,151,1282
11344,1767,5,25,1282
11345,1767,6,100,1282
11346,1767,7,1182,1282
11347,1768,1,34,76
11348,1768,2,6,76
11349,1768,3,21,76
11350,1768,4,11,76
11351,1768,5,4,76
11352,1768,6,8,76
11353,1768,7,68,76
11354,1769,1,135,188
11355,1769,2,1,188
11356,1769,3,41,188
11357,1769,4,10,188
11358,1769,5,1,188
11359,1769,6,67,188
11360,1769,7,121,188
11361,1770,1,11,23
11362,1770,3,10,23
11363,1770,5,2,23
11364,1770,6,20,23
11365,1770,7,3,23
11366,1771,1,163,346
11367,1771,2,48,346
11368,1771,3,90,346
11369,1771,5,45,346
11370,1771,6,52,346
11371,1771,7,294,346
11372,1772,1,29,67
11373,1772,2,3,67
11374,1772,3,30,67
11375,1772,4,3,67
11376,1772,5,2,67
11377,1772,6,9,67
11378,1772,7,58,67
11379,1773,1,734,885
11380,1773,2,26,885
11381,1773,3,70,885
11382,1773,4,11,885
11383,1773,5,44,885
11384,1773,6,17,885
11385,1773,7,868,885
11386,1774,1,340,767
11387,1774,2,21,767
11388,1774,3,134,767
11389,1774,4,258,767
11390,1774,5,14,767
11391,1774,6,56,767
11392,1774,7,711,767
11393,1775,1,453,996
11394,1775,2,38,996
11395,1775,3,279,996
11396,1775,4,188,996
11397,1775,5,38,996
11398,1775,6,183,996
11399,1775,7,813,996
11400,1776,1,1073,1884
11401,1776,3,629,1884
11402,1776,4,145,1884
11403,1776,5,37,1884
11404,1776,6,37,1884
11405,1776,7,1847,1884
11406,1777,1,135,149
11407,1777,3,10,149
11408,1777,5,4,149
11409,1777,6,36,149
11410,1777,7,113,149
11411,1778,1,231,394
11412,1778,2,7,394
11413,1778,3,137,394
11414,1778,4,4,394
11415,1778,5,15,394
11416,1778,6,39,394
11417,1778,7,355,394
11418,1779,1,18,23
11419,1779,3,5,23
11420,1779,6,11,23
11421,1779,7,12,23
11422,1780,1,620,825
11423,1780,2,16,825
11424,1780,3,165,825
11425,1780,5,24,825
11426,1780,6,82,825
11427,1780,7,743,825
11428,1781,1,81,125
11429,1781,2,4,125
11430,1781,3,33,125
11431,1781,4,5,125
11432,1781,5,2,125
11433,1781,6,291,125
11434,1782,1,12,34
11435,1782,2,4,34
11436,1782,3,2,34
11437,1782,4,10,34
11438,1782,5,6,34
11439,1782,6,10,34
11440,1782,7,24,34
11441,1783,1,292,1571
11442,1783,2,51,1571
11443,1783,3,981,1571
11444,1783,4,224,1571
11445,1783,5,23,1571
11446,1783,6,17,1571
11447,1783,7,1554,1571
11448,1784,1,965,1760
11449,1784,2,34,1760
11450,1784,3,586,1760
11451,1784,4,89,1760
11452,1784,5,86,1760
11453,1784,6,37,1760
11454,1784,7,1723,1760
11455,1785,1,27,39
11456,1785,2,2,39
11457,1785,3,10,39
11458,1785,6,1,39
11459,1785,7,38,39
11460,1786,1,777,1021
11461,1786,2,30,1021
11462,1786,3,163,1021
11463,1786,5,51,1021
11464,1786,6,122,1021
11465,1786,7,899,1021
11466,1787,1,572,897
11467,1787,2,8,897
11468,1787,3,232,897
11469,1787,4,23,897
11470,1787,5,62,897
11471,1787,6,17,897
11472,1787,7,880,897
11473,1788,1,438,1432
11474,1788,2,169,1432
11475,1788,3,565,1432
11476,1788,4,91,1432
11477,1788,5,169,1432
11478,1788,6,70,1432
11479,1788,7,1362,1432
11480,1789,1,531,1188
11481,1789,2,69,1188
11482,1789,3,300,1188
11483,1789,4,150,1188
11484,1789,5,138,1188
11485,1789,6,150,1188
11486,1789,7,1038,1188
11487,1790,1,17,26
11488,1790,3,9,26
11489,1790,6,1,26
11490,1790,7,25,26
11491,1791,1,402,721
11492,1791,2,35,721
11493,1791,3,106,721
11494,1791,4,101,721
11495,1791,5,77,721
11496,1791,6,42,721
11497,1791,7,679,721
11498,1792,1,503,1178
11499,1792,2,27,1178
11500,1792,3,419,1178
11501,1792,4,90,1178
11502,1792,5,139,1178
11503,1792,6,153,1178
11504,1792,7,1025,1178
11505,1793,1,369,491
11506,1793,2,9,491
11507,1793,3,87,491
11508,1793,4,12,491
11509,1793,5,14,491
11510,1793,6,34,491
11511,1793,7,457,491
11512,1794,1,5,8
11513,1794,3,3,8
11514,1794,6,1,8
11515,1794,7,7,8
11516,1795,1,362,892
11517,1795,2,17,892
11518,1795,3,398,892
11519,1795,4,80,892
11520,1795,5,35,892
11521,1795,6,61,892
11522,1795,7,831,892
11523,1796,1,56,65
11524,1796,3,9,65
11525,1796,6,3,65
11526,1796,7,62,65
11527,1797,1,79,119
11528,1797,2,1,119
11529,1797,3,31,119
11530,1797,4,4,119
11531,1797,5,4,119
11532,1797,6,12,119
11533,1797,7,107,119
11534,1798,1,387,720
11535,1798,2,84,720
11536,1798,3,141,720
11537,1798,4,73,720
11538,1798,5,35,720
11539,1798,6,162,720
11540,1798,7,558,720
11541,1799,1,367,917
11542,1799,2,17,917
11543,1799,3,241,917
11544,1799,4,104,917
11545,1799,5,188,917
11546,1799,6,232,917
11547,1799,7,685,917
11548,1800,1,15,28
11549,1800,3,11,28
11550,1800,5,2,28
11551,1800,6,9,28
11552,1800,7,19,28
11553,1801,1,267,338
11554,1801,2,6,338
11555,1801,3,54,338
11556,1801,4,8,338
11557,1801,5,3,338
11558,1801,6,50,338
11559,1801,7,288,338
11560,1802,1,298,1262
11561,1802,2,27,1262
11562,1802,3,697,1262
11563,1802,4,216,1262
11564,1802,5,24,1262
11565,1802,6,166,1262
11566,1802,7,1096,1262
11567,1803,1,674,1541
11568,1803,2,92,1541
11569,1803,3,736,1541
11570,1803,4,39,1541
11571,1803,6,92,1541
11572,1803,7,1449,1541
11573,1804,1,16,125
11574,1804,2,14,125
11575,1804,3,36,125
11576,1804,4,37,125
11577,1804,5,22,125
11578,1804,6,48,125
11579,1804,7,77,125
11580,1805,1,37,90
11581,1805,2,4,90
11582,1805,3,24,90
11583,1805,4,16,90
11584,1805,5,9,90
11585,1805,6,9,90
11586,1805,7,81,90
11587,1806,1,159,184
11588,1806,3,22,184
11589,1806,4,2,184
11590,1806,5,1,184
11591,1806,6,31,184
11592,1806,7,153,184
11593,1807,1,686,894
11594,1807,2,17,894
11595,1807,3,142,894
11596,1807,4,23,894
11597,1807,5,26,894
11598,1807,6,35,894
11599,1807,7,859,894
11600,1808,1,97,185
11601,1808,2,3,185
11602,1808,3,66,185
11603,1808,4,12,185
11604,1808,5,7,185
11605,1808,6,34,185
11606,1808,7,151,185
11607,1809,1,63,152
11608,1809,2,6,152
11609,1809,3,57,152
11610,1809,4,13,152
11611,1809,5,13,152
11612,1809,6,22,152
11613,1809,7,130,152
11614,1810,1,56,89
11615,1810,2,5,89
11616,1810,3,24,89
11617,1810,4,4,89
11618,1810,6,3,89
11619,1810,7,86,89
11620,1811,1,209,986
11621,1811,2,19,986
11622,1811,3,456,986
11623,1811,4,160,986
11624,1811,5,142,986
11625,1811,6,66,986
11626,1811,7,920,986
11627,1812,1,198,255
11628,1812,2,2,255
11629,1812,3,43,255
11630,1812,5,12,255
11631,1812,6,20,255
11632,1812,7,235,255
11633,1813,1,313,395
11634,1813,2,15,395
11635,1813,3,47,395
11636,1813,4,20,395
11637,1813,6,192,395
11638,1813,7,203,395
11639,1814,1,941,1486
11640,1814,2,14,1486
11641,1814,3,397,1486
11642,1814,4,76,1486
11643,1814,5,58,1486
11644,1814,6,176,1486
11645,1814,7,1310,1486
11646,1815,1,86,152
11647,1815,2,4,152
11648,1815,3,56,152
11649,1815,4,2,152
11650,1815,5,4,152
11651,1815,6,7,152
11652,1815,7,145,152
11653,1816,1,167,952
11654,1816,2,48,952
11655,1816,3,602,952
11656,1816,4,63,952
11657,1816,5,72,952
11658,1816,6,72,952
11659,1816,7,880,952
11660,1817,1,8,32
11661,1817,2,3,32
11662,1817,3,19,32
11663,1817,5,2,32
11664,1817,6,3,32
11665,1817,7,29,32
11666,1818,1,389,957
11667,1818,2,66,957
11668,1818,3,408,957
11669,1818,4,37,957
11670,1818,5,57,957
11671,1818,6,85,957
11672,1818,7,872,957
11673,1819,1,239,384
11674,1819,2,7,384
11675,1819,3,119,384
11676,1819,4,4,384
11677,1819,5,15,384
11678,1819,6,11,384
11679,1819,7,373,384
11680,1820,1,179,494
11681,1820,2,21,494
11682,1820,3,273,494
11683,1820,5,21,494
11684,1820,6,63,494
11685,1820,7,431,494
11686,1821,1,5,8
11687,1821,3,1,8
11688,1821,4,1,8
11689,1821,5,1,8
11690,1821,6,1,8
11691,1821,7,7,8
11692,1822,1,2,53
11693,1822,2,6,53
11694,1822,3,28,53
11695,1822,4,13,53
11696,1822,5,4,53
11697,1822,6,16,53
11698,1822,7,37,53
11699,1823,1,383,446
11700,1823,3,53,446
11701,1823,4,6,446
11702,1823,5,4,446
11703,1823,6,40,446
11704,1823,7,406,446
11705,1824,1,2,25
11706,1824,2,8,25
11707,1824,3,8,25
11708,1824,4,6,25
11709,1824,5,1,25
11710,1824,6,9,25
11711,1824,7,16,25
11712,1825,1,536,1298
11713,1825,2,27,1298
11714,1825,3,590,1298
11715,1825,4,38,1298
11716,1825,5,107,1298
11717,1825,6,67,1298
11718,1825,7,1231,1298
11719,1826,1,2,11
11720,1826,2,1,11
11721,1826,3,4,11
11722,1826,4,3,11
11723,1826,5,1,11
11724,1826,6,2,11
11725,1826,7,9,11
11726,1827,1,322,1348
11727,1827,2,53,1348
11728,1827,3,899,1348
11729,1827,4,34,1348
11730,1827,5,40,1348
11731,1827,6,53,1348
11732,1827,7,1295,1348
11733,1828,1,539,1544
11734,1828,2,169,1544
11735,1828,3,816,1544
11736,1828,4,20,1544
11737,1828,6,30,1544
11738,1828,7,1514,1544
11739,1829,1,712,1285
11740,1829,2,50,1285
11741,1829,3,420,1285
11742,1829,4,65,1285
11743,1829,5,38,1285
11744,1829,6,38,1285
11745,1829,7,1247,1285
11746,1830,1,1121,1205
11747,1830,3,72,1205
11748,1830,5,12,1205
11749,1830,6,12,1205
11750,1830,7,1193,1205
11751,1831,1,68,90
11752,1831,2,1,90
11753,1831,3,13,90
11754,1831,4,3,90
11755,1831,5,5,90
11756,1831,6,13,90
11757,1831,7,77,90
11758,1832,1,36,66
11759,1832,2,4,66
11760,1832,3,18,66
11761,1832,4,6,66
11762,1832,5,2,66
11763,1832,6,18,66
11764,1832,7,48,66
11765,1833,1,707,1507
11766,1833,2,44,1507
11767,1833,3,603,1507
11768,1833,4,95,1507
11769,1833,5,58,1507
11770,1833,6,29,1507
11771,1833,7,1478,1507
11772,1834,1,174,484
11773,1834,2,77,484
11774,1834,3,203,484
11775,1834,4,6,484
11776,1834,5,24,484
11777,1834,6,97,484
11778,1834,7,387,484
11779,1835,1,666,902
11780,1835,2,35,902
11781,1835,3,124,902
11782,1835,4,69,902
11783,1835,5,8,902
11784,1835,6,26,902
11785,1835,7,876,902
11786,1836,4,6,8
11787,1836,5,2,8
11788,1836,6,6,8
11789,1836,7,2,8
11790,1837,1,162,397
11791,1837,2,50,397
11792,1837,3,100,397
11793,1837,4,55,397
11794,1837,5,30,397
11795,1837,6,27,397
11796,1837,7,370,397
11797,1838,1,407,907
11798,1838,2,70,907
11799,1838,3,239,907
11800,1838,4,103,907
11801,1838,5,88,907
11802,1838,6,53,907
11803,1838,7,854,907
11804,1839,1,823,1460
11805,1839,2,25,1460
11806,1839,3,459,1460
11807,1839,4,124,1460
11808,1839,5,29,1460
11809,1839,6,95,1460
11810,1839,7,1365,1460
11811,1840,1,488,597
11812,1840,2,23,597
11813,1840,3,71,597
11814,1840,4,15,597
11815,1840,6,59,597
11816,1840,7,538,597
11817,1841,1,28,47
11818,1841,3,13,47
11819,1841,4,4,47
11820,1841,5,2,47
11821,1841,6,8,47
11822,1841,7,39,47
11823,1842,1,3,18
11824,1842,2,2,18
11825,1842,3,10,18
11826,1842,4,3,18
11827,1842,6,2,18
11828,1842,7,16,18
11829,1843,1,284,347
11830,1843,3,52,347
11831,1843,4,8,347
11832,1843,5,3,347
11833,1843,6,20,347
11834,1843,7,327,347
11835,1844,1,938,2074
11836,1844,2,142,2074
11837,1844,3,754,2074
11838,1844,4,159,2074
11839,1844,5,81,2074
11840,1844,6,183,2074
11841,1844,7,1891,2074
11842,1845,1,13,34
11843,1845,2,2,34
11844,1845,3,15,34
11845,1845,4,2,34
11846,1845,5,2,34
11847,1845,6,8,34
11848,1845,7,26,34
11849,1846,1,412,992
11850,1846,2,172,992
11851,1846,3,153,992
11852,1846,4,150,992
11853,1846,5,105,992
11854,1846,6,57,992
11855,1846,7,935,992
11856,1847,1,31,40
11857,1847,2,1,40
11858,1847,3,8,40
11859,1847,6,8,40
11860,1847,7,32,40
11861,1848,1,502,659
11862,1848,2,19,659
11863,1848,3,132,659
11864,1848,5,6,659
11865,1848,6,26,659
11866,1848,7,633,659
11867,1849,1,18,39
11868,1849,2,10,39
11869,1849,3,3,39
11870,1849,4,3,39
11871,1849,5,5,39
11872,1849,7,39,39
11873,1850,1,1,27
11874,1850,2,8,27
11875,1850,3,6,27
11876,1850,4,4,27
11877,1850,5,8,27
11878,1850,6,16,27
11879,1850,7,11,27
11880,1851,1,100,616
11881,1851,2,71,616
11882,1851,3,243,616
11883,1851,4,108,616
11884,1851,5,94,616
11885,1851,6,219,616
11886,1851,7,397,616
11887,1852,1,407,1312
11888,1852,2,114,1312
11889,1852,3,445,1312
11890,1852,4,181,1312
11891,1852,5,165,1312
11892,1852,6,203,1312
11893,1852,7,1109,1312
11894,1853,1,664,982
11895,1853,2,9,982
11896,1853,3,240,982
11897,1853,4,50,982
11898,1853,5,19,982
11899,1853,6,57,982
11900,1853,7,925,982
11901,1854,1,1045,1550
11902,1854,2,61,1550
11903,1854,3,338,1550
11904,1854,4,60,1550
11905,1854,5,46,1550
11906,1854,6,46,1550
11907,1854,7,1504,1550
11908,1855,1,1218,1795
11909,1855,2,107,1795
11910,1855,3,304,1795
11911,1855,4,23,1795
11912,1855,5,143,1795
11913,1855,6,33,1795
11914,1855,7,1762,1795
11915,1856,1,15,22
11916,1856,3,6,22
11917,1856,5,1,22
11918,1856,6,12,22
11919,1856,7,10,22
11920,1857,1,128,145
11921,1857,3,16,145
11922,1857,5,1,145
11923,1857,6,4,145
11924,1857,7,141,145
11925,1858,1,581,838
11926,1858,2,49,838
11927,1858,3,157,838
11928,1858,4,43,838
11929,1858,5,8,838
11930,1858,6,108,838
11931,1858,7,730,838
11932,1859,1,6,28
11933,1859,2,3,28
11934,1859,3,12,28
11935,1859,4,6,28
11936,1859,5,1,28
11937,1859,7,28,28
11938,1860,1,185,438
11939,1860,2,8,438
11940,1860,3,133,438
11941,1860,4,56,438
11942,1860,5,56,438
11943,1860,6,12,438
11944,1860,7,426,438
11945,1861,1,22,32
11946,1861,2,1,32
11947,1861,3,9,32
11948,1861,6,14,32
11949,1861,7,18,32
11950,1862,1,584,1667
11951,1862,2,100,1667
11952,1862,3,835,1667
11953,1862,4,65,1667
11954,1862,5,83,1667
11955,1862,6,35,1667
11956,1862,7,1632,1667
11957,1863,1,355,790
11958,1863,2,30,790
11959,1863,3,177,790
11960,1863,4,90,790
11961,1863,5,138,790
11962,1863,6,30,790
11963,1863,7,760,790
11964,1864,1,175,355
11965,1864,2,10,355
11966,1864,3,110,355
11967,1864,4,54,355
11968,1864,5,6,355
11969,1864,6,27,355
11970,1864,7,328,355
11971,1865,1,864,1954
11972,1865,2,134,1954
11973,1865,3,768,1954
11974,1865,4,150,1954
11975,1865,5,38,1954
11976,1865,6,172,1954
11977,1865,7,1782,1954
11978,1866,1,957,1916
11979,1866,2,153,1916
11980,1866,3,612,1916
11981,1866,4,99,1916
11982,1866,5,95,1916
11983,1866,6,153,1916
11984,1866,7,1763,1916
11985,1867,1,25,67
11986,1867,2,6,67
11987,1867,3,16,67
11988,1867,4,20,67
11989,1867,6,5,67
11990,1867,7,62,67
11991,1868,1,641,704
11992,1868,2,7,704
11993,1868,3,56,704
11994,1868,6,28,704
11995,1868,7,676,704
11996,1869,1,273,758
11997,1869,2,86,758
11998,1869,3,208,758
11999,1869,4,177,758
12000,1869,5,14,758
12001,1869,6,43,758
12002,1869,7,715,758
12003,1870,1,122,221
12004,1870,2,21,221
12005,1870,3,43,221
12006,1870,4,25,221
12007,1870,5,10,221
12008,1870,6,15,221
12009,1870,7,206,221
12010,1871,1,1,44
12011,1871,2,4,44
12012,1871,3,10,44
12013,1871,4,29,44
12014,1871,6,36,44
12015,1871,7,8,44
12016,1872,1,1020,1606
12017,1872,2,31,1606
12018,1872,3,430,1606
12019,1872,4,62,1606
12020,1872,5,63,1606
12021,1872,6,79,1606
12022,1872,7,1527,1606
12023,1873,1,6,274
12024,1873,2,2,274
12025,1873,3,3,274
12026,1873,4,1,274
12027,1873,5,262,274
12028,1873,6,3,274
12029,1873,7,271,274
12030,1874,1,378,493
12031,1874,2,14,493
12032,1874,3,68,493
12033,1874,4,19,493
12034,1874,5,14,493
12035,1874,6,14,493
12036,1874,7,479,493
12037,1875,1,42,64
12038,1875,2,1,64
12039,1875,3,18,64
12040,1875,4,3,64
12041,1875,6,4,64
12042,1875,7,60,64
12043,1876,1,15,38
12044,1876,2,5,38
12045,1876,3,14,38
12046,1876,5,4,38
12047,1876,6,11,38
12048,1876,7,27,38
12049,1877,1,272,386
12050,1877,2,7,386
12051,1877,3,80,386
12052,1877,4,20,386
12053,1877,5,7,386
12054,1877,6,11,386
12055,1877,7,375,386
12056,1878,1,9,37
12057,1878,2,1,37
12058,1878,3,24,37
12059,1878,4,2,37
12060,1878,5,1,37
12061,1878,6,2,37
12062,1878,7,35,37
12063,1879,1,279,297
12064,1879,3,18,297
12065,1879,6,9,297
12066,1879,7,288,297
12067,1880,1,398,923
12068,1880,2,61,923
12069,1880,3,265,923
12070,1880,4,138,923
12071,1880,5,61,923
12072,1880,6,53,923
12073,1880,7,870,923
12074,1881,1,637,952
12075,1881,2,47,952
12076,1881,3,237,952
12077,1881,4,12,952
12078,1881,5,19,952
12079,1881,6,76,952
12080,1881,7,876,952
12081,1882,1,45,64
12082,1882,3,16,64
12083,1882,4,2,64
12084,1882,5,1,64
12085,1882,6,6,64
12086,1882,7,58,64
12087,1883,1,21,41
12088,1883,2,1,41
12089,1883,3,9,41
12090,1883,4,7,41
12091,1883,5,3,41
12092,1883,6,5,41
12093,1883,7,36,41
12094,1884,1,15,32
12095,1884,2,4,32
12096,1884,3,13,32
12097,1884,6,19,32
12098,1884,7,13,32
12099,1885,1,493,1235
12100,1885,2,183,1235
12101,1885,3,352,1235
12102,1885,4,184,1235
12103,1885,5,23,1235
12104,1885,6,28,1235
12105,1885,7,1207,1235
12106,1886,1,957,1383
12107,1886,2,40,1383
12108,1886,3,175,1383
12109,1886,4,158,1383
12110,1886,5,53,1383
12111,1886,6,107,1383
12112,1886,7,1276,1383
12113,1887,1,829,1549
12114,1887,2,138,1549
12115,1887,3,430,1549
12116,1887,4,60,1549
12117,1887,5,92,1549
12118,1887,6,15,1549
12119,1887,7,1534,1549
12120,1888,1,1017,1682
12121,1888,2,50,1682
12122,1888,3,500,1682
12123,1888,4,65,1682
12124,1888,5,50,1682
12125,1888,6,133,1682
12126,1888,7,1549,1682
12127,1889,1,953,1024
12128,1889,3,71,1024
12129,1889,6,174,1024
12130,1889,7,850,1024
12131,1890,1,159,279
12132,1890,3,120,279
12133,1890,6,137,279
12134,1890,7,142,279
12135,1891,1,32,67
12136,1891,3,8,67
12137,1891,4,23,67
12138,1891,5,4,67
12139,1891,6,18,67
12140,1891,7,49,67
12141,1892,1,23,40
12142,1892,3,15,40
12143,1892,5,2,40
12144,1892,6,7,40
12145,1892,7,33,40
12146,1893,1,18,119
12147,1893,2,42,119
12148,1893,3,24,119
12149,1893,4,15,119
12150,1893,5,20,119
12151,1893,6,18,119
12152,1893,7,101,119
12153,1894,1,15,19
12154,1894,3,4,19
12155,1894,6,2,19
12156,1894,7,17,19
12157,1895,1,23,47
12158,1895,2,4,47
12159,1895,3,5,47
12160,1895,4,10,47
12161,1895,5,5,47
12162,1895,6,23,47
12163,1895,7,24,47
12164,1896,1,200,724
12165,1896,2,193,724
12166,1896,3,100,724
12167,1896,4,46,724
12168,1896,5,185,724
12169,1896,6,185,724
12170,1896,7,539,724
12171,1897,1,1324,1649
12172,1897,2,27,1649
12173,1897,3,119,1649
12174,1897,4,71,1649
12175,1897,5,108,1649
12176,1897,6,27,1649
12177,1897,7,1622,1649
12178,1898,1,1193,1702
12179,1898,2,33,1702
12180,1898,3,281,1702
12181,1898,4,129,1702
12182,1898,5,66,1702
12183,1898,6,33,1702
12184,1898,7,1669,1702
12185,1899,1,505,1169
12186,1899,2,137,1169
12187,1899,3,401,1169
12188,1899,4,104,1169
12189,1899,5,22,1169
12190,1899,6,22,1169
12191,1899,7,1147,1169
12192,1900,1,2,19
12193,1900,2,4,19
12194,1900,3,9,19
12195,1900,5,4,19
12196,1900,6,5,19
12197,1900,7,14,19
12198,1901,1,1103,1148
12199,1901,3,45,1148
12200,1901,6,34,1148
12201,1901,7,1114,1148
12202,1902,1,353,1253
12203,1902,2,61,1253
12204,1902,3,753,1253
12205,1902,4,40,1253
12206,1902,5,46,1253
12207,1902,6,27,1253
12208,1902,7,1226,1253
12209,1903,1,652,1228
12210,1903,2,48,1228
12211,1903,3,350,1228
12212,1903,4,94,1228
12213,1903,5,84,1228
12214,1903,6,108,1228
12215,1903,7,1120,1228
12216,1904,1,379,658
12217,1904,2,6,658
12218,1904,3,157,658
12219,1904,4,25,658
12220,1904,5,91,658
12221,1904,6,91,658
12222,1904,7,567,658
12223,1905,1,46,90
12224,1905,2,4,90
12225,1905,3,36,90
12226,1905,4,2,90
12227,1905,5,2,90
12228,1905,6,1,90
12229,1905,7,89,90
12230,1906,1,162,345
12231,1906,2,31,345
12232,1906,3,127,345
12233,1906,4,8,345
12234,1906,5,17,345
12235,1906,6,69,345
12236,1906,7,276,345
12237,1907,1,8,36
12238,1907,2,3,36
12239,1907,3,19,36
12240,1907,4,3,36
12241,1907,5,3,36
12242,1907,6,8,36
12243,1907,7,28,36
12244,1908,1,17,45
12245,1908,2,3,45
12246,1908,3,18,45
12247,1908,4,3,45
12248,1908,5,4,45
12249,1908,6,18,45
12250,1908,7,27,45
12251,1909,1,340,801
12252,1909,2,108,801
12253,1909,3,185,801
12254,1909,4,130,801
12255,1909,5,38,801
12256,1909,6,100,801
12257,1909,7,701,801
12258,1910,1,8,35
12259,1910,2,4,35
12260,1910,3,15,35
12261,1910,4,3,35
12262,1910,5,5,35
12263,1910,6,3,35
12264,1910,7,32,35
12265,1911,1,154,447
12266,1911,2,22,447
12267,1911,3,202,447
12268,1911,4,39,447
12269,1911,5,30,447
12270,1911,6,8,447
12271,1911,7,439,447
12272,1912,1,710,775
12273,1912,2,15,775
12274,1912,3,30,775
12275,1912,4,20,775
12276,1912,7,775,775
12277,1913,1,8,14
12278,1913,2,2,14
12279,1913,3,4,14
12280,1913,6,1,14
12281,1913,7,13,14
12282,1914,1,2,34
12283,1914,2,2,34
12284,1914,3,4,34
12285,1914,4,13,34
12286,1914,5,13,34
12287,1914,6,4,34
12288,1914,7,30,34
12289,1915,1,1050,1400
12290,1915,2,14,1400
12291,1915,3,322,1400
12292,1915,5,14,1400
12293,1915,6,112,1400
12294,1915,7,1288,1400
12295,1916,1,19,39
12296,1916,2,1,39
12297,1916,3,14,39
12298,1916,4,3,39
12299,1916,5,2,39
12300,1916,6,4,39
12301,1916,7,35,39
12302,1917,1,22,36
12303,1917,3,6,36
12304,1917,4,6,36
12305,1917,5,2,36
12306,1917,6,6,36
12307,1917,7,30,36
12308,1918,1,274,865
12309,1918,2,83,865
12310,1918,3,216,865
12311,1918,4,151,865
12312,1918,5,141,865
12313,1918,6,224,865
12314,1918,7,641,865
12315,1919,1,68,121
12316,1919,2,6,121
12317,1919,3,38,121
12318,1919,4,3,121
12319,1919,5,6,121
12320,1919,6,41,121
12321,1919,7,80,121
12322,1920,1,344,1158
12323,1920,2,45,1158
12324,1920,3,654,1158
12325,1920,4,104,1158
12326,1920,5,11,1158
12327,1920,6,114,1158
12328,1920,7,1044,1158
12329,1921,1,145,1028
12330,1921,2,193,1028
12331,1921,3,459,1028
12332,1921,4,205,1028
12333,1921,5,26,1028
12334,1921,6,145,1028
12335,1921,7,883,1028
12336,1922,1,217,801
12337,1922,2,38,801
12338,1922,3,350,801
12339,1922,4,111,801
12340,1922,5,85,801
12341,1922,6,15,801
12342,1922,7,786,801
12343,1923,1,18,71
12344,1923,2,7,71
12345,1923,3,34,71
12346,1923,4,10,71
12347,1923,5,2,71
12348,1923,6,3,71
12349,1923,7,68,71
12350,1924,1,69,122
12351,1924,2,8,122
12352,1924,3,26,122
12353,1924,4,12,122
12354,1924,5,7,122
12355,1924,6,12,122
12356,1924,7,110,122
12357,1925,1,144,151
12358,1925,3,7,151
12359,1925,6,6,151
12360,1925,7,145,151
12361,1926,1,256,512
12362,1926,2,34,512
12363,1926,3,103,512
12364,1926,4,90,512
12365,1926,5,29,512
12366,1926,6,49,512
12367,1926,7,463,512
12368,1927,1,483,1228
12369,1927,2,72,1228
12370,1927,3,567,1228
12371,1927,4,94,1228
12372,1927,5,12,1228
12373,1927,6,108,1228
12374,1927,7,1120,1228
12375,1928,1,1285,2092
12376,1928,2,105,2092
12377,1928,3,653,2092
12378,1928,4,28,2092
12379,1928,5,21,2092
12380,1928,7,2092,2092
12381,1929,1,338,450
12382,1929,2,4,450
12383,1929,3,89,450
12384,1929,4,11,450
12385,1929,5,8,450
12386,1929,6,13,450
12387,1929,7,437,450
12388,1930,1,605,1098
12389,1930,2,10,1098
12390,1930,3,345,1098
12391,1930,4,84,1098
12392,1930,5,54,1098
12393,1930,6,32,1098
12394,1930,7,1066,1098
12395,1931,1,8,19
12396,1931,3,7,19
12397,1931,4,3,19
12398,1931,5,1,19
12399,1931,6,1,19
12400,1931,7,18,19
12401,1932,1,172,350
12402,1932,2,41,350
12403,1932,3,86,350
12404,1932,4,45,350
12405,1932,5,6,350
12406,1932,6,27,350
12407,1932,7,323,350
12408,1933,1,448,1527
12409,1933,2,71,1527
12410,1933,3,951,1527
12411,1933,4,40,1527
12412,1933,5,17,1527
12413,1933,6,17,1527
12414,1933,7,1510,1527
12415,1934,1,67,122
12416,1934,2,4,122
12417,1934,3,32,122
12418,1934,4,17,122
12419,1934,5,2,122
12420,1934,6,16,122
12421,1934,7,106,122
12422,1935,1,512,923
12423,1935,2,53,923
12424,1935,3,98,923
12425,1935,4,81,923
12426,1935,5,179,923
12427,1935,6,89,923
12428,1935,7,834,923
12429,1936,1,1462,1606
12430,1936,2,16,1606
12431,1936,3,128,1606
12432,1936,6,160,1606
12433,1936,7,1446,1606
12434,1937,1,20,44
12435,1937,3,14,44
12436,1937,4,7,44
12437,1937,5,3,44
12438,1937,6,1,44
12439,1937,7,43,44
12440,1938,1,50,118
12441,1938,2,4,118
12442,1938,3,44,118
12443,1938,4,10,118
12444,1938,5,10,118
12445,1938,6,43,118
12446,1938,7,75,118
12447,1939,1,102,120
12448,1939,2,1,120
12449,1939,3,15,120
12450,1939,4,2,120
12451,1939,6,24,120
12452,1939,7,96,120
12453,1940,1,499,1685
12454,1940,2,149,1685
12455,1940,3,815,1685
12456,1940,4,173,1685
12457,1940,5,49,1685
12458,1940,6,49,1685
12459,1940,7,1636,1685
12460,1941,1,381,730
12461,1941,2,35,730
12462,1941,3,172,730
12463,1941,4,56,730
12464,1941,5,86,730
12465,1941,6,93,730
12466,1941,7,637,730
12467,1942,1,631,1117
12468,1942,2,43,1117
12469,1942,3,239,1117
12470,1942,4,128,1117
12471,1942,5,76,1117
12472,1942,6,21,1117
12473,1942,7,1096,1117
12474,1943,1,526,1376
12475,1943,2,80,1376
12476,1943,3,553,1376
12477,1943,4,123,1376
12478,1943,5,94,1376
12479,1943,6,53,1376
12480,1943,7,1323,1376
12481,1944,1,913,1358
12482,1944,2,26,1358
12483,1944,3,376,1358
12484,1944,4,17,1358
12485,1944,5,26,1358
12486,1944,6,13,1358
12487,1944,7,1345,1358
12488,1945,1,673,956
12489,1945,3,199,956
12490,1945,4,37,956
12491,1945,5,47,956
12492,1945,6,26,956
12493,1945,7,930,956
12494,1946,1,23,32
12495,1946,3,9,32
12496,1946,6,12,32
12497,1946,7,20,32
12498,1947,1,199,303
12499,1947,2,33,303
12500,1947,3,60,303
12501,1947,4,8,303
12502,1947,5,3,303
12503,1947,6,15,303
12504,1947,7,288,303
12505,1948,1,261,384
12506,1948,2,23,384
12507,1948,3,73,384
12508,1948,4,4,384
12509,1948,5,23,384
12510,1948,6,50,384
12511,1948,7,334,384
12512,1949,1,111,180
12513,1949,2,16,180
12514,1949,3,37,180
12515,1949,4,7,180
12516,1949,5,9,180
12517,1949,6,18,180
12518,1949,7,162,180
12519,1950,1,16,38
12520,1950,2,4,38
12521,1950,3,12,38
12522,1950,4,2,38
12523,1950,5,4,38
12524,1950,6,321,38
12525,1951,1,63,523
12526,1951,2,151,523
12527,1951,3,137,523
12528,1951,4,153,523
12529,1951,5,19,523
12530,1951,6,53,523
12531,1951,7,470,523
12532,1952,1,58,78
12533,1952,3,18,78
12534,1952,4,2,78
12535,1952,6,10,78
12536,1952,7,68,78
12537,1953,1,29,50
12538,1953,2,1,50
12539,1953,3,17,50
12540,1953,5,3,50
12541,1953,6,13,50
12542,1953,7,37,50
12543,1954,1,3,18
12544,1954,2,2,18
12545,1954,3,12,18
12546,1954,5,1,18
12547,1954,6,9,18
12548,1954,7,9,18
12549,1955,1,28,149
12550,1955,2,34,149
12551,1955,3,62,149
12552,1955,4,11,149
12553,1955,5,14,149
12554,1955,6,44,149
12555,1955,7,105,149
12556,1956,1,40,90
12557,1956,2,3,90
12558,1956,3,30,90
12559,1956,4,10,90
12560,1956,5,7,90
12561,1956,6,11,90
12562,1956,7,79,90
12563,1957,1,879,2068
12564,1957,2,143,2068
12565,1957,3,797,2068
12566,1957,4,106,2068
12567,1957,5,143,2068
12568,1957,6,143,2068
12569,1957,7,1925,2068
12570,1958,1,62,118
12571,1958,2,1,118
12572,1958,3,44,118
12573,1958,4,6,118
12574,1958,5,5,118
12575,1958,6,22,118
12576,1958,7,96,118
12577,1959,1,280,388
12578,1959,2,7,388
12579,1959,3,81,388
12580,1959,4,20,388
12581,1959,6,27,388
12582,1959,7,361,388
12583,1960,1,9,19
12584,1960,3,6,19
12585,1960,4,3,19
12586,1960,5,1,19
12587,1960,6,3,19
12588,1960,7,16,19
12589,1961,1,182,221
12590,1961,2,4,221
12591,1961,3,33,221
12592,1961,5,2,221
12593,1961,6,42,221
12594,1961,7,179,221
12595,1962,1,83,276
12596,1962,2,2,276
12597,1962,3,101,276
12598,1962,4,64,276
12599,1962,5,26,276
12600,1962,6,117,276
12601,1962,7,159,276
12602,1963,1,38,118
12603,1963,2,15,118
12604,1963,3,54,118
12605,1963,4,3,118
12606,1963,5,8,118
12607,1963,6,29,118
12608,1963,7,89,118
12609,1964,1,228,392
12610,1964,2,19,392
12611,1964,3,130,392
12612,1964,4,4,392
12613,1964,5,11,392
12614,1964,6,51,392
12615,1964,7,341,392
12616,1965,1,1092,1903
12617,1965,2,37,1903
12618,1965,3,592,1903
12619,1965,4,145,1903
12620,1965,5,37,1903
12621,1965,6,55,1903
12622,1965,7,1848,1903
12623,1966,1,85,153
12624,1966,2,15,153
12625,1966,3,27,153
12626,1966,4,13,153
12627,1966,5,13,153
12628,1966,6,21,153
12629,1966,7,132,153
12630,1967,1,1276,2169
12631,1967,2,24,2169
12632,1967,3,746,2169
12633,1967,4,94,2169
12634,1967,5,29,2169
12635,1967,6,48,2169
12636,1967,7,2121,2169
12637,1968,1,1017,1675
12638,1968,2,33,1675
12639,1968,3,417,1675
12640,1968,4,108,1675
12641,1968,5,100,1675
12642,1968,6,16,1675
12643,1968,7,1659,1675
12644,1969,1,6,20
12645,1969,2,2,20
12646,1969,3,9,20
12647,1969,4,2,20
12648,1969,5,1,20
12649,1969,6,5,20
12650,1969,7,15,20
12651,1970,1,448,747
12652,1970,2,21,747
12653,1970,3,125,747
12654,1970,4,52,747
12655,1970,5,101,747
12656,1970,6,62,747
12657,1970,7,685,747
12658,1971,1,504,851
12659,1971,2,23,851
12660,1971,3,117,851
12661,1971,4,179,851
12662,1971,5,28,851
12663,1971,6,44,851
12664,1971,7,807,851
12665,1972,1,226,453
12666,1972,2,22,453
12667,1972,3,133,453
12668,1972,4,41,453
12669,1972,5,31,453
12670,1972,6,31,453
12671,1972,7,422,453
12672,1973,1,239,390
12673,1973,2,3,390
12674,1973,3,141,390
12675,1973,5,7,390
12676,1973,6,23,390
12677,1973,7,367,390
12678,1974,1,90,264
12679,1974,2,38,264
12680,1974,3,67,264
12681,1974,4,33,264
12682,1974,5,36,264
12683,1974,6,67,264
12684,1974,7,197,264
12685,1975,1,7,22
12686,1975,2,2,22
12687,1975,3,8,22
12688,1975,4,3,22
12689,1975,5,2,22
12690,1975,6,3,22
12691,1975,7,19,22
12692,1976,1,4,13
12693,1976,2,2,13
12694,1976,3,5,13
12695,1976,4,2,13
12696,1976,7,13,13
12697,1977,1,16,93
12698,1977,2,17,93
12699,1977,3,19,93
12700,1977,4,20,93
12701,1977,5,21,93
12702,1977,6,22,93
12703,1977,7,71,93
12704,1978,1,10,16
12705,1978,2,3,16
12706,1978,3,3,16
12707,1978,7,16,16
12708,1979,1,68,84
12709,1979,3,16,84
12710,1979,6,8,84
12711,1979,7,76,84
12712,1980,1,35,50
12713,1980,3,13,50
12714,1980,4,2,50
12715,1980,6,2,50
12716,1980,7,48,50
12717,1981,1,575,1384
12718,1981,2,80,1384
12719,1981,3,428,1384
12720,1981,4,208,1384
12721,1981,5,93,1384
12722,1981,6,80,1384
12723,1981,7,1304,1384
12724,1982,1,315,350
12725,1982,3,31,350
12726,1982,4,4,350
12727,1982,6,91,350
12728,1982,7,259,350
12729,1983,1,182,263
12730,1983,2,2,263
12731,1983,3,49,263
12732,1983,4,17,263
12733,1983,5,13,263
12734,1983,6,20,263
12735,1983,7,243,263
12736,1984,1,561,712
12737,1984,2,14,712
12738,1984,3,113,712
12739,1984,4,10,712
12740,1984,5,14,712
12741,1984,6,35,712
12742,1984,7,677,712
12743,1985,1,587,1784
12744,1985,2,51,1784
12745,1985,3,932,1784
12746,1985,4,180,1784
12747,1985,5,34,1784
12748,1985,6,86,1784
12749,1985,7,1698,1784
12750,1986,1,94,153
12751,1986,2,1,153
12752,1986,3,33,153
12753,1986,4,13,153
12754,1986,5,12,153
12755,1986,6,12,153
12756,1986,7,141,153
12757,1987,1,908,1920
12758,1987,2,43,1920
12759,1987,3,735,1920
12760,1987,4,40,1920
12761,1987,5,194,1920
12762,1987,6,21,1920
12763,1987,7,1899,1920
12764,1988,1,228,809
12765,1988,2,122,809
12766,1988,3,122,809
12767,1988,4,208,809
12768,1988,5,129,809
12769,1988,6,30,809
12770,1988,7,779,809
12771,1989,1,995,1614
12772,1989,2,112,1614
12773,1989,3,417,1614
12774,1989,4,42,1614
12775,1989,5,48,1614
12776,1989,6,41,1614
12777,1989,7,1573,1614
12778,1990,1,11,17
12779,1990,2,1,17
12780,1990,3,2,17
12781,1990,4,2,17
12782,1990,5,1,17
12783,1990,6,6,17
12784,1990,7,11,17
12785,1991,1,3,56
12786,1991,2,3,56
12787,1991,3,14,56
12788,1991,4,15,56
12789,1991,5,21,56
12790,1991,6,10,56
12791,1991,7,46,56
12792,1992,1,12,34
12793,1992,2,1,34
12794,1992,3,16,34
12795,1992,4,4,34
12796,1992,5,1,34
12797,1992,6,3,34
12798,1992,7,31,34
12799,1993,1,17,19
12800,1993,3,2,19
12801,1993,6,2,19
12802,1993,7,17,19
12803,1994,1,8,16
12804,1994,3,5,16
12805,1994,5,3,16
12806,1994,6,6,16
12807,1994,7,10,16
12808,1995,1,22,65
12809,1995,2,4,65
12810,1995,3,17,65
12811,1995,4,12,65
12812,1995,5,10,65
12813,1995,6,13,65
12814,1995,7,52,65
12815,1996,1,14,64
12816,1996,2,10,64
12817,1996,3,29,64
12818,1996,4,4,64
12819,1996,5,7,64
12820,1996,6,15,64
12821,1996,7,49,64
12822,1997,1,106,260
12823,1997,2,27,260
12824,1997,3,68,260
12825,1997,4,52,260
12826,1997,5,7,260
12827,1997,6,5,260
12828,1997,7,255,260
12829,1998,1,820,1164
12830,1998,2,57,1164
12831,1998,3,242,1164
12832,1998,4,45,1164
12833,1998,6,11,1164
12834,1998,7,1153,1164
12835,1999,1,753,1101
12836,1999,2,43,1101
12837,1999,3,226,1101
12838,1999,4,69,1101
12839,1999,5,10,1101
12840,1999,6,204,1101
12841,1999,7,897,1101
12842,2000,1,13,43
12843,2000,2,3,43
12844,2000,3,17,43
12845,2000,4,7,43
12846,2000,5,3,43
12847,2000,6,3,43
12848,2000,7,40,43
12849,2001,1,9,17
12850,2001,2,1,17
12851,2001,3,3,17
12852,2001,5,4,17
12853,2001,6,8,17
12854,2001,7,9,17
12855,2002,1,19,34
12856,2002,2,3,34
12857,2002,3,6,34
12858,2002,4,4,34
12859,2002,5,2,34
12860,2002,6,12,34
12861,2002,7,22,34
12862,2003,1,520,832
12863,2003,2,8,832
12864,2003,3,223,832
12865,2003,4,32,832
12866,2003,5,49,832
12867,2003,6,42,832
12868,2003,7,790,832
12869,2004,1,5,66
12870,2004,2,17,66
12871,2004,3,17,66
12872,2004,4,13,66
12873,2004,5,14,66
12874,2004,6,34,66
12875,2004,7,32,66
12876,2005,1,618,894
12877,2005,2,44,894
12878,2005,3,215,894
12879,2005,5,17,894
12880,2005,6,36,894
12881,2005,7,858,894
12882,2006,1,315,725
12883,2006,2,35,725
12884,2006,3,322,725
12885,2006,4,46,725
12886,2006,5,7,725
12887,2006,6,143,725
12888,2006,7,582,725
12889,2007,1,15,44
12890,2007,2,1,44
12891,2007,3,23,44
12892,2007,5,5,44
12893,2007,6,1,44
12894,2007,7,43,44
12895,2008,1,384,1028
12896,2008,2,60,1028
12897,2008,3,364,1028
12898,2008,4,119,1028
12899,2008,5,101,1028
12900,2008,6,232,1028
12901,2008,7,796,1028
12902,2009,1,110,269
12903,2009,2,29,269
12904,2009,3,92,269
12905,2009,4,28,269
12906,2009,5,10,269
12907,2009,6,145,269
12908,2009,7,124,269
12909,2010,1,208,354
12910,2010,2,17,354
12911,2010,3,76,354
12912,2010,4,36,354
12913,2010,5,17,354
12914,2010,6,38,354
12915,2010,7,316,354
12916,2011,1,555,1048
12917,2011,2,82,1048
12918,2011,3,257,1048
12919,2011,4,93,1048
12920,2011,5,61,1048
12921,2011,6,61,1048
12922,2011,7,987,1048
12923,2012,1,240,615
12924,2012,2,90,615
12925,2012,3,216,615
12926,2012,4,63,615
12927,2012,5,6,615
12928,2012,6,24,615
12929,2012,7,591,615
12930,2013,1,11,67
12931,2013,3,36,67
12932,2013,4,15,67
12933,2013,5,5,67
12934,2013,6,12,67
12935,2013,7,55,67
12936,2014,1,848,1587
12937,2014,2,154,1587
12938,2014,3,323,1587
12939,2014,4,201,1587
12940,2014,5,61,1587
12941,2014,6,78,1587
12942,2014,7,1509,1587
12943,2015,1,202,543
12944,2015,2,47,543
12945,2015,3,197,543
12946,2015,4,55,543
12947,2015,5,42,543
12948,2015,6,149,543
12949,2015,7,394,543
12950,2016,1,433,1290
12951,2016,2,89,1290
12952,2016,3,650,1290
12953,2016,4,16,1290
12954,2016,5,102,1290
12955,2016,6,102,1290
12956,2016,7,1188,1290
12957,2017,1,6,42
12958,2017,2,6,42
12959,2017,3,15,42
12960,2017,4,10,42
12961,2017,5,5,42
12962,2017,6,2,42
12963,2017,7,40,42
12964,2018,1,37,47
12965,2018,3,7,47
12966,2018,4,3,47
12967,2018,6,3,47
12968,2018,7,44,47
12969,2019,1,167,351
12970,2019,2,37,351
12971,2019,3,64,351
12972,2019,4,49,351
12973,2019,5,34,351
12974,2019,6,116,351
12975,2019,7,235,351
12976,2020,1,45,180
12977,2020,2,7,180
12978,2020,3,99,180
12979,2020,4,4,180
12980,2020,5,25,180
12981,2020,6,43,180
12982,2020,7,137,180
12983,2021,1,129,151
12984,2021,3,21,151
12985,2021,5,1,151
12986,2021,6,7,151
12987,2021,7,144,151
12988,2022,1,713,1177
12989,2022,3,264,1177
12990,2022,4,120,1177
12991,2022,5,80,1177
12992,2022,6,34,1177
12993,2022,7,1143,1177
12994,2023,1,676,1517
12995,2023,2,161,1517
12996,2023,3,426,1517
12997,2023,4,210,1517
12998,2023,5,44,1517
12999,2023,6,58,1517
13000,2023,7,1459,1517
13001,2024,1,450,1182
13002,2024,2,26,1182
13003,2024,3,535,1182
13004,2024,4,73,1182
13005,2024,5,98,1182
13006,2024,6,26,1182
13007,2024,7,1156,1182
13008,2025,1,22,38
13009,2025,2,2,38
13010,2025,3,12,38
13011,2025,5,2,38
13012,2025,6,5,38
13013,2025,7,33,38
13014,2026,1,367,432
13015,2026,2,4,432
13016,2026,3,51,432
13017,2026,4,6,432
13018,2026,5,4,432
13019,2026,6,95,432
13020,2026,7,337,432
13021,2027,1,526,897
13022,2027,2,35,897
13023,2027,3,214,897
13024,2027,4,69,897
13025,2027,5,53,897
13026,2027,6,35,897
13027,2027,7,862,897
13028,2028,1,51,67
13029,2028,3,16,67
13030,2028,6,4,67
13031,2028,7,63,67
13032,2029,1,25,39
13033,2029,3,11,39
13034,2029,4,3,39
13035,2029,6,15,39
13036,2029,7,24,39
13037,2030,1,28,90
13038,2030,2,6,90
13039,2030,3,27,90
13040,2030,4,12,90
13041,2030,5,17,90
13042,2030,6,39,90
13043,2030,7,51,90
13044,2031,1,958,1584
13045,2031,2,159,1584
13046,2031,3,447,1584
13047,2031,4,20,1584
13048,2031,6,31,1584
13049,2031,7,1553,1584
13050,2032,1,532,901
13051,2032,2,88,901
13052,2032,3,168,901
13053,2032,4,69,901
13054,2032,5,44,901
13055,2032,6,133,901
13056,2032,7,768,901
13057,2033,1,724,892
13058,2033,2,17,892
13059,2033,3,143,892
13060,2033,5,8,892
13061,2033,6,196,892
13062,2033,7,696,892
13063,2034,1,39,123
13064,2034,3,56,123
13065,2034,4,20,123
13066,2034,5,8,123
13067,2034,6,14,123
13068,2034,7,109,123
13069,2035,1,587,1114
13070,2035,2,54,1114
13071,2035,3,348,1114
13072,2035,4,71,1114
13073,2035,5,54,1114
13074,2035,6,130,1114
13075,2035,7,984,1114
13076,2036,1,29,41
13077,2036,2,1,41
13078,2036,3,11,41
13079,2036,7,41,41
13080,2037,1,757,1163
13081,2037,2,80,1163
13082,2037,3,217,1163
13083,2037,4,29,1163
13084,2037,5,80,1163
13085,2037,6,11,1163
13086,2037,7,1152,1163
13087,2038,1,544,886
13088,2038,2,35,886
13089,2038,3,133,886
13090,2038,4,23,886
13091,2038,5,151,886
13092,2038,6,107,886
13093,2038,7,779,886
13094,2039,1,40,93
13095,2039,2,15,93
13096,2039,3,15,93
13097,2039,4,17,93
13098,2039,5,6,93
13099,2039,6,7,93
13100,2039,7,86,93
13101,2040,1,1245,1664
13102,2040,2,33,1664
13103,2040,3,332,1664
13104,2040,4,21,1664
13105,2040,5,33,1664
13106,2040,6,16,1664
13107,2040,7,1648,1664
13108,2041,1,19,70
13109,2041,2,1,70
13110,2041,3,20,70
13111,2041,4,16,70
13112,2041,5,14,70
13113,2041,6,28,70
13114,2041,7,42,70
13115,2042,1,16,37
13116,2042,2,3,37
13117,2042,3,15,37
13118,2042,4,2,37
13119,2042,5,1,37
13120,2042,6,11,37
13121,2042,7,26,37
13122,2043,1,376,495
13123,2043,2,4,495
13124,2043,3,94,495
13125,2043,4,12,495
13126,2043,5,9,495
13127,2043,6,24,495
13128,2043,7,471,495
13129,2044,1,184,682
13130,2044,2,178,682
13131,2044,3,178,682
13132,2044,4,103,682
13133,2044,5,39,682
13134,2044,6,33,682
13135,2044,7,649,682
13136,2045,1,15,28
13137,2045,3,11,28
13138,2045,5,2,28
13139,2045,6,9,28
13140,2045,7,19,28
13141,2046,1,124,618
13142,2046,2,83,618
13143,2046,3,267,618
13144,2046,4,85,618
13145,2046,5,59,618
13146,2046,6,35,618
13147,2046,7,583,618
13148,2047,1,627,1362
13149,2047,2,120,1362
13150,2047,3,414,1362
13151,2047,4,121,1362
13152,2047,5,80,1362
13153,2047,6,93,1362
13154,2047,7,1269,1362
13155,2048,1,180,548
13156,2048,2,60,548
13157,2048,3,241,548
13158,2048,4,13,548
13159,2048,5,54,548
13160,2048,6,54,548
13161,2048,7,494,548
13162,2049,1,14,18
13163,2049,3,4,18
13164,2049,6,8,18
13165,2049,7,10,18
13166,2050,1,3,71
13167,2050,2,3,71
13168,2050,3,24,71
13169,2050,4,34,71
13170,2050,5,7,71
13171,2050,6,31,71
13172,2050,7,40,71
13173,2051,1,8,127
13174,2051,2,26,127
13175,2051,3,46,127
13176,2051,4,38,127
13177,2051,5,9,127
13178,2051,6,49,127
13179,2051,7,78,127
13180,2052,1,293,341
13181,2052,2,6,341
13182,2052,3,23,341
13183,2052,4,13,341
13184,2052,5,6,341
13185,2052,6,92,341
13186,2052,7,249,341
13187,2053,1,758,1277
13188,2053,2,12,1277
13189,2053,3,385,1277
13190,2053,4,33,1277
13191,2053,5,89,1277
13192,2053,6,89,1277
13193,2053,7,1188,1277
13194,2054,1,656,964
13195,2054,2,38,964
13196,2054,3,161,964
13197,2054,4,62,964
13198,2054,5,47,964
13199,2054,6,37,964
13200,2054,7,927,964
13201,2055,1,196,912
13202,2055,2,25,912
13203,2055,3,607,912
13204,2055,4,67,912
13205,2055,5,17,912
13206,2055,6,49,912
13207,2055,7,863,912
13208,2056,1,835,1475
13209,2056,2,73,1475
13210,2056,3,380,1475
13211,2056,4,114,1475
13212,2056,5,73,1475
13213,2056,6,43,1475
13214,2056,7,1432,1475
13215,2057,1,16,44
13216,2057,2,11,44
13217,2057,3,15,44
13218,2057,4,2,44
13219,2057,6,12,44
13220,2057,7,32,44
13221,2058,1,9,18
13222,2058,2,1,18
13223,2058,3,5,18
13224,2058,4,2,18
13225,2058,5,1,18
13226,2058,6,4,18
13227,2058,7,14,18
13228,2059,1,229,389
13229,2059,2,7,389
13230,2059,3,140,389
13231,2059,4,10,389
13232,2059,5,3,389
13233,2059,6,11,389
13234,2059,7,378,389
13235,2060,2,1,21
13236,2060,3,4,21
13237,2060,4,15,21
13238,2060,5,1,21
13239,2060,6,5,21
13240,2060,7,16,21
13241,2061,1,121,308
13242,2061,2,24,308
13243,2061,3,124,308
13244,2061,4,24,308
13245,2061,5,15,308
13246,2061,6,42,308
13247,2061,7,266,308
13248,2062,1,471,971
13249,2062,2,102,971
13250,2062,3,125,971
13251,2062,4,212,971
13252,2062,5,61,971
13253,2062,6,245,971
13254,2062,7,726,971
13255,2063,1,520,832
13256,2063,2,8,832
13257,2063,3,223,832
13258,2063,4,32,832
13259,2063,5,49,832
13260,2063,6,42,832
13261,2063,7,790,832
13262,2064,1,26,39
13263,2064,2,1,39
13264,2064,3,10,39
13265,2064,4,2,39
13266,2064,6,1,39
13267,2064,7,38,39
13268,2065,1,240,1259
13269,2065,2,132,1259
13270,2065,3,445,1259
13271,2065,4,250,1259
13272,2065,5,192,1259
13273,2065,6,108,1259
13274,2065,7,1151,1259
13275,2066,1,178,220
13276,2066,2,4,220
13277,2066,3,26,220
13278,2066,4,8,220
13279,2066,5,4,220
13280,2066,6,44,220
13281,2066,7,176,220
13282,2067,1,1486,1868
13283,2067,2,55,1868
13284,2067,3,278,1868
13285,2067,4,49,1868
13286,2067,6,185,1868
13287,2067,7,1683,1868
13288,2068,1,1115,1300
13289,2068,2,12,1300
13290,2068,3,128,1300
13291,2068,4,33,1300
13292,2068,5,12,1300
13293,2068,6,76,1300
13294,2068,7,1224,1300
13295,2069,1,29,39
13296,2069,3,8,39
13297,2069,4,2,39
13298,2069,6,6,39
13299,2069,7,33,39
13300,2070,1,529,976
13301,2070,3,356,976
13302,2070,4,63,976
13303,2070,5,28,976
13304,2070,7,976,976
13305,2071,1,13,35
13306,2071,2,3,35
13307,2071,3,8,35
13308,2071,4,7,35
13309,2071,5,4,35
13310,2071,6,16,35
13311,2071,7,19,35
13312,2072,1,934,1228
13313,2072,2,24,1228
13314,2072,3,230,1228
13315,2072,4,16,1228
13316,2072,5,24,1228
13317,2072,6,36,1228
13318,2072,7,1192,1228
13319,2073,1,2,48
13320,2073,2,7,48
13321,2073,3,11,48
13322,2073,4,16,48
13323,2073,5,12,48
13324,2073,6,27,48
13325,2073,7,21,48
13326,2074,1,4,40
13327,2074,2,12,40
13328,2074,3,5,40
13329,2074,4,3,40
13330,2074,5,16,40
13331,2074,6,17,40
13332,2074,7,23,40
13333,2075,1,62,118
13334,2075,2,1,118
13335,2075,3,44,118
13336,2075,4,6,118
13337,2075,5,5,118
13338,2075,6,22,118
13339,2075,7,96,118
13340,2076,1,158,372
13341,2076,2,35,372
13342,2076,3,179,372
13343,2076,6,125,372
13344,2076,7,247,372
13345,2077,1,173,219
13346,2077,2,2,219
13347,2077,3,39,219
13348,2077,4,3,219
13349,2077,5,2,219
13350,2077,6,47,219
13351,2077,7,172,219
13352,2078,1,830,1987
13353,2078,2,59,1987
13354,2078,3,968,1987
13355,2078,4,51,1987
13356,2078,5,79,1987
13357,2078,6,19,1987
13358,2078,7,1968,1987
13359,2079,1,189,551
13360,2079,2,10,551
13361,2079,3,253,551
13362,2079,4,56,551
13363,2079,5,43,551
13364,2079,6,64,551
13365,2079,7,487,551
13366,2080,1,728,897
13367,2080,2,17,897
13368,2080,3,133,897
13369,2080,4,11,897
13370,2080,5,8,897
13371,2080,6,124,897
13372,2080,7,773,897
13373,2081,1,7,20
13374,2081,2,2,20
13375,2081,3,9,20
13376,2081,4,2,20
13377,2081,6,2,20
13378,2081,7,18,20
13379,2082,1,35,69
13380,2082,2,4,69
13381,2082,3,17,69
13382,2082,4,7,69
13383,2082,5,6,69
13384,2082,6,64,69
13385,2082,7,5,69
13386,2083,1,188,394
13387,2083,2,3,394
13388,2083,3,180,394
13389,2083,4,20,394
13390,2083,5,3,394
13391,2083,6,43,394
13392,2083,7,351,394
13393,2084,1,742,956
13394,2084,2,28,956
13395,2084,3,152,956
13396,2084,4,25,956
13397,2084,5,9,956
13398,2084,6,57,956
13399,2084,7,899,956
13400,2085,2,7,40
13401,2085,3,5,40
13402,2085,4,26,40
13403,2085,5,2,40
13404,2085,6,17,40
13405,2085,7,23,40
13406,2086,1,750,1018
13407,2086,2,71,1018
13408,2086,3,174,1018
13409,2086,4,13,1018
13410,2086,5,10,1018
13411,2086,6,20,1018
13412,2086,7,998,1018
13413,2087,1,816,1419
13414,2087,2,42,1419
13415,2087,3,450,1419
13416,2087,4,55,1419
13417,2087,5,56,1419
13418,2087,6,154,1419
13419,2087,7,1265,1419
13420,2088,1,5,19
13421,2088,2,2,19
13422,2088,3,8,19
13423,2088,4,2,19
13424,2088,5,2,19
13425,2088,6,9,19
13426,2088,7,10,19
13427,2089,1,37,118
13428,2089,2,5,118
13429,2089,3,56,118
13430,2089,4,12,118
13431,2089,5,8,118
13432,2089,6,5,118
13433,2089,7,113,118
13434,2090,1,4,8
13435,2090,3,4,8
13436,2090,6,5,8
13437,2090,7,3,8
13438,2091,1,99,116
13439,2091,2,2,116
13440,2091,3,11,116
13441,2091,4,4,116
13442,2091,6,16,116
13443,2091,7,100,116
13444,2092,1,176,503
13445,2092,2,72,503
13446,2092,3,98,503
13447,2092,4,136,503
13448,2092,5,21,503
13449,2092,6,229,503
13450,2092,7,274,503
13451,2093,1,54,64
13452,2093,3,10,64
13453,2093,6,2,64
13454,2093,7,62,64
13455,2094,1,997,1555
13456,2094,2,15,1555
13457,2094,3,414,1555
13458,2094,4,99,1555
13459,2094,5,30,1555
13460,2094,6,76,1555
13461,2094,7,1479,1555
13462,2095,1,356,491
13463,2095,3,107,491
13464,2095,4,19,491
13465,2095,5,9,491
13466,2095,6,117,491
13467,2095,7,374,491
13468,2096,1,1311,1805
13469,2096,3,359,1805
13470,2096,4,46,1805
13471,2096,5,89,1805
13472,2096,6,17,1805
13473,2096,7,1788,1805
13474,2097,1,890,1270
13475,2097,2,63,1270
13476,2097,3,292,1270
13477,2097,5,25,1270
13478,2097,6,12,1270
13479,2097,7,1258,1270
13480,2098,1,4,6
13481,2098,3,2,6
13482,2098,6,2,6
13483,2098,7,4,6
13484,2099,1,17,41
13485,2099,3,14,41
13486,2099,4,7,41
13487,2099,5,3,41
13488,2099,6,2,41
13489,2099,7,39,41
13490,2100,1,960,1931
13491,2100,3,883,1931
13492,2100,4,50,1931
13493,2100,5,38,1931
13494,2100,7,1931,1931
13495,2101,1,1,56
13496,2101,2,3,56
13497,2101,3,2,56
13498,2101,4,20,56
13499,2101,5,30,56
13500,2101,6,47,56
13501,2101,7,9,56
13502,2102,1,240,1006
13503,2102,2,67,1006
13504,2102,3,500,1006
13505,2102,4,199,1006
13506,2102,6,163,1006
13507,2102,7,843,1006
13508,2103,1,301,384
13509,2103,2,11,384
13510,2103,3,61,384
13511,2103,4,4,384
13512,2103,5,7,384
13513,2103,6,11,384
13514,2103,7,373,384
13515,2104,1,154,221
13516,2104,3,50,221
13517,2104,4,6,221
13518,2104,5,11,221
13519,2104,6,37,221
13520,2104,7,184,221
13521,2105,1,2,16
13522,2105,2,3,16
13523,2105,3,6,16
13524,2105,4,4,16
13525,2105,5,1,16
13526,2105,6,9,16
13527,2105,7,7,16
13528,2106,1,104,180
13529,2106,2,12,180
13530,2106,3,48,180
13531,2106,4,4,180
13532,2106,5,12,180
13533,2106,6,5,180
13534,2106,7,175,180
13535,2107,1,70,116
13536,2107,2,3,116
13537,2107,3,37,116
13538,2107,4,4,116
13539,2107,5,2,116
13540,2107,6,64,116
13541,2107,7,52,116
13542,2108,1,2,20
13543,2108,3,9,20
13544,2108,4,3,20
13545,2108,5,6,20
13546,2108,6,2,20
13547,2108,7,18,20
13548,2109,1,23,40
13549,2109,2,2,40
13550,2109,3,11,40
13551,2109,4,3,40
13552,2109,5,1,40
13553,2109,6,4,40
13554,2109,7,36,40
13555,2110,1,43,67
13556,2110,2,4,67
13557,2110,3,12,67
13558,2110,4,8,67
13559,2110,6,27,67
13560,2110,7,40,67
13561,2111,1,4,56
13562,2111,2,24,56
13563,2111,3,11,56
13564,2111,4,16,56
13565,2111,5,1,56
13566,2111,6,25,56
13567,2111,7,31,56
13568,2112,1,654,768
13569,2112,2,7,768
13570,2112,3,92,768
13571,2112,5,15,768
13572,2112,6,30,768
13573,2112,7,738,768
13574,2113,1,912,1237
13575,2113,2,72,1237
13576,2113,3,170,1237
13577,2113,4,47,1237
13578,2113,5,36,1237
13579,2113,6,97,1237
13580,2113,7,1140,1237
13581,2114,1,25,34
13582,2114,3,8,34
13583,2114,5,1,34
13584,2114,6,4,34
13585,2114,7,30,34
13586,2115,1,24,52
13587,2115,2,4,52
13588,2115,3,22,52
13589,2115,5,2,52
13590,2115,6,9,52
13591,2115,7,43,52
13592,2116,1,141,295
13593,2116,2,11,295
13594,2116,3,114,295
13595,2116,4,15,295
13596,2116,5,14,295
13597,2116,6,5,295
13598,2116,7,290,295
13599,2117,1,71,88
13600,2117,3,13,88
13601,2117,4,3,88
13602,2117,5,1,88
13603,2117,7,88,88
13604,2118,1,35,53
13605,2118,2,1,53
13606,2118,3,16,53
13607,2118,5,1,53
13608,2118,6,1,53
13609,2118,7,52,53
13610,2119,1,496,1654
13611,2119,2,32,1654
13612,2119,3,849,1654
13613,2119,4,229,1654
13614,2119,5,48,1654
13615,2119,6,128,1654
13616,2119,7,1526,1654
13617,2120,1,9,52
13618,2120,2,9,52
13619,2120,3,11,52
13620,2120,4,13,52
13621,2120,5,10,52
13622,2120,6,16,52
13623,2120,7,36,52
13624,2121,1,154,221
13625,2121,3,50,221
13626,2121,4,6,221
13627,2121,5,11,221
13628,2121,6,37,221
13629,2121,7,184,221
13630,2122,1,9,24
13631,2122,2,1,24
13632,2122,3,5,24
13633,2122,4,4,24
13634,2122,5,5,24
13635,2122,6,7,24
13636,2122,7,17,24
13637,2123,1,26,63
13638,2123,2,3,63
13639,2123,3,23,63
13640,2123,4,4,63
13641,2123,5,7,63
13642,2123,6,3,63
13643,2123,7,60,63
13644,2124,1,77,149
13645,2124,2,8,149
13646,2124,3,44,149
13647,2124,4,10,149
13648,2124,5,10,149
13649,2124,6,25,149
13650,2124,7,124,149
13651,2125,1,11,26
13652,2125,2,2,26
13653,2125,3,7,26
13654,2125,4,4,26
13655,2125,5,2,26
13656,2125,6,2,26
13657,2125,7,24,26
13658,2126,1,576,724
13659,2126,2,7,724
13660,2126,3,115,724
13661,2126,4,19,724
13662,2126,5,7,724
13663,2126,6,7,724
13664,2126,7,717,724
13665,2127,1,89,269
13666,2127,2,15,269
13667,2127,3,89,269
13668,2127,4,34,269
13669,2127,5,42,269
13670,2127,6,5,269
13671,2127,7,264,269
13672,2128,1,1013,1548
13673,2128,2,30,1548
13674,2128,3,399,1548
13675,2128,4,60,1548
13676,2128,5,46,1548
13677,2128,6,153,1548
13678,2128,7,1395,1548
13679,2129,1,224,300
13680,2129,2,12,300
13681,2129,3,48,300
13682,2129,4,4,300
13683,2129,5,12,300
13684,2129,6,12,300
13685,2129,7,288,300
13686,2130,1,200,395
13687,2130,2,19,395
13688,2130,3,111,395
13689,2130,4,50,395
13690,2130,5,15,395
13691,2130,6,19,395
13692,2130,7,376,395
13693,2131,1,570,1492
13694,2131,2,73,1492
13695,2131,3,614,1492
13696,2131,4,133,1492
13697,2131,5,102,1492
13698,2131,6,73,1492
13699,2131,7,1419,1492
13700,2132,1,1,16
13701,2132,2,3,16
13702,2132,3,3,16
13703,2132,4,8,16
13704,2132,5,1,16
13705,2132,6,13,16
13706,2132,7,3,16
13707,2133,1,62,87
13708,2133,2,1,87
13709,2133,3,20,87
13710,2133,4,4,87
13711,2133,6,7,87
13712,2133,7,80,87
13713,2134,1,531,1188
13714,2134,2,69,1188
13715,2134,3,300,1188
13716,2134,4,150,1188
13717,2134,5,138,1188
13718,2134,6,150,1188
13719,2134,7,1038,1188
13720,2135,1,162,1036
13721,2135,2,28,1036
13722,2135,3,818,1036
13723,2135,5,28,1036
13724,2135,6,56,1036
13725,2135,7,980,1036
13726,2136,1,675,1238
13727,2136,2,144,1238
13728,2136,3,133,1238
13729,2136,4,94,1238
13730,2136,5,192,1238
13731,2136,6,241,1238
13732,2136,7,997,1238
13733,2137,1,23,39
13734,2137,2,4,39
13735,2137,3,10,39
13736,2137,5,2,39
13737,2137,6,15,39
13738,2137,7,24,39
13739,2138,1,492,547
13740,2138,2,5,547
13741,2138,3,32,547
13742,2138,4,13,547
13743,2138,5,5,547
13744,2138,6,21,547
13745,2138,7,526,547
13746,2139,1,918,1070
13747,2139,2,10,1070
13748,2139,3,129,1070
13749,2139,4,13,1070
13750,2139,6,129,1070
13751,2139,7,941,1070
13752,2140,1,224,819
13753,2140,2,155,819
13754,2140,3,155,819
13755,2140,4,192,819
13756,2140,5,93,819
13757,2140,6,54,819
13758,2140,7,765,819
13759,2141,1,572,965
13760,2141,2,19,965
13761,2141,3,286,965
13762,2141,4,50,965
13763,2141,5,38,965
13764,2141,6,248,965
13765,2141,7,717,965
13766,2142,1,626,703
13767,2142,3,70,703
13768,2142,5,7,703
13769,2142,6,28,703
13770,2142,7,675,703
13771,2143,1,1074,1914
13772,2143,2,37,1914
13773,2143,3,518,1914
13774,2143,4,193,1914
13775,2143,5,92,1914
13776,2143,6,129,1914
13777,2143,7,1785,1914
13778,2144,1,741,1790
13779,2144,2,68,1790
13780,2144,3,689,1790
13781,2144,4,224,1790
13782,2144,5,68,1790
13783,2144,6,103,1790
13784,2144,7,1687,1790
13785,2145,1,322,382
13786,2145,2,3,382
13787,2145,3,50,382
13788,2145,4,4,382
13789,2145,5,3,382
13790,2145,6,42,382
13791,2145,7,340,382
13792,2146,1,254,348
13793,2146,2,10,348
13794,2146,3,44,348
13795,2146,4,30,348
13796,2146,5,10,348
13797,2146,6,227,348
13798,2146,7,121,348
13799,2147,1,116,216
13800,2147,2,6,216
13801,2147,3,82,216
13802,2147,4,6,216
13803,2147,5,6,216
13804,2147,6,41,216
13805,2147,7,175,216
13806,2148,1,22,44
13807,2148,2,2,44
13808,2148,3,18,44
13809,2148,5,2,44
13810,2148,6,12,44
13811,2148,7,32,44
13812,2149,1,516,537
13813,2149,3,21,537
13814,2149,6,5,537
13815,2149,7,532,537
13816,2150,1,14,90
13817,2150,2,36,90
13818,2150,3,11,90
13819,2150,4,3,90
13820,2150,5,26,90
13821,2150,6,35,90
13822,2150,7,55,90
13823,2151,1,2,46
13824,2151,2,8,46
13825,2151,3,10,46
13826,2151,4,12,46
13827,2151,5,14,46
13828,2151,6,23,46
13829,2151,7,23,46
13830,2152,1,28,40
13831,2152,3,9,40
13832,2152,4,3,40
13833,2152,7,40,40
13834,2153,1,530,960
13835,2153,2,142,960
13836,2153,3,217,960
13837,2153,4,62,960
13838,2153,5,9,960
13839,2153,6,56,960
13840,2153,7,904,960
13841,2154,1,519,866
13842,2154,2,50,866
13843,2154,3,167,866
13844,2154,4,130,866
13845,2154,6,41,866
13846,2154,7,825,866
13847,2155,1,611,1540
13848,2155,2,76,1540
13849,2155,3,749,1540
13850,2155,4,59,1540
13851,2155,5,45,1540
13852,2155,6,26,1540
13853,2155,7,1514,1540
13854,2156,1,240,1006
13855,2156,2,67,1006
13856,2156,3,500,1006
13857,2156,4,199,1006
13858,2156,6,163,1006
13859,2156,7,843,1006
13860,2157,1,4,38
13861,2157,2,9,38
13862,2157,3,12,38
13863,2157,4,11,38
13864,2157,5,2,38
13865,2157,6,8,38
13866,2157,7,30,38
13867,2158,1,671,1629
13868,2158,2,47,1629
13869,2158,3,655,1629
13870,2158,4,145,1629
13871,2158,5,111,1629
13872,2158,6,15,1629
13873,2158,7,1614,1629
13874,2159,1,23,35
13875,2159,2,1,35
13876,2159,3,7,35
13877,2159,5,4,35
13878,2159,6,24,35
13879,2159,7,11,35
13880,2160,1,9,17
13881,2160,2,1,17
13882,2160,3,2,17
13883,2160,4,3,17
13884,2160,5,2,17
13885,2160,7,17,17
13886,2161,1,556,1790
13887,2161,2,54,1790
13888,2161,3,845,1790
13889,2161,4,202,1790
13890,2161,5,133,1790
13891,2161,6,63,1790
13892,2161,7,1727,1790
13893,2162,1,833,1354
13894,2162,2,80,1354
13895,2162,3,363,1354
13896,2162,4,52,1354
13897,2162,5,26,1354
13898,2162,6,174,1354
13899,2162,7,1180,1354
13900,2163,1,12,31
13901,2163,3,13,31
13902,2163,4,4,31
13903,2163,5,2,31
13904,2163,6,4,31
13905,2163,7,27,31
13906,2164,1,56,123
13907,2164,2,7,123
13908,2164,3,48,123
13909,2164,4,10,123
13910,2164,5,2,123
13911,2164,6,18,123
13912,2164,7,105,123
13913,2165,1,293,440
13914,2165,2,8,440
13915,2165,3,124,440
13916,2165,4,11,440
13917,2165,5,4,440
13918,2165,6,106,440
13919,2165,7,334,440
13920,2166,1,297,348
13921,2166,3,38,348
13922,2166,4,13,348
13923,2166,6,152,348
13924,2166,7,196,348
13925,2167,1,39,58
13926,2167,2,1,58
13927,2167,3,16,58
13928,2167,4,2,58
13929,2167,6,3,58
13930,2167,7,55,58
13931,2168,1,5,61
13932,2168,2,11,61
13933,2168,3,16,61
13934,2168,4,21,61
13935,2168,5,8,61
13936,2168,6,45,61
13937,2168,7,16,61
13938,2169,1,266,660
13939,2169,2,21,660
13940,2169,3,300,660
13941,2169,4,65,660
13942,2169,5,8,660
13943,2169,6,44,660
13944,2169,7,616,660
13945,2170,1,322,382
13946,2170,2,3,382
13947,2170,3,50,382
13948,2170,4,4,382
13949,2170,5,3,382
13950,2170,6,42,382
13951,2170,7,340,382
13952,2171,1,366,795
13953,2171,2,124,795
13954,2171,3,156,795
13955,2171,4,71,795
13956,2171,5,78,795
13957,2171,6,54,795
13958,2171,7,741,795
13959,2172,1,32,67
13960,2172,3,8,67
13961,2172,4,23,67
13962,2172,5,4,67
13963,2172,6,18,67
13964,2172,7,49,67
13965,2173,1,158,181
13966,2173,3,23,181
13967,2173,6,18,181
13968,2173,7,163,181
13969,2174,1,269,1118
13970,2174,2,129,1118
13971,2174,3,495,1118
13972,2174,4,182,1118
13973,2174,5,43,1118
13974,2174,6,29,1118
13975,2174,7,1089,1118
13976,2175,1,41,51
13977,2175,3,10,51
13978,2175,6,3,51
13979,2175,7,48,51
13980,2176,1,3,28
13981,2176,2,3,28
13982,2176,3,3,28
13983,2176,4,15,28
13984,2176,5,4,28
13985,2176,6,15,28
13986,2176,7,13,28
13987,2177,1,33,38
13988,2177,3,5,38
13989,2177,6,15,38
13990,2177,7,23,38
13991,2178,1,302,494
13992,2178,2,29,494
13993,2178,3,131,494
13994,2178,4,32,494
13995,2178,6,27,494
13996,2178,7,467,494
13997,2179,1,519,1570
13998,2179,2,71,1570
13999,2179,3,860,1570
14000,2179,4,93,1570
14001,2179,5,27,1570
14002,2179,6,53,1570
14003,2179,7,1517,1570
14004,2180,1,23,45
14005,2180,2,2,45
14006,2180,3,17,45
14007,2180,4,2,45
14008,2180,5,1,45
14009,2180,7,45,45
14010,2181,1,594,1403
14011,2181,2,51,1403
14012,2181,3,631,1403
14013,2181,4,72,1403
14014,2181,5,55,1403
14015,2181,6,32,1403
14016,2181,7,1371,1403
14017,2182,1,12,27
14018,2182,2,4,27
14019,2182,3,7,27
14020,2182,4,1,27
14021,2182,5,3,27
14022,2182,6,5,27
14023,2182,7,22,27
14024,2183,1,4,11
14025,2183,2,2,11
14026,2183,3,5,11
14027,2183,6,5,11
14028,2183,7,6,11
14029,2184,1,18,46
14030,2184,2,3,46
14031,2184,3,19,46
14032,2184,4,3,46
14033,2184,5,3,46
14034,2184,6,6,46
14035,2184,7,40,46
14036,2185,1,332,1177
14037,2185,2,194,1177
14038,2185,3,377,1177
14039,2185,4,149,1177
14040,2185,5,125,1177
14041,2185,6,57,1177
14042,2185,7,1120,1177
14043,2186,1,5,14
14044,2186,2,1,14
14045,2186,3,8,14
14046,2186,6,1,14
14047,2186,7,13,14
14048,2187,1,171,353
14049,2187,2,3,353
14050,2187,3,129,353
14051,2187,4,26,353
14052,2187,5,24,353
14053,2187,6,62,353
14054,2187,7,291,353
14055,2188,1,270,448
14056,2188,2,31,448
14057,2188,3,88,448
14058,2188,4,11,448
14059,2188,5,48,448
14060,2188,6,22,448
14061,2188,7,426,448
14062,2189,1,712,1358
14063,2189,2,26,1358
14064,2189,3,538,1358
14065,2189,4,69,1358
14066,2189,5,13,1358
14067,2189,6,80,1358
14068,2189,7,1278,1358
14069,2190,1,2,32
14070,2190,2,8,32
14071,2190,3,11,32
14072,2190,4,3,32
14073,2190,5,8,32
14074,2190,6,21,32
14075,2190,7,11,32
14076,2191,1,21,48
14077,2191,2,12,48
14078,2191,3,12,48
14079,2191,5,3,48
14080,2191,6,3,48
14081,2191,7,45,48
14082,2192,1,580,652
14083,2192,2,6,652
14084,2192,3,58,652
14085,2192,4,8,652
14086,2192,6,27,652
14087,2192,7,625,652
14088,2193,1,368,498
14089,2193,2,24,498
14090,2193,3,68,498
14091,2193,4,38,498
14092,2193,6,88,498
14093,2193,7,410,498
14094,2194,1,457,600
14095,2194,2,5,600
14096,2194,3,106,600
14097,2194,4,15,600
14098,2194,5,17,600
14099,2194,6,53,600
14100,2194,7,547,600
14101,2195,1,229,377
14102,2195,2,7,377
14103,2195,3,137,377
14104,2195,4,4,377
14105,2195,6,91,377
14106,2195,7,286,377
14107,2196,1,3,33
14108,2196,2,2,33
14109,2196,3,8,33
14110,2196,4,20,33
14111,2196,6,17,33
14112,2196,7,16,33
14113,2197,1,24,61
14114,2197,2,3,61
14115,2197,3,26,61
14116,2197,4,7,61
14117,2197,5,1,61
14118,2197,6,23,61
14119,2197,7,38,61
14120,2198,1,853,1029
14121,2198,2,10,1029
14122,2198,3,143,1029
14123,2198,4,13,1029
14124,2198,5,10,1029
14125,2198,6,20,1029
14126,2198,7,1009,1029
14127,2199,1,5,19
14128,2199,2,1,19
14129,2199,3,6,19
14130,2199,4,3,19
14131,2199,5,4,19
14132,2199,6,3,19
14133,2199,7,16,19
14134,2200,1,3,21
14135,2200,2,3,21
14136,2200,3,7,21
14137,2200,4,6,21
14138,2200,5,2,21
14139,2200,6,9,21
14140,2200,7,12,21
14141,2201,1,709,1094
14142,2201,2,43,1094
14143,2201,3,182,1094
14144,2201,4,42,1094
14145,2201,5,118,1094
14146,2201,6,247,1094
14147,2201,7,847,1094
14148,2202,1,406,436
14149,2202,3,30,436
14150,2202,6,8,436
14151,2202,7,428,436
14152,2203,1,908,1217
14153,2203,2,48,1217
14154,2203,3,217,1217
14155,2203,4,32,1217
14156,2203,5,12,1217
14157,2203,6,24,1217
14158,2203,7,1193,1217
14159,2204,1,428,782
14160,2204,2,30,782
14161,2204,3,214,782
14162,2204,4,80,782
14163,2204,5,30,782
14164,2204,6,61,782
14165,2204,7,721,782
14166,2205,1,84,151
14167,2205,2,3,151
14168,2205,3,61,151
14169,2205,4,2,151
14170,2205,5,1,151
14171,2205,6,21,151
14172,2205,7,130,151
